event_id,customer_id,abandoned_at,cart_value,items_count,device,is_returning_customer,minutes_since_abandon,hour_of_day,session_seconds,reached_payment_page,checkout_errors_logged,payment_attempts_started,true_root_cause,logged_action,logged_recovered,po_do_nothing,po_send_reminder_email,po_send_reminder_whatsapp,po_offer_bounded_discount@5,po_offer_bounded_discount@10
cart_000000,cust_000036,2026-03-20T21:07:00,14284.45,1,mobile,False,180,21,370,True,0,0,technical_friction,offer_bounded_discount@5,True,False,False,True,True,False
cart_000001,cust_000909,2026-04-09T15:39:00,4092.05,2,mobile,False,10,15,305,False,0,0,price_sensitivity,offer_bounded_discount@5,True,False,False,False,True,False
cart_000002,cust_000119,2026-04-23T13:40:00,6884.18,1,tablet,False,1440,13,430,False,0,0,high_cart_hesitation,send_reminder_whatsapp,False,False,False,False,False,False
cart_000003,cust_001219,2026-03-17T01:21:00,1076.44,3,mobile,True,30,1,285,False,0,0,price_sensitivity,offer_bounded_discount@5,True,False,False,True,True,True
cart_000004,cust_000214,2026-03-14T18:21:00,1968.99,3,mobile,True,720,18,223,True,0,0,price_sensitivity,offer_bounded_discount@10,True,False,True,False,True,True
cart_000005,cust_000475,2026-04-19T09:00:00,8037.37,1,mobile,True,10,9,593,True,2,2,technical_friction,send_reminder_whatsapp,True,True,True,True,True,True
cart_000006,cust_001104,2026-07-03T20:44:00,6495.83,6,mobile,True,180,20,560,True,3,0,technical_friction,offer_bounded_discount@10,False,False,False,False,False,False
cart_000007,cust_001354,2026-02-18T01:10:00,4800.61,2,mobile,True,10,1,821,True,0,0,high_cart_hesitation,offer_bounded_discount@5,False,False,False,True,False,False
cart_000008,cust_001166,2026-06-25T18:57:00,2347.85,5,mobile,True,30,18,147,True,1,2,technical_friction,do_nothing,False,False,True,True,True,True
cart_000009,cust_000994,2026-05-17T14:04:00,7055.71,1,mobile,False,1440,14,667,True,0,0,high_cart_hesitation,offer_bounded_discount@10,False,False,False,False,False,False
cart_000010,cust_001006,2026-03-26T21:22:00,14084.76,1,mobile,True,30,21,637,False,0,0,high_cart_hesitation,send_reminder_whatsapp,False,False,False,False,False,False
cart_000011,cust_000635,2026-05-06T19:11:00,16699.02,1,mobile,True,60,19,567,True,0,0,high_cart_hesitation,do_nothing,False,False,False,False,False,False
cart_000012,cust_001043,2026-01-14T13:38:00,13337.88,5,mobile,False,180,13,338,False,0,0,comparison_shopping,offer_bounded_discount@10,False,False,False,True,True,False
cart_000013,cust_001406,2026-03-04T10:19:00,1360.11,1,tablet,True,60,10,267,True,0,0,price_sensitivity,send_reminder_email,True,False,True,False,True,True
cart_000014,cust_000566,2026-01-04T15:36:00,9879.43,1,mobile,True,180,15,350,False,1,1,high_cart_hesitation,send_reminder_whatsapp,True,False,False,True,False,False
cart_000015,cust_000904,2026-07-20T19:56:00,1870.25,1,mobile,True,180,19,128,False,0,0,price_sensitivity,offer_bounded_discount@5,False,False,False,False,False,False
cart_000016,cust_000731,2026-01-06T02:06:00,1330.05,2,mobile,True,1440,2,396,True,2,2,technical_friction,send_reminder_whatsapp,False,False,False,False,True,False
cart_000017,cust_000523,2026-05-28T17:07:00,18028.13,3,mobile,True,1440,17,467,True,0,1,technical_friction,offer_bounded_discount@5,True,False,True,True,True,True
cart_000018,cust_001498,2026-01-26T23:04:00,728.95,1,mobile,True,1440,23,164,False,0,0,price_sensitivity,send_reminder_whatsapp,False,False,False,False,True,True
cart_000019,cust_000909,2026-03-25T11:45:00,2443.77,1,mobile,True,720,11,431,True,1,0,technical_friction,send_reminder_email,True,True,True,True,True,True
cart_000020,cust_000842,2026-02-08T13:06:00,7986.9,2,mobile,True,180,13,384,True,0,0,high_cart_hesitation,offer_bounded_discount@5,False,False,True,True,False,True
cart_000021,cust_000385,2026-07-07T19:34:00,7253.16,2,desktop,True,30,19,377,False,0,0,comparison_shopping,offer_bounded_discount@5,True,False,True,False,True,True
cart_000022,cust_000321,2026-07-13T15:29:00,641.9,2,mobile,False,60,15,491,True,2,2,technical_friction,do_nothing,False,False,False,True,False,False
cart_000023,cust_000039,2026-01-14T16:13:00,1060.75,4,mobile,True,720,16,270,True,0,0,price_sensitivity,do_nothing,True,True,True,True,True,True
cart_000024,cust_000599,2026-04-19T12:58:00,6746.79,3,mobile,True,30,12,577,True,1,2,technical_friction,do_nothing,False,False,True,True,False,False
cart_000025,cust_000492,2026-05-07T18:24:00,34028.28,1,desktop,False,180,18,833,True,0,0,high_cart_hesitation,send_reminder_email,False,False,False,True,False,True
cart_000026,cust_001151,2026-01-15T18:55:00,5966.22,4,mobile,True,60,18,357,True,1,0,technical_friction,send_reminder_email,True,False,True,True,False,False
cart_000027,cust_000986,2026-03-28T23:25:00,4738.85,1,mobile,True,10,23,235,False,0,0,price_sensitivity,send_reminder_whatsapp,False,False,False,False,True,False
cart_000028,cust_000569,2026-07-14T10:35:00,14064.62,1,mobile,False,180,10,406,False,0,0,high_cart_hesitation,send_reminder_email,False,False,False,True,False,True
cart_000029,cust_001068,2026-04-05T13:25:00,2954.07,3,tablet,False,10,13,337,False,1,1,technical_friction,send_reminder_email,True,True,True,True,True,True
cart_000030,cust_000353,2026-06-24T05:52:00,517.99,2,mobile,True,30,5,191,True,0,0,price_sensitivity,do_nothing,False,False,True,True,True,True
cart_000031,cust_000869,2026-02-18T12:42:00,2022.2,4,mobile,True,10,12,350,False,0,0,comparison_shopping,offer_bounded_discount@10,True,False,True,True,True,True
cart_000032,cust_000476,2026-02-09T05:03:00,3625.42,2,desktop,False,30,5,855,False,0,0,comparison_shopping,offer_bounded_discount@5,False,False,False,False,False,False
cart_000033,cust_000986,2026-03-31T17:39:00,4889.43,4,mobile,True,180,17,410,False,0,0,comparison_shopping,offer_bounded_discount@10,True,True,True,False,False,True
cart_000034,cust_000992,2026-03-09T05:51:00,11940.87,5,mobile,False,60,5,397,False,0,0,comparison_shopping,offer_bounded_discount@5,False,False,False,False,False,False
cart_000035,cust_001240,2026-03-27T10:45:00,777.96,1,mobile,True,60,10,289,False,0,0,price_sensitivity,send_reminder_whatsapp,True,False,True,True,True,True
cart_000036,cust_000179,2026-05-02T06:22:00,3253.16,4,mobile,True,1440,6,727,True,1,2,technical_friction,do_nothing,False,False,False,True,True,False
cart_000037,cust_000407,2026-04-08T03:01:00,6668.93,5,mobile,True,10,3,668,False,0,0,comparison_shopping,do_nothing,False,False,False,True,False,True
cart_000038,cust_000149,2026-05-11T09:10:00,60272.84,3,desktop,True,720,9,495,False,0,0,high_cart_hesitation,offer_bounded_discount@5,False,True,False,True,False,False
cart_000039,cust_001085,2026-03-09T19:15:00,9265.14,1,mobile,False,10,19,704,True,3,1,technical_friction,offer_bounded_discount@10,True,False,False,True,True,True
cart_000040,cust_000485,2026-02-10T09:41:00,1644.44,4,mobile,False,10,9,187,True,0,0,price_sensitivity,offer_bounded_discount@5,True,False,False,False,True,False
cart_000041,cust_000877,2026-01-30T23:36:00,3506.42,3,desktop,True,10,23,312,True,0,0,comparison_shopping,do_nothing,False,False,False,False,False,False
cart_000042,cust_000266,2026-01-01T22:52:00,594.16,4,mobile,False,60,22,214,False,0,0,price_sensitivity,offer_bounded_discount@5,True,False,True,False,True,True
cart_000043,cust_000140,2026-01-14T00:02:00,3011.44,4,desktop,True,30,0,267,True,0,0,comparison_shopping,offer_bounded_discount@5,True,False,True,True,True,False
cart_000044,cust_000858,2026-05-15T21:57:00,1606.66,3,mobile,True,180,21,422,False,0,0,comparison_shopping,do_nothing,False,False,False,False,False,False
cart_000045,cust_000540,2026-01-25T07:34:00,4745.71,1,mobile,True,60,7,575,False,0,0,comparison_shopping,send_reminder_whatsapp,False,False,False,False,False,False
cart_000046,cust_001444,2026-05-21T21:31:00,26436.76,1,mobile,True,10,21,563,True,1,0,high_cart_hesitation,offer_bounded_discount@10,False,True,True,False,True,False
cart_000047,cust_001460,2026-05-05T14:12:00,3734.76,5,mobile,True,180,14,179,False,0,0,comparison_shopping,send_reminder_whatsapp,True,False,False,True,False,False
cart_000048,cust_000997,2026-01-27T09:12:00,387.56,3,desktop,True,10,9,161,False,0,0,price_sensitivity,offer_bounded_discount@10,True,True,True,True,True,True
cart_000049,cust_000630,2026-05-09T09:06:00,12117.24,3,desktop,True,30,9,671,True,0,0,high_cart_hesitation,offer_bounded_discount@5,False,False,False,True,False,False
cart_000050,cust_001074,2026-01-09T02:18:00,4502.35,3,desktop,False,180,2,692,True,1,1,technical_friction,do_nothing,False,False,True,False,True,True
cart_000051,cust_000943,2026-02-09T06:11:00,8209.12,1,mobile,True,60,6,707,True,0,1,high_cart_hesitation,offer_bounded_discount@10,False,False,False,False,False,False
cart_000052,cust_001047,2026-05-17T19:37:00,6829.75,2,desktop,True,1440,19,593,True,1,1,technical_friction,send_reminder_email,False,False,False,True,True,True
cart_000053,cust_000184,2026-04-18T14:43:00,2325.14,1,mobile,True,10,14,324,True,2,1,technical_friction,send_reminder_whatsapp,True,False,True,True,True,True
cart_000054,cust_000137,2026-06-26T13:13:00,2305.88,4,mobile,True,60,13,73,False,0,0,comparison_shopping,send_reminder_email,False,False,False,False,False,False
cart_000055,cust_001171,2026-03-27T13:09:00,389.43,1,mobile,False,30,13,309,True,0,0,price_sensitivity,offer_bounded_discount@5,False,False,False,False,False,False
cart_000056,cust_001007,2026-03-17T12:20:00,19120.61,1,mobile,True,180,12,979,False,0,0,high_cart_hesitation,send_reminder_whatsapp,False,False,False,False,False,False
cart_000057,cust_001280,2026-03-18T07:45:00,1382.45,2,mobile,True,720,7,293,False,0,0,comparison_shopping,send_reminder_whatsapp,True,True,True,True,False,False
cart_000058,cust_001464,2026-02-11T10:27:00,38878.13,1,tablet,True,60,10,692,False,1,0,high_cart_hesitation,offer_bounded_discount@10,False,False,False,True,False,False
cart_000059,cust_001037,2026-06-05T20:02:00,1548.23,2,mobile,True,60,20,825,False,0,0,comparison_shopping,send_reminder_email,False,False,False,True,True,False
cart_000060,cust_001103,2026-06-16T13:05:00,36832.08,1,mobile,True,10,13,321,False,0,0,high_cart_hesitation,send_reminder_whatsapp,False,False,True,False,True,False
cart_000061,cust_001381,2026-02-20T22:48:00,584.04,1,mobile,True,60,22,343,True,0,0,price_sensitivity,send_reminder_whatsapp,False,False,False,False,False,False
cart_000062,cust_001181,2026-01-25T02:29:00,2064.05,4,mobile,True,720,2,230,True,0,0,price_sensitivity,send_reminder_whatsapp,True,False,False,True,False,True
cart_000063,cust_000076,2026-02-03T21:31:00,14161.43,3,mobile,True,60,21,193,True,1,1,technical_friction,do_nothing,True,True,True,True,True,True
cart_000064,cust_000015,2026-06-16T03:19:00,10943.62,3,mobile,False,10,3,567,True,1,0,high_cart_hesitation,send_reminder_whatsapp,True,False,False,True,False,False
cart_000065,cust_001114,2026-05-10T00:37:00,2335.2,3,mobile,True,180,0,1161,True,0,0,comparison_shopping,send_reminder_whatsapp,False,True,True,False,True,True
cart_000066,cust_001408,2026-06-16T05:22:00,1313.7,3,mobile,True,180,5,186,False,0,0,price_sensitivity,offer_bounded_discount@10,False,False,True,False,False,False
cart_000067,cust_000464,2026-04-10T03:11:00,2679.08,2,tablet,False,60,3,339,True,3,2,technical_friction,do_nothing,True,True,False,True,False,False
cart_000068,cust_000280,2026-01-10T17:03:00,4071.4,6,mobile,True,10,17,567,True,0,0,comparison_shopping,offer_bounded_discount@10,True,True,True,True,True,True
cart_000069,cust_000244,2026-01-05T17:51:00,11464.0,1,tablet,True,30,17,261,True,0,0,high_cart_hesitation,send_reminder_whatsapp,False,True,False,False,True,True
cart_000070,cust_001352,2026-06-22T21:27:00,3674.32,6,mobile,False,720,21,426,True,0,2,technical_friction,offer_bounded_discount@10,True,False,True,False,False,True
cart_000071,cust_000182,2026-05-28T14:24:00,6363.2,2,mobile,True,180,14,508,True,1,2,technical_friction,send_reminder_whatsapp,True,True,True,True,True,True
cart_000072,cust_000735,2026-05-20T17:48:00,596.03,3,desktop,True,10,17,156,False,0,0,price_sensitivity,offer_bounded_discount@10,False,False,False,False,False,False
cart_000073,cust_001302,2026-01-30T19:18:00,1370.56,2,desktop,True,10,19,585,False,0,0,comparison_shopping,offer_bounded_discount@5,False,False,False,True,False,False
cart_000074,cust_001144,2026-03-28T09:54:00,11303.67,1,desktop,True,180,9,613,True,0,0,high_cart_hesitation,offer_bounded_discount@10,False,False,False,False,False,False
cart_000075,cust_001005,2026-04-23T12:08:00,5992.69,2,mobile,False,1440,12,257,False,1,0,price_sensitivity,send_reminder_whatsapp,True,False,False,True,False,False
cart_000076,cust_001227,2026-03-05T11:46:00,1599.46,5,mobile,True,720,11,324,True,1,0,technical_friction,send_reminder_email,True,True,True,False,True,False
cart_000077,cust_000536,2026-06-20T04:37:00,9245.35,1,desktop,True,60,4,480,False,0,0,high_cart_hesitation,offer_bounded_discount@10,False,False,False,False,False,False
cart_000078,cust_000762,2026-05-07T03:37:00,21770.53,2,desktop,True,30,3,191,False,0,0,high_cart_hesitation,do_nothing,False,False,False,True,False,False
cart_000079,cust_000327,2026-06-22T16:20:00,1567.04,1,mobile,True,180,16,224,False,0,0,price_sensitivity,send_reminder_whatsapp,False,False,False,False,False,True
cart_000080,cust_000465,2026-06-07T10:13:00,670.5,4,mobile,True,30,10,242,False,0,0,price_sensitivity,offer_bounded_discount@5,True,False,False,False,True,True
cart_000081,cust_000849,2026-05-11T18:52:00,10050.83,2,mobile,True,10,18,239,False,0,0,comparison_shopping,send_reminder_email,True,False,True,True,True,True
cart_000082,cust_000161,2026-04-14T19:14:00,5818.23,1,mobile,False,720,19,537,True,2,1,technical_friction,offer_bounded_discount@10,False,False,False,True,False,False
cart_000083,cust_001427,2026-02-01T06:56:00,2931.19,4,mobile,False,30,6,411,False,1,0,comparison_shopping,offer_bounded_discount@5,False,True,False,False,False,True
cart_000084,cust_001043,2026-06-08T17:44:00,3698.28,2,mobile,True,180,17,582,False,0,0,high_cart_hesitation,offer_bounded_discount@5,True,False,False,True,True,True
cart_000085,cust_000074,2026-05-21T08:20:00,1948.58,2,mobile,True,720,8,294,True,0,0,comparison_shopping,send_reminder_email,True,False,True,True,False,False
cart_000086,cust_000514,2026-01-07T03:15:00,676.62,3,desktop,True,180,3,234,False,0,0,price_sensitivity,offer_bounded_discount@5,True,False,False,False,True,False
cart_000087,cust_000174,2026-02-13T02:50:00,1285.49,1,desktop,True,60,2,516,False,3,1,technical_friction,offer_bounded_discount@10,False,False,True,False,False,False
cart_000088,cust_000955,2026-04-15T03:08:00,14183.15,1,mobile,False,180,3,727,True,2,2,technical_friction,offer_bounded_discount@10,True,False,True,True,True,True
cart_000089,cust_000317,2026-03-06T11:05:00,1795.67,1,mobile,True,720,11,753,False,0,0,comparison_shopping,offer_bounded_discount@5,True,False,True,False,True,False
cart_000090,cust_000997,2026-07-13T19:38:00,2869.13,4,mobile,True,10,19,344,False,0,0,price_sensitivity,send_reminder_email,False,False,False,False,True,True
cart_000091,cust_000371,2026-04-01T03:11:00,6394.88,5,mobile,True,1440,3,305,False,0,0,comparison_shopping,do_nothing,False,False,False,False,False,True
cart_000092,cust_000142,2026-01-14T16:11:00,1205.79,1,desktop,True,1440,16,91,False,0,0,price_sensitivity,offer_bounded_discount@5,True,False,False,True,True,True
cart_000093,cust_000393,2026-06-01T03:52:00,12484.36,3,desktop,True,720,3,417,True,3,2,technical_friction,offer_bounded_discount@5,False,False,False,False,False,False
cart_000094,cust_000920,2026-06-14T00:17:00,2065.26,3,mobile,False,30,0,147,False,0,0,price_sensitivity,send_reminder_whatsapp,False,False,False,False,True,True
cart_000095,cust_000892,2026-01-08T17:14:00,3614.09,4,desktop,False,10,17,419,True,2,1,technical_friction,send_reminder_whatsapp,True,True,True,True,True,True
cart_000096,cust_000364,2026-07-15T15:54:00,465.12,1,desktop,True,60,15,102,False,0,0,price_sensitivity,send_reminder_email,True,False,True,False,False,False
cart_000097,cust_000087,2026-06-20T11:24:00,1101.13,5,mobile,True,720,11,209,False,0,0,price_sensitivity,do_nothing,False,False,False,False,False,True
cart_000098,cust_001290,2026-06-24T04:49:00,1489.34,7,mobile,True,60,4,181,False,0,0,price_sensitivity,send_reminder_whatsapp,True,False,False,True,True,True
cart_000099,cust_000194,2026-06-08T01:04:00,10218.01,2,mobile,True,60,1,874,False,0,0,high_cart_hesitation,offer_bounded_discount@5,False,False,False,False,False,False
cart_000100,cust_001493,2026-07-20T10:07:00,772.06,6,mobile,False,10,10,206,False,0,0,price_sensitivity,offer_bounded_discount@10,False,False,False,False,True,False
cart_000101,cust_000369,2026-02-04T21:13:00,4290.76,3,desktop,True,1440,21,723,False,1,0,high_cart_hesitation,offer_bounded_discount@10,False,False,False,False,False,False
cart_000102,cust_000392,2026-07-04T16:54:00,4624.5,1,tablet,True,180,16,336,True,0,0,price_sensitivity,send_reminder_email,False,False,False,False,False,False
cart_000103,cust_000161,2026-05-31T21:13:00,7729.52,1,mobile,True,720,21,650,False,0,0,high_cart_hesitation,do_nothing,False,False,False,False,False,False
cart_000104,cust_000173,2026-05-20T12:33:00,4115.7,2,mobile,True,10,12,408,True,0,0,technical_friction,send_reminder_email,True,False,True,True,True,True
cart_000105,cust_000693,2026-05-22T08:18:00,3985.63,2,mobile,True,180,8,497,False,0,0,comparison_shopping,offer_bounded_discount@10,True,True,True,False,False,True
cart_000106,cust_000173,2026-07-03T20:19:00,3928.6,2,mobile,True,10,20,214,True,1,0,price_sensitivity,send_reminder_whatsapp,True,False,False,True,True,True
cart_000107,cust_001291,2026-07-04T18:01:00,7217.26,2,mobile,False,30,18,589,False,0,0,high_cart_hesitation,send_reminder_whatsapp,False,False,False,False,False,False
cart_000108,cust_001311,2026-03-14T21:40:00,21653.28,3,mobile,True,1440,21,841,True,0,0,high_cart_hesitation,offer_bounded_discount@5,False,False,False,False,False,False
cart_000109,cust_001234,2026-04-12T22:25:00,22909.19,2,mobile,False,60,22,738,True,0,0,high_cart_hesitation,offer_bounded_discount@10,False,False,False,False,False,False
cart_000110,cust_000310,2026-04-06T22:12:00,7398.71,3,desktop,True,10,22,275,True,0,0,price_sensitivity,offer_bounded_discount@10,True,False,True,True,True,True
cart_000111,cust_001220,2026-03-20T04:43:00,853.24,6,desktop,True,180,4,182,True,0,0,price_sensitivity,offer_bounded_discount@5,False,False,False,False,False,False
cart_000112,cust_001104,2026-01-28T03:51:00,3524.46,3,mobile,True,1440,3,20,True,2,1,technical_friction,offer_bounded_discount@10,True,False,False,True,False,True
cart_000113,cust_000908,2026-05-16T09:27:00,12168.91,1,mobile,True,10,9,1249,True,0,1,high_cart_hesitation,offer_bounded_discount@5,False,False,False,False,False,False
cart_000114,cust_000917,2026-02-12T03:43:00,10524.13,2,desktop,True,180,3,960,True,0,0,high_cart_hesitation,offer_bounded_discount@10,False,True,False,True,True,False
cart_000115,cust_000155,2026-02-18T09:07:00,3037.23,1,desktop,True,30,9,759,True,0,0,high_cart_hesitation,offer_bounded_discount@10,True,True,False,True,True,True
cart_000116,cust_000539,2026-02-27T12:52:00,9357.66,3,mobile,False,180,12,136,False,0,0,high_cart_hesitation,send_reminder_email,False,False,False,False,False,False
cart_000117,cust_001046,2026-03-31T07:25:00,3519.92,1,desktop,True,180,7,677,True,3,2,technical_friction,do_nothing,False,False,False,False,False,False
cart_000118,cust_000977,2026-07-12T10:46:00,1349.11,2,mobile,True,180,10,642,False,0,0,comparison_shopping,do_nothing,False,False,False,False,False,False
cart_000119,cust_000723,2026-04-25T22:38:00,440.65,3,desktop,True,60,22,908,False,0,0,comparison_shopping,send_reminder_whatsapp,False,False,True,False,True,False
cart_000120,cust_000082,2026-02-04T22:00:00,1138.4,3,mobile,True,1440,22,469,True,3,1,technical_friction,offer_bounded_discount@5,True,False,True,True,True,True
cart_000121,cust_001251,2026-02-06T15:29:00,9534.83,1,desktop,True,30,15,592,True,1,1,technical_friction,send_reminder_email,False,False,False,True,True,True
cart_000122,cust_000343,2026-06-23T18:40:00,15181.28,1,mobile,True,180,18,653,True,0,0,high_cart_hesitation,offer_bounded_discount@5,True,True,False,False,True,False
cart_000123,cust_001289,2026-04-25T14:23:00,12712.22,1,desktop,True,180,14,699,False,0,0,high_cart_hesitation,do_nothing,False,False,False,False,False,False
cart_000124,cust_000336,2026-05-06T11:09:00,14924.37,1,mobile,False,60,11,217,True,0,0,high_cart_hesitation,do_nothing,False,False,False,False,False,False
cart_000125,cust_000109,2026-06-18T03:39:00,905.88,1,mobile,True,720,3,188,True,0,0,price_sensitivity,offer_bounded_discount@10,True,False,False,False,False,True
cart_000126,cust_000745,2026-02-06T13:15:00,2977.33,1,mobile,True,30,13,120,False,0,2,technical_friction,offer_bounded_discount@5,True,False,True,True,True,True
cart_000127,cust_000556,2026-02-11T21:50:00,3762.11,4,desktop,True,30,21,294,False,0,0,comparison_shopping,do_nothing,False,False,False,True,False,False
cart_000128,cust_000735,2026-04-30T07:00:00,11470.13,1,mobile,True,1440,7,744,False,0,0,high_cart_hesitation,offer_bounded_discount@5,False,False,False,False,False,False
cart_000129,cust_001102,2026-06-09T14:17:00,7759.19,2,mobile,False,180,14,493,True,0,0,high_cart_hesitation,offer_bounded_discount@10,False,False,False,False,True,False
cart_000130,cust_000935,2026-07-14T17:31:00,3765.26,1,desktop,False,60,17,524,True,0,0,comparison_shopping,offer_bounded_discount@10,False,False,False,False,False,False
cart_000131,cust_001172,2026-04-14T03:07:00,833.59,2,desktop,True,60,3,138,False,0,0,price_sensitivity,send_reminder_whatsapp,False,True,True,False,True,True
cart_000132,cust_000096,2026-06-26T20:33:00,8062.43,1,mobile,True,180,20,398,True,1,1,technical_friction,do_nothing,False,False,True,True,True,False
cart_000133,cust_001401,2026-01-21T23:24:00,1447.95,2,desktop,False,10,23,264,False,0,0,price_sensitivity,do_nothing,False,False,False,True,True,True
cart_000134,cust_000126,2026-02-17T02:27:00,12059.81,1,desktop,False,720,2,741,False,0,0,high_cart_hesitation,offer_bounded_discount@5,False,False,False,False,False,False
cart_000135,cust_000016,2026-03-22T21:44:00,13179.91,1,desktop,True,60,21,818,True,0,1,high_cart_hesitation,send_reminder_whatsapp,False,False,False,False,False,True
cart_000136,cust_001474,2026-02-10T14:59:00,14715.99,3,mobile,False,180,14,781,True,0,0,high_cart_hesitation,do_nothing,False,False,False,False,False,True
cart_000137,cust_000796,2026-06-08T14:41:00,4595.24,2,mobile,True,60,14,573,True,1,1,technical_friction,do_nothing,True,True,True,True,True,True
cart_000138,cust_000769,2026-01-27T11:22:00,2327.24,1,desktop,True,720,11,588,False,0,0,comparison_shopping,send_reminder_email,False,False,False,False,False,False
cart_000139,cust_000783,2026-04-09T07:29:00,23152.74,3,mobile,True,60,7,938,False,0,0,high_cart_hesitation,send_reminder_whatsapp,False,False,False,False,False,False
cart_000140,cust_000465,2026-05-02T03:55:00,757.44,3,mobile,True,30,3,166,True,0,0,price_sensitivity,send_reminder_email,False,False,False,False,False,True
cart_000141,cust_000437,2026-05-14T08:01:00,3287.93,3,desktop,False,60,8,73,True,0,0,price_sensitivity,do_nothing,False,False,True,False,True,False
cart_000142,cust_000479,2026-02-26T00:31:00,5434.01,5,mobile,False,180,0,717,False,0,0,comparison_shopping,send_reminder_email,False,False,False,False,False,False
cart_000143,cust_000024,2026-05-07T08:17:00,853.4,3,desktop,True,60,8,203,False,0,0,price_sensitivity,do_nothing,False,False,False,False,False,True
cart_000144,cust_000066,2026-03-02T15:15:00,6036.46,2,mobile,False,10,15,290,False,0,0,comparison_shopping,do_nothing,True,True,True,True,False,True
cart_000145,cust_000890,2026-05-05T09:47:00,27295.03,1,mobile,True,60,9,699,False,0,0,high_cart_hesitation,send_reminder_whatsapp,False,False,True,False,False,False
cart_000146,cust_000100,2026-04-17T00:25:00,3546.8,5,mobile,True,10,0,208,False,0,0,comparison_shopping,send_reminder_email,False,False,False,False,False,True
cart_000147,cust_001183,2026-03-05T11:25:00,598.98,5,tablet,False,60,11,32,True,0,0,price_sensitivity,do_nothing,False,False,False,False,False,True
cart_000148,cust_000226,2026-03-16T02:49:00,18814.05,2,mobile,True,180,2,40,True,0,0,high_cart_hesitation,offer_bounded_discount@5,False,False,False,False,False,False
cart_000149,cust_000891,2026-02-13T09:04:00,5139.66,1,mobile,True,10,9,295,True,2,2,technical_friction,send_reminder_email,True,False,True,True,True,False
cart_000150,cust_001120,2026-01-13T04:20:00,3798.79,3,mobile,False,720,4,563,True,3,0,technical_friction,send_reminder_whatsapp,True,True,True,True,True,True
cart_000151,cust_000157,2026-02-25T12:39:00,9974.47,4,mobile,True,180,12,773,False,0,0,comparison_shopping,send_reminder_email,False,False,False,False,False,False
cart_000152,cust_000573,2026-01-05T18:17:00,9104.57,6,desktop,True,30,18,195,True,0,0,comparison_shopping,offer_bounded_discount@5,False,False,True,True,False,True
cart_000153,cust_001008,2026-02-23T01:25:00,5911.95,1,mobile,True,180,1,434,True,1,0,high_cart_hesitation,do_nothing,True,True,False,False,False,False
cart_000154,cust_000097,2026-01-11T06:55:00,1862.0,1,tablet,True,10,6,489,True,0,2,technical_friction,offer_bounded_discount@10,True,True,True,True,True,True
cart_000155,cust_000568,2026-07-06T02:29:00,12940.51,1,desktop,False,180,2,368,False,0,0,high_cart_hesitation,do_nothing,False,False,False,False,False,False
cart_000156,cust_000689,2026-05-28T06:55:00,15255.74,3,mobile,False,60,6,349,True,2,0,technical_friction,send_reminder_email,True,False,True,False,True,True
cart_000157,cust_000898,2026-02-04T12:13:00,3272.65,2,mobile,True,180,12,199,True,0,0,price_sensitivity,offer_bounded_discount@5,True,True,False,False,True,True
cart_000158,cust_001288,2026-02-25T10:40:00,1684.1,3,mobile,True,1440,10,193,False,0,0,price_sensitivity,do_nothing,False,False,True,True,True,True
cart_000159,cust_000051,2026-02-16T02:33:00,1075.57,5,desktop,True,10,2,47,False,1,0,price_sensitivity,send_reminder_whatsapp,True,True,False,True,True,True
cart_000160,cust_001371,2026-02-26T10:19:00,7130.84,3,mobile,True,180,10,419,False,0,0,comparison_shopping,do_nothing,False,False,False,False,False,False
cart_000161,cust_000462,2026-03-24T12:06:00,2279.41,1,desktop,True,180,12,406,True,1,2,technical_friction,offer_bounded_discount@5,True,False,True,True,True,False
cart_000162,cust_000911,2026-02-17T16:51:00,3478.94,5,desktop,False,30,16,303,False,0,0,comparison_shopping,do_nothing,False,False,True,True,True,True
cart_000163,cust_000034,2026-04-04T22:31:00,4433.5,1,mobile,True,720,22,788,False,0,0,comparison_shopping,offer_bounded_discount@10,False,False,False,False,False,False
cart_000164,cust_000604,2026-04-11T22:23:00,1020.29,3,mobile,False,60,22,291,True,0,0,price_sensitivity,offer_bounded_discount@5,False,True,False,False,False,False
cart_000165,cust_000216,2026-04-06T06:54:00,1904.69,2,desktop,True,1440,6,41,False,0,0,price_sensitivity,send_reminder_whatsapp,False,False,False,False,False,False
cart_000166,cust_000723,2026-06-26T10:19:00,906.67,2,tablet,False,1440,10,145,False,0,0,price_sensitivity,do_nothing,False,False,False,False,False,True
cart_000167,cust_000880,2026-02-23T14:04:00,8481.88,2,mobile,False,180,14,733,True,0,1,high_cart_hesitation,send_reminder_whatsapp,False,False,False,False,True,True
cart_000168,cust_001445,2026-04-23T18:40:00,330.36,1,mobile,True,60,18,213,False,0,0,comparison_shopping,send_reminder_whatsapp,False,False,False,False,True,False
cart_000169,cust_000823,2026-02-28T03:17:00,2871.13,4,mobile,True,180,3,294,True,0,0,price_sensitivity,offer_bounded_discount@10,False,True,True,False,False,False
cart_000170,cust_001355,2026-03-22T05:58:00,1846.99,2,mobile,True,10,5,193,False,0,0,price_sensitivity,send_reminder_whatsapp,True,True,False,True,True,False
cart_000171,cust_001238,2026-01-09T00:06:00,6294.48,1,desktop,True,180,0,662,False,0,0,high_cart_hesitation,send_reminder_email,False,False,False,False,False,False
cart_000172,cust_000698,2026-04-30T06:31:00,2060.06,2,mobile,True,10,6,199,False,0,0,price_sensitivity,offer_bounded_discount@10,False,False,False,False,False,False
cart_000173,cust_000996,2026-07-20T17:00:00,9478.67,3,mobile,True,180,17,476,False,0,0,comparison_shopping,send_reminder_whatsapp,False,False,True,False,True,True
cart_000174,cust_000992,2026-07-01T00:52:00,3704.54,1,desktop,True,180,0,294,True,2,2,technical_friction,send_reminder_email,False,False,False,True,False,True
cart_000175,cust_000624,2026-02-18T00:32:00,4273.76,1,tablet,True,10,0,380,True,1,1,technical_friction,offer_bounded_discount@10,True,True,True,True,True,True
cart_000176,cust_000127,2026-07-20T22:48:00,1275.22,4,desktop,False,180,22,964,False,0,0,comparison_shopping,send_reminder_email,False,False,False,False,True,False
cart_000177,cust_000340,2026-06-19T02:30:00,1562.76,1,mobile,True,60,2,349,False,0,0,comparison_shopping,send_reminder_whatsapp,True,False,False,True,False,False
cart_000178,cust_000009,2026-07-14T02:59:00,4478.15,3,mobile,True,1440,2,342,True,2,2,technical_friction,offer_bounded_discount@10,True,False,True,True,True,True
cart_000179,cust_000095,2026-03-20T07:52:00,1169.84,5,mobile,True,720,7,308,False,0,0,price_sensitivity,do_nothing,False,False,True,False,True,True
cart_000180,cust_000910,2026-06-25T18:27:00,1968.55,5,mobile,True,30,18,637,False,0,0,comparison_shopping,offer_bounded_discount@10,True,False,False,False,True,True
cart_000181,cust_000451,2026-06-03T05:57:00,1429.39,2,desktop,True,720,5,161,True,0,0,price_sensitivity,send_reminder_email,False,False,False,False,True,True
cart_000182,cust_000204,2026-01-13T22:57:00,1585.64,2,desktop,True,60,22,149,False,0,0,price_sensitivity,send_reminder_whatsapp,False,False,False,False,False,False
cart_000183,cust_000331,2026-05-06T16:24:00,9062.71,3,mobile,True,60,16,342,True,1,1,high_cart_hesitation,send_reminder_email,False,False,False,False,True,True
cart_000184,cust_000092,2026-03-11T18:14:00,6923.35,4,mobile,False,180,18,485,True,2,0,technical_friction,send_reminder_whatsapp,True,True,True,True,False,True
cart_000185,cust_001046,2026-06-14T00:52:00,5259.71,6,mobile,True,10,0,486,True,1,1,technical_friction,do_nothing,False,False,False,True,True,False
cart_000186,cust_001339,2026-06-02T01:13:00,5462.54,2,desktop,False,720,1,660,False,0,0,high_cart_hesitation,do_nothing,False,False,False,False,False,False
cart_000187,cust_000422,2026-07-15T09:31:00,5974.55,5,mobile,False,180,9,931,True,0,0,comparison_shopping,do_nothing,False,False,False,False,False,True
cart_000188,cust_000481,2026-03-10T09:28:00,8104.79,1,mobile,False,720,9,408,True,3,1,technical_friction,do_nothing,True,True,True,True,False,False
cart_000189,cust_000536,2026-06-01T18:06:00,5695.69,1,mobile,True,60,18,145,False,0,0,price_sensitivity,offer_bounded_discount@5,False,False,True,False,False,True
cart_000190,cust_001091,2026-06-08T17:17:00,8212.36,2,desktop,False,720,17,418,False,0,0,high_cart_hesitation,do_nothing,False,False,False,False,False,False
cart_000191,cust_000475,2026-06-07T23:12:00,3790.43,2,desktop,False,30,23,314,True,2,2,technical_friction,offer_bounded_discount@5,False,False,False,False,False,True
cart_000192,cust_000606,2026-04-28T01:08:00,3408.56,4,desktop,False,180,1,296,True,0,0,price_sensitivity,offer_bounded_discount@5,False,False,False,False,False,False
cart_000193,cust_000181,2026-02-06T06:59:00,11391.86,2,mobile,False,10,6,439,True,0,0,comparison_shopping,send_reminder_email,False,False,False,True,False,False
cart_000194,cust_001128,2026-04-23T12:34:00,6677.08,3,mobile,False,30,12,172,False,1,0,price_sensitivity,send_reminder_email,False,False,False,False,False,True
cart_000195,cust_000378,2026-05-22T15:28:00,6229.3,1,mobile,True,720,15,741,True,3,1,technical_friction,offer_bounded_discount@5,True,False,True,True,True,True
cart_000196,cust_000967,2026-02-04T12:23:00,13743.53,1,mobile,True,10,12,553,False,1,0,high_cart_hesitation,send_reminder_email,False,False,False,False,False,True
cart_000197,cust_000413,2026-03-29T16:41:00,5491.33,3,mobile,True,30,16,551,False,0,0,comparison_shopping,offer_bounded_discount@5,True,False,False,True,True,False
cart_000198,cust_001153,2026-05-24T18:58:00,9135.74,3,desktop,False,30,18,20,False,0,0,price_sensitivity,do_nothing,False,False,False,False,True,False
cart_000199,cust_001385,2026-06-19T17:34:00,9816.83,2,desktop,True,1440,17,806,False,0,0,high_cart_hesitation,offer_bounded_discount@5,False,False,False,True,False,False
cart_000200,cust_000678,2026-06-03T02:48:00,5959.73,2,mobile,True,720,2,434,True,0,0,comparison_shopping,offer_bounded_discount@5,False,False,False,False,False,True
cart_000201,cust_001258,2026-07-14T22:20:00,15738.44,1,desktop,False,180,22,475,False,0,0,comparison_shopping,do_nothing,False,False,False,False,False,False
cart_000202,cust_001103,2026-06-09T15:01:00,1981.41,3,desktop,True,30,15,373,True,2,2,technical_friction,offer_bounded_discount@10,True,True,True,True,True,True
cart_000203,cust_000783,2026-05-08T11:51:00,12962.0,1,mobile,True,180,11,770,False,0,0,comparison_shopping,offer_bounded_discount@10,False,False,False,False,False,False
cart_000204,cust_001345,2026-03-30T01:27:00,3607.79,1,desktop,True,60,1,779,False,0,0,comparison_shopping,send_reminder_email,True,True,True,True,True,True
cart_000205,cust_001190,2026-02-11T03:07:00,410.41,4,desktop,False,10,3,64,False,0,0,price_sensitivity,offer_bounded_discount@5,True,False,True,True,True,True
cart_000206,cust_001069,2026-01-04T23:08:00,6464.69,2,mobile,False,720,23,225,True,0,0,price_sensitivity,offer_bounded_discount@10,True,False,True,True,True,True
cart_000207,cust_001049,2026-07-10T01:23:00,7575.56,1,tablet,False,60,1,877,False,0,0,comparison_shopping,send_reminder_email,False,False,False,False,True,True
cart_000208,cust_001054,2026-01-09T23:04:00,3756.66,3,mobile,True,720,23,357,False,0,0,comparison_shopping,offer_bounded_discount@10,True,False,True,True,False,True
cart_000209,cust_000523,2026-05-19T10:19:00,1574.42,1,mobile,True,10,10,335,True,1,0,price_sensitivity,offer_bounded_discount@5,True,False,False,False,True,True
cart_000210,cust_000193,2026-04-09T04:40:00,734.66,6,mobile,True,60,4,302,True,0,0,price_sensitivity,do_nothing,False,False,False,True,False,True
cart_000211,cust_001215,2026-07-02T08:58:00,4884.73,1,mobile,True,720,8,275,True,0,0,price_sensitivity,send_reminder_email,True,False,True,False,True,False
cart_000212,cust_000489,2026-05-04T01:40:00,2088.0,1,mobile,True,180,1,396,True,2,2,technical_friction,send_reminder_whatsapp,True,False,True,True,True,True
cart_000213,cust_000189,2026-02-17T17:33:00,1528.29,1,desktop,True,60,17,292,False,0,0,price_sensitivity,offer_bounded_discount@5,False,False,False,False,False,True
cart_000214,cust_000707,2026-03-08T05:35:00,3288.94,1,mobile,True,60,5,468,False,0,0,comparison_shopping,offer_bounded_discount@5,False,False,True,True,False,True
cart_000215,cust_000480,2026-07-08T14:06:00,161.2,2,mobile,True,1440,14,107,False,0,0,price_sensitivity,offer_bounded_discount@5,False,False,False,False,False,False
cart_000216,cust_000592,2026-04-28T03:29:00,5087.99,3,mobile,True,60,3,691,False,0,0,comparison_shopping,offer_bounded_discount@5,True,False,False,False,True,True
cart_000217,cust_001452,2026-03-24T01:23:00,6237.83,5,mobile,True,180,1,715,True,3,2,technical_friction,send_reminder_email,True,False,True,True,True,False
cart_000218,cust_000065,2026-06-17T01:02:00,1566.05,5,mobile,True,10,1,181,True,0,0,price_sensitivity,offer_bounded_discount@5,True,False,False,False,True,False
cart_000219,cust_000966,2026-03-09T10:56:00,14597.89,2,mobile,True,180,10,1127,True,0,0,high_cart_hesitation,send_reminder_whatsapp,True,True,True,True,True,False
cart_000220,cust_000031,2026-05-25T03:46:00,1448.01,1,mobile,True,720,3,426,False,0,0,comparison_shopping,offer_bounded_discount@5,True,False,False,False,True,False
cart_000221,cust_001324,2026-05-06T05:53:00,12998.58,4,mobile,True,60,5,416,True,3,2,technical_friction,do_nothing,False,False,False,True,False,True
cart_000222,cust_000241,2026-05-05T13:45:00,14022.11,4,mobile,False,10,13,320,False,2,1,technical_friction,offer_bounded_discount@10,True,False,True,True,True,True
cart_000223,cust_001012,2026-03-10T02:55:00,3584.65,1,mobile,False,720,2,709,False,0,0,comparison_shopping,send_reminder_email,False,False,False,False,True,False
cart_000224,cust_000926,2026-02-26T06:54:00,1682.75,1,mobile,True,180,6,112,True,0,0,price_sensitivity,do_nothing,False,False,False,False,False,False
cart_000225,cust_001478,2026-07-05T14:34:00,18348.23,2,mobile,True,720,14,642,True,0,0,high_cart_hesitation,offer_bounded_discount@10,True,False,False,False,True,True
cart_000226,cust_000183,2026-06-04T03:00:00,318.45,2,mobile,True,30,3,366,True,2,1,technical_friction,send_reminder_email,True,False,True,True,True,True
cart_000227,cust_000775,2026-07-12T02:45:00,694.56,4,desktop,True,30,2,560,True,1,1,technical_friction,send_reminder_whatsapp,True,False,True,True,True,True
cart_000228,cust_000792,2026-07-11T10:26:00,9562.79,1,mobile,True,180,10,719,True,0,0,high_cart_hesitation,do_nothing,True,True,False,True,False,True
cart_000229,cust_000445,2026-03-25T19:30:00,1024.37,1,desktop,True,1440,19,576,False,1,0,comparison_shopping,send_reminder_whatsapp,False,False,False,False,False,False
cart_000230,cust_000967,2026-02-22T17:56:00,9391.22,2,mobile,False,30,17,264,True,0,0,price_sensitivity,send_reminder_whatsapp,True,False,False,True,True,True
cart_000231,cust_000495,2026-04-05T20:17:00,12897.64,2,mobile,True,60,20,20,False,0,0,comparison_shopping,offer_bounded_discount@5,False,False,True,True,False,True
cart_000232,cust_000904,2026-01-05T21:43:00,2628.54,3,mobile,False,1440,21,386,True,2,1,technical_friction,send_reminder_whatsapp,True,True,True,True,True,True
cart_000233,cust_000620,2026-07-08T04:07:00,15359.09,3,mobile,True,30,4,153,False,0,0,high_cart_hesitation,do_nothing,False,False,True,False,False,False
cart_000234,cust_001022,2026-03-31T01:36:00,1111.12,2,mobile,True,180,1,191,False,1,0,price_sensitivity,offer_bounded_discount@5,True,True,False,False,True,True
cart_000235,cust_001252,2026-03-18T12:11:00,500.11,2,mobile,True,30,12,275,False,1,0,price_sensitivity,send_reminder_whatsapp,False,False,False,False,False,False
cart_000236,cust_000438,2026-01-08T08:51:00,14933.01,1,mobile,True,180,8,745,False,0,0,high_cart_hesitation,do_nothing,False,False,False,False,False,False
cart_000237,cust_000815,2026-05-16T10:52:00,12655.15,2,mobile,False,30,10,995,False,0,0,high_cart_hesitation,offer_bounded_discount@5,False,False,False,False,False,False
cart_000238,cust_001428,2026-04-28T19:19:00,1214.78,3,desktop,False,10,19,340,True,0,0,price_sensitivity,offer_bounded_discount@5,False,False,True,True,False,True
cart_000239,cust_000593,2026-01-18T05:04:00,10060.42,1,desktop,True,30,5,727,True,0,0,high_cart_hesitation,offer_bounded_discount@5,False,False,False,False,False,False
cart_000240,cust_001124,2026-03-05T16:25:00,1901.99,3,desktop,True,1440,16,145,False,0,0,price_sensitivity,offer_bounded_discount@10,True,False,True,True,True,True
cart_000241,cust_001239,2026-03-15T06:49:00,1595.27,2,mobile,True,30,6,207,True,0,0,price_sensitivity,send_reminder_email,False,False,False,False,False,True
cart_000242,cust_000375,2026-03-24T15:01:00,10006.97,2,mobile,True,180,15,904,True,0,0,high_cart_hesitation,do_nothing,False,False,True,True,True,False
cart_000243,cust_000552,2026-03-30T19:05:00,2334.33,4,mobile,False,720,19,246,True,1,2,technical_friction,do_nothing,False,False,False,True,True,True
cart_000244,cust_000891,2026-03-11T21:52:00,2412.32,1,mobile,False,180,21,516,False,2,1,technical_friction,offer_bounded_discount@10,False,False,False,True,False,False
cart_000245,cust_000899,2026-06-21T07:38:00,2345.37,2,mobile,False,720,7,464,True,3,2,technical_friction,offer_bounded_discount@10,True,False,False,True,False,True
cart_000246,cust_000595,2026-04-10T04:29:00,1360.93,1,desktop,True,720,4,189,False,1,0,price_sensitivity,offer_bounded_discount@5,True,False,False,False,True,True
cart_000247,cust_000237,2026-07-05T14:09:00,2715.12,3,mobile,True,180,14,403,False,0,0,comparison_shopping,send_reminder_whatsapp,False,True,False,False,False,False
cart_000248,cust_000337,2026-06-19T08:31:00,1060.14,5,mobile,False,1440,8,312,False,0,0,price_sensitivity,send_reminder_whatsapp,True,False,True,True,False,True
cart_000249,cust_001280,2026-04-14T07:15:00,7897.03,2,desktop,True,10,7,576,True,0,0,high_cart_hesitation,do_nothing,True,True,False,True,True,True
cart_000250,cust_000986,2026-01-04T11:53:00,1531.23,4,mobile,True,10,11,294,True,1,0,price_sensitivity,send_reminder_email,False,False,False,False,True,True
cart_000251,cust_001404,2026-01-20T08:04:00,8826.74,3,mobile,True,180,8,475,True,1,2,technical_friction,do_nothing,True,True,True,True,False,False
cart_000252,cust_001054,2026-04-28T09:17:00,5415.0,2,mobile,True,10,9,716,True,0,0,comparison_shopping,send_reminder_whatsapp,False,False,False,False,False,False
cart_000253,cust_001279,2026-02-28T03:25:00,2310.07,1,mobile,True,10,3,487,True,2,2,technical_friction,offer_bounded_discount@5,False,False,True,True,False,True
cart_000254,cust_001178,2026-05-05T00:13:00,3045.71,6,mobile,True,30,0,61,False,0,0,comparison_shopping,offer_bounded_discount@5,True,False,False,True,True,True
cart_000255,cust_000904,2026-05-03T18:16:00,595.04,2,desktop,True,1440,18,537,True,0,0,comparison_shopping,send_reminder_email,False,False,False,True,False,False
cart_000256,cust_001480,2026-01-19T14:35:00,8704.16,1,mobile,True,60,14,673,False,0,0,high_cart_hesitation,send_reminder_whatsapp,True,False,False,True,False,False
cart_000257,cust_001370,2026-02-13T11:48:00,19508.97,5,mobile,False,180,11,774,False,0,0,comparison_shopping,send_reminder_whatsapp,True,False,False,True,True,True
cart_000258,cust_000625,2026-05-23T12:01:00,1316.8,5,desktop,True,30,12,485,False,0,0,comparison_shopping,do_nothing,True,True,False,True,True,True
cart_000259,cust_001081,2026-02-04T05:02:00,849.57,1,mobile,True,30,5,497,True,1,1,technical_friction,offer_bounded_discount@5,True,False,True,True,True,True
cart_000260,cust_000601,2026-06-18T22:22:00,1689.51,1,mobile,False,10,22,357,True,2,2,technical_friction,send_reminder_email,True,False,True,False,False,False
cart_000261,cust_000635,2026-06-23T12:01:00,10506.66,2,mobile,True,180,12,822,False,0,0,high_cart_hesitation,send_reminder_whatsapp,False,False,False,False,True,False
cart_000262,cust_001400,2026-05-22T21:19:00,1422.29,2,mobile,True,10,21,196,True,0,0,price_sensitivity,send_reminder_whatsapp,False,False,False,False,False,False
cart_000263,cust_001132,2026-03-02T20:01:00,4033.35,3,mobile,False,1440,20,404,True,1,2,technical_friction,offer_bounded_discount@5,True,False,True,False,True,True
cart_000264,cust_001455,2026-06-10T08:11:00,1045.57,3,desktop,False,720,8,231,False,0,0,price_sensitivity,send_reminder_whatsapp,False,False,False,False,True,False
cart_000265,cust_000739,2026-02-26T17:41:00,30607.49,2,tablet,False,60,17,886,True,0,0,high_cart_hesitation,do_nothing,False,False,False,False,True,True
cart_000266,cust_000796,2026-07-04T15:17:00,4352.03,3,desktop,False,720,15,289,True,0,1,technical_friction,offer_bounded_discount@5,True,False,False,True,True,False
cart_000267,cust_000766,2026-05-08T10:02:00,597.85,3,desktop,False,720,10,221,False,1,0,price_sensitivity,send_reminder_email,False,False,False,True,False,True
cart_000268,cust_000502,2026-01-19T21:45:00,837.94,3,mobile,True,10,21,301,True,0,0,price_sensitivity,offer_bounded_discount@10,True,False,True,False,True,True
cart_000269,cust_000731,2026-06-02T04:13:00,675.37,2,mobile,True,60,4,235,False,0,0,price_sensitivity,send_reminder_email,True,False,True,True,False,False
cart_000270,cust_000045,2026-03-25T01:46:00,1264.53,2,desktop,True,10,1,437,False,0,0,comparison_shopping,do_nothing,True,True,True,True,True,True
cart_000271,cust_001489,2026-03-26T19:40:00,649.82,3,mobile,False,1440,19,611,True,0,2,technical_friction,do_nothing,False,False,True,False,False,True
cart_000272,cust_000002,2026-02-16T15:17:00,8492.88,3,mobile,True,10,15,406,False,0,0,high_cart_hesitation,offer_bounded_discount@10,False,False,False,False,False,False
cart_000273,cust_000568,2026-07-01T04:10:00,4511.07,1,mobile,False,720,4,132,False,0,0,price_sensitivity,send_reminder_whatsapp,True,False,False,True,False,False
cart_000274,cust_001236,2026-05-23T13:52:00,13183.38,1,mobile,True,180,13,835,False,0,0,high_cart_hesitation,send_reminder_email,True,True,True,True,True,True
cart_000275,cust_000551,2026-01-16T22:31:00,8710.04,3,desktop,True,180,22,381,False,0,0,comparison_shopping,send_reminder_whatsapp,False,False,False,False,True,False
cart_000276,cust_001140,2026-05-13T15:45:00,4297.08,3,mobile,True,60,15,944,True,0,1,high_cart_hesitation,offer_bounded_discount@10,False,False,False,True,False,False
cart_000277,cust_001351,2026-02-14T17:24:00,17165.3,2,mobile,True,60,17,380,False,0,0,comparison_shopping,send_reminder_email,False,False,False,True,False,False
cart_000278,cust_000160,2026-05-30T22:42:00,11911.83,2,desktop,True,1440,22,598,True,0,1,high_cart_hesitation,offer_bounded_discount@10,False,False,False,False,False,False
cart_000279,cust_000758,2026-05-15T23:18:00,29224.35,1,mobile,True,720,23,638,True,0,0,high_cart_hesitation,offer_bounded_discount@10,False,False,False,False,False,False
cart_000280,cust_000772,2026-01-10T04:35:00,1038.88,3,desktop,True,1440,4,343,True,0,0,price_sensitivity,send_reminder_email,True,False,True,False,False,False
cart_000281,cust_001095,2026-06-17T16:03:00,2109.23,2,desktop,True,30,16,387,True,1,0,price_sensitivity,send_reminder_email,True,True,True,True,True,True
cart_000282,cust_000777,2026-04-17T14:50:00,5392.33,2,mobile,True,10,14,172,True,0,0,price_sensitivity,send_reminder_email,False,False,False,False,False,False
cart_000283,cust_001447,2026-04-30T04:44:00,25214.04,3,mobile,True,10,4,800,False,0,0,high_cart_hesitation,offer_bounded_discount@5,False,False,False,False,False,True
cart_000284,cust_000422,2026-01-01T12:16:00,13737.47,1,mobile,True,720,12,717,False,0,0,high_cart_hesitation,send_reminder_email,False,False,False,False,False,False
cart_000285,cust_000770,2026-03-31T02:15:00,951.92,4,mobile,True,60,2,297,False,0,0,price_sensitivity,send_reminder_email,False,False,False,False,False,False
cart_000286,cust_001318,2026-07-08T00:18:00,8438.75,1,mobile,True,60,0,398,False,1,1,technical_friction,offer_bounded_discount@5,True,False,True,True,True,False
cart_000287,cust_000949,2026-07-08T00:25:00,1867.88,1,mobile,True,720,0,139,True,0,0,price_sensitivity,do_nothing,False,False,False,False,True,False
cart_000288,cust_000353,2026-06-30T16:48:00,2256.44,2,mobile,True,180,16,311,False,0,0,price_sensitivity,offer_bounded_discount@5,False,False,False,True,False,False
cart_000289,cust_000509,2026-03-25T16:27:00,1202.54,3,mobile,False,60,16,443,False,0,0,comparison_shopping,send_reminder_whatsapp,False,False,False,False,False,False
cart_000290,cust_000965,2026-03-02T05:30:00,1985.83,2,mobile,True,180,5,421,True,3,1,technical_friction,do_nothing,False,False,True,True,True,False
cart_000291,cust_000653,2026-01-05T02:37:00,3596.99,2,mobile,True,30,2,241,False,0,0,comparison_shopping,send_reminder_email,False,False,False,False,False,False
cart_000292,cust_000508,2026-07-04T08:11:00,479.97,2,tablet,True,1440,8,27,False,0,0,price_sensitivity,offer_bounded_discount@5,False,False,False,False,False,True
cart_000293,cust_000506,2026-06-22T04:49:00,3127.03,5,mobile,True,10,4,251,False,3,2,technical_friction,do_nothing,True,True,True,True,True,True
cart_000294,cust_000360,2026-06-15T15:09:00,567.37,2,desktop,True,30,15,322,True,1,0,comparison_shopping,offer_bounded_discount@5,True,True,True,False,True,True
cart_000295,cust_000632,2026-05-23T04:53:00,28371.98,2,mobile,False,180,4,912,True,0,0,high_cart_hesitation,send_reminder_email,False,False,False,False,False,False
cart_000296,cust_000343,2026-01-31T23:09:00,600.74,3,mobile,True,10,23,318,True,3,1,technical_friction,offer_bounded_discount@10,True,True,True,True,True,True
cart_000297,cust_000066,2026-03-03T03:53:00,13616.51,1,tablet,True,30,3,621,True,0,0,high_cart_hesitation,offer_bounded_discount@10,True,False,False,False,True,True
cart_000298,cust_000357,2026-03-17T09:56:00,2005.28,5,mobile,True,1440,9,332,False,0,0,comparison_shopping,do_nothing,False,False,False,True,False,True
cart_000299,cust_000706,2026-03-14T16:13:00,3240.52,1,mobile,True,60,16,630,False,0,0,comparison_shopping,do_nothing,False,False,True,False,True,True
cart_000300,cust_000064,2026-02-11T06:51:00,929.41,4,mobile,True,10,6,489,True,3,1,technical_friction,send_reminder_email,True,False,True,True,True,True
cart_000301,cust_001244,2026-04-09T07:14:00,2284.46,4,mobile,True,180,7,197,False,0,0,price_sensitivity,send_reminder_email,False,False,False,False,True,True
cart_000302,cust_001114,2026-03-24T06:08:00,24050.53,1,desktop,True,180,6,403,True,0,0,high_cart_hesitation,do_nothing,False,False,True,True,False,False
cart_000303,cust_000108,2026-01-29T14:21:00,3161.81,7,mobile,True,30,14,297,False,0,0,comparison_shopping,offer_bounded_discount@10,False,False,False,False,False,False
cart_000304,cust_000360,2026-01-10T03:50:00,12291.34,4,tablet,False,180,3,661,True,0,0,comparison_shopping,send_reminder_whatsapp,True,False,True,True,False,True
cart_000305,cust_000497,2026-05-29T21:34:00,2744.32,4,tablet,True,720,21,194,False,1,0,price_sensitivity,send_reminder_whatsapp,False,True,False,False,True,True
cart_000306,cust_000163,2026-05-07T18:22:00,31010.41,2,mobile,True,180,18,473,True,0,0,high_cart_hesitation,offer_bounded_discount@5,False,False,False,True,False,False
cart_000307,cust_000971,2026-03-13T08:33:00,2168.3,4,desktop,False,60,8,309,False,0,0,comparison_shopping,offer_bounded_discount@10,True,True,True,False,False,True
cart_000308,cust_001158,2026-02-04T23:01:00,3461.15,4,desktop,True,30,23,550,False,1,0,comparison_shopping,do_nothing,False,False,True,True,True,True
cart_000309,cust_000674,2026-03-07T15:47:00,18949.32,1,mobile,True,60,15,778,False,0,0,high_cart_hesitation,do_nothing,False,False,False,False,False,False
cart_000310,cust_000182,2026-07-02T06:14:00,19671.09,2,mobile,True,60,6,423,True,0,0,high_cart_hesitation,send_reminder_whatsapp,True,False,False,True,False,True
cart_000311,cust_001490,2026-07-13T11:24:00,5904.72,7,mobile,True,1440,11,443,True,3,1,technical_friction,send_reminder_whatsapp,True,False,False,True,True,False
cart_000312,cust_001369,2026-04-25T02:06:00,2956.85,1,mobile,True,10,2,628,False,1,0,comparison_shopping,do_nothing,False,False,False,True,True,True
cart_000313,cust_000530,2026-05-31T09:02:00,2552.85,5,desktop,True,180,9,104,False,1,0,comparison_shopping,do_nothing,False,False,False,False,False,False
cart_000314,cust_000765,2026-01-20T12:20:00,318.74,2,desktop,True,10,12,149,False,0,0,price_sensitivity,send_reminder_email,True,False,True,False,False,True
cart_000315,cust_000444,2026-05-31T12:48:00,2671.54,1,mobile,True,180,12,586,False,0,0,comparison_shopping,do_nothing,False,False,False,False,False,True
cart_000316,cust_000273,2026-05-09T06:08:00,5143.96,3,mobile,True,60,6,494,False,1,0,comparison_shopping,send_reminder_whatsapp,False,False,False,False,False,True
cart_000317,cust_000978,2026-06-05T04:15:00,2054.34,3,mobile,True,60,4,235,False,0,0,price_sensitivity,do_nothing,False,False,False,False,False,False
cart_000318,cust_000061,2026-06-27T03:16:00,4251.55,1,mobile,True,10,3,343,True,2,2,technical_friction,offer_bounded_discount@5,True,False,True,False,True,True
cart_000319,cust_000829,2026-05-21T22:24:00,970.16,1,mobile,False,180,22,61,False,0,0,price_sensitivity,send_reminder_email,False,False,False,False,False,False
cart_000320,cust_000868,2026-05-14T10:09:00,5953.8,1,desktop,True,180,10,662,False,0,0,high_cart_hesitation,send_reminder_email,False,False,False,False,False,True
cart_000321,cust_000167,2026-03-31T10:38:00,24423.96,3,mobile,True,60,10,546,False,0,0,comparison_shopping,offer_bounded_discount@5,True,False,False,False,True,False
cart_000322,cust_000104,2026-03-22T11:51:00,8167.56,1,mobile,True,1440,11,760,True,2,2,technical_friction,send_reminder_email,False,False,False,False,True,True
cart_000323,cust_001222,2026-07-03T08:34:00,593.05,3,mobile,True,180,8,413,False,0,0,comparison_shopping,send_reminder_email,False,False,False,True,True,True
cart_000324,cust_000014,2026-06-29T10:22:00,3493.97,4,mobile,True,60,10,596,False,0,0,comparison_shopping,offer_bounded_discount@10,True,False,True,True,False,True
cart_000325,cust_000950,2026-02-21T22:33:00,914.25,1,mobile,False,30,22,318,True,2,2,technical_friction,offer_bounded_discount@5,True,True,True,True,True,True
cart_000326,cust_000979,2026-05-01T06:45:00,427.74,1,mobile,True,720,6,235,False,1,0,price_sensitivity,send_reminder_email,False,False,False,False,False,False
cart_000327,cust_000128,2026-01-05T08:16:00,4618.99,5,mobile,True,10,8,164,True,0,0,price_sensitivity,send_reminder_email,True,False,True,True,True,True
cart_000328,cust_000591,2026-06-28T05:03:00,1682.19,2,mobile,True,180,5,496,True,1,1,technical_friction,send_reminder_email,False,False,False,True,False,True
cart_000329,cust_001349,2026-05-22T11:47:00,5420.13,1,desktop,False,30,11,889,False,0,0,high_cart_hesitation,send_reminder_email,True,False,True,True,False,False
cart_000330,cust_000644,2026-06-03T14:43:00,27307.37,1,desktop,True,1440,14,871,True,0,0,high_cart_hesitation,do_nothing,False,False,False,False,False,False
cart_000331,cust_000321,2026-01-07T09:48:00,1676.17,1,mobile,False,60,9,212,False,0,0,price_sensitivity,offer_bounded_discount@10,False,False,False,True,False,False
cart_000332,cust_000852,2026-01-04T16:21:00,8461.25,2,mobile,True,180,16,396,False,1,0,comparison_shopping,offer_bounded_discount@10,True,True,True,True,True,True
cart_000333,cust_000284,2026-01-14T04:36:00,5749.5,1,mobile,True,30,4,1036,False,0,0,comparison_shopping,send_reminder_email,True,True,True,True,True,True
cart_000334,cust_001173,2026-01-13T23:09:00,11084.29,2,mobile,True,10,23,449,False,0,0,comparison_shopping,send_reminder_email,True,False,True,True,True,False
cart_000335,cust_000542,2026-06-21T17:02:00,12546.31,4,mobile,True,720,17,415,False,0,0,comparison_shopping,send_reminder_whatsapp,False,False,False,False,False,False
cart_000336,cust_000829,2026-06-08T02:53:00,6767.84,1,mobile,False,10,2,425,False,0,0,comparison_shopping,offer_bounded_discount@10,False,False,False,True,False,False
cart_000337,cust_000994,2026-03-12T19:39:00,21893.55,1,desktop,True,180,19,882,True,0,1,high_cart_hesitation,offer_bounded_discount@5,False,False,False,False,False,False
cart_000338,cust_000042,2026-06-21T02:58:00,513.65,4,desktop,True,60,2,30,True,0,0,price_sensitivity,send_reminder_email,True,False,True,True,True,True
cart_000339,cust_000275,2026-03-01T20:17:00,1872.09,1,mobile,True,720,20,176,False,0,0,price_sensitivity,offer_bounded_discount@10,True,False,False,False,False,True
cart_000340,cust_000317,2026-04-11T04:02:00,944.34,4,mobile,True,1440,4,542,False,0,0,comparison_shopping,do_nothing,False,False,False,False,False,False
cart_000341,cust_001252,2026-06-23T18:46:00,2705.15,1,mobile,True,60,18,256,False,0,0,price_sensitivity,send_reminder_email,True,True,True,True,True,True
cart_000342,cust_000933,2026-02-09T23:35:00,5220.07,2,tablet,True,60,23,302,True,1,1,technical_friction,send_reminder_email,False,True,False,True,False,True
cart_000343,cust_000543,2026-01-13T12:25:00,1282.6,4,mobile,False,720,12,131,False,0,0,price_sensitivity,send_reminder_whatsapp,False,False,False,False,False,True
cart_000344,cust_001421,2026-04-26T18:25:00,1097.78,4,mobile,True,10,18,122,True,0,0,price_sensitivity,send_reminder_email,False,False,False,False,True,True
cart_000345,cust_000264,2026-06-30T11:58:00,939.17,1,desktop,True,1440,11,195,True,0,0,price_sensitivity,offer_bounded_discount@10,False,False,False,True,True,False
cart_000346,cust_001463,2026-02-16T07:24:00,1258.18,5,desktop,True,180,7,220,False,0,0,price_sensitivity,offer_bounded_discount@10,True,False,True,False,True,True
cart_000347,cust_001064,2026-01-06T18:27:00,4358.11,3,desktop,False,1440,18,495,False,0,0,high_cart_hesitation,offer_bounded_discount@10,False,False,False,False,True,False
cart_000348,cust_000156,2026-02-16T02:50:00,860.72,4,mobile,False,720,2,255,False,0,0,price_sensitivity,offer_bounded_discount@5,False,False,False,False,False,False
cart_000349,cust_001045,2026-03-24T11:22:00,6450.6,2,desktop,False,30,11,458,True,1,1,technical_friction,send_reminder_email,True,False,True,True,False,True
cart_000350,cust_000673,2026-02-20T23:22:00,1943.04,6,desktop,True,10,23,335,True,0,0,price_sensitivity,send_reminder_whatsapp,False,False,False,False,False,False
cart_000351,cust_000432,2026-06-20T08:02:00,15149.64,1,mobile,False,60,8,934,True,0,0,high_cart_hesitation,send_reminder_email,False,False,False,False,False,False
cart_000352,cust_000645,2026-02-01T13:39:00,1553.29,2,mobile,False,10,13,422,True,0,0,price_sensitivity,offer_bounded_discount@10,False,False,True,True,True,False
cart_000353,cust_000806,2026-01-27T20:45:00,2981.22,3,mobile,False,10,20,257,False,0,0,price_sensitivity,send_reminder_email,True,True,True,True,True,True
cart_000354,cust_000703,2026-04-27T15:21:00,13169.72,3,mobile,False,30,15,497,False,0,0,comparison_shopping,do_nothing,False,False,False,False,False,False
cart_000355,cust_000616,2026-02-03T01:35:00,2511.96,1,desktop,True,180,1,283,False,0,0,comparison_shopping,offer_bounded_discount@10,True,False,False,True,False,True
cart_000356,cust_001382,2026-02-07T20:02:00,5614.86,1,mobile,True,10,20,575,True,0,0,high_cart_hesitation,send_reminder_whatsapp,False,False,False,False,True,False
cart_000357,cust_000743,2026-01-09T19:48:00,3111.39,2,mobile,False,1440,19,369,True,1,2,technical_friction,offer_bounded_discount@5,True,False,True,True,True,True
cart_000358,cust_000830,2026-07-19T21:00:00,8506.56,3,mobile,True,60,21,176,True,2,0,technical_friction,send_reminder_email,True,True,True,True,True,True
cart_000359,cust_000481,2026-01-13T06:49:00,6854.99,1,mobile,False,30,6,776,True,0,0,high_cart_hesitation,send_reminder_email,False,False,False,False,False,False
cart_000360,cust_000809,2026-06-16T00:56:00,1402.45,4,desktop,True,60,0,343,False,1,0,price_sensitivity,offer_bounded_discount@10,False,False,False,False,False,False
cart_000361,cust_001434,2026-04-19T15:51:00,10548.41,2,desktop,True,180,15,184,True,3,2,technical_friction,send_reminder_whatsapp,True,False,True,True,False,True
cart_000362,cust_000763,2026-07-12T08:02:00,431.73,1,mobile,True,30,8,233,True,2,2,technical_friction,do_nothing,True,True,True,True,True,True
cart_000363,cust_000516,2026-01-02T02:08:00,34899.16,2,desktop,True,30,2,737,True,0,0,high_cart_hesitation,offer_bounded_discount@5,True,True,False,False,True,False
cart_000364,cust_001131,2026-02-15T07:25:00,4612.49,4,mobile,False,30,7,558,True,0,0,comparison_shopping,send_reminder_whatsapp,True,False,False,True,False,False
cart_000365,cust_001258,2026-05-04T02:42:00,3247.42,1,desktop,True,1440,2,302,False,0,0,price_sensitivity,offer_bounded_discount@5,False,False,False,False,False,False
cart_000366,cust_000772,2026-05-25T00:57:00,13818.25,6,mobile,True,1440,0,293,True,0,0,comparison_shopping,offer_bounded_discount@5,False,False,False,False,False,True
cart_000367,cust_000188,2026-01-04T05:39:00,8368.77,3,tablet,True,30,5,1178,False,1,0,comparison_shopping,offer_bounded_discount@5,False,False,False,False,False,False
cart_000368,cust_001086,2026-06-05T03:25:00,16287.54,3,desktop,True,60,3,774,True,1,2,technical_friction,offer_bounded_discount@5,True,False,True,True,True,True
cart_000369,cust_000240,2026-05-03T22:59:00,1153.8,1,mobile,True,60,22,204,True,2,2,technical_friction,offer_bounded_discount@10,True,False,True,True,True,True
cart_000370,cust_001363,2026-07-16T03:26:00,10420.86,3,mobile,False,30,3,658,True,0,0,comparison_shopping,offer_bounded_discount@10,False,False,True,False,False,False
cart_000371,cust_000585,2026-07-10T16:37:00,10932.57,3,mobile,True,180,16,233,False,0,0,comparison_shopping,offer_bounded_discount@5,False,False,True,False,False,False
cart_000372,cust_001248,2026-01-29T17:27:00,35941.62,2,mobile,False,60,17,766,False,0,0,high_cart_hesitation,offer_bounded_discount@5,False,False,False,False,False,False
cart_000373,cust_000619,2026-05-07T12:27:00,1305.51,6,mobile,True,720,12,132,False,0,0,price_sensitivity,offer_bounded_discount@5,False,False,False,False,False,False
cart_000374,cust_001115,2026-02-27T05:53:00,710.53,1,mobile,False,1440,5,250,False,0,0,price_sensitivity,offer_bounded_discount@5,True,False,True,False,True,True
cart_000375,cust_000788,2026-06-14T16:48:00,2371.7,1,mobile,True,180,16,251,False,0,0,price_sensitivity,do_nothing,False,False,False,False,False,False
cart_000376,cust_000227,2026-05-23T09:00:00,1881.13,3,mobile,True,720,9,212,True,0,0,price_sensitivity,do_nothing,False,False,True,True,False,False
cart_000377,cust_001392,2026-03-23T09:55:00,578.56,4,mobile,True,720,9,212,False,0,0,price_sensitivity,offer_bounded_discount@10,False,False,False,False,False,False
cart_000378,cust_000697,2026-01-10T08:53:00,1565.94,1,desktop,False,60,8,225,False,0,0,price_sensitivity,offer_bounded_discount@10,True,False,False,True,False,True
cart_000379,cust_000599,2026-06-20T15:05:00,4299.78,4,mobile,True,720,15,437,False,0,0,comparison_shopping,send_reminder_email,False,False,False,True,False,False
cart_000380,cust_001351,2026-04-17T20:09:00,34260.94,1,mobile,True,30,20,407,False,0,0,high_cart_hesitation,offer_bounded_discount@10,True,False,False,True,False,True
cart_000381,cust_001111,2026-07-14T22:19:00,7037.82,3,mobile,True,30,22,775,True,0,0,high_cart_hesitation,send_reminder_email,False,False,False,False,False,False
cart_000382,cust_001172,2026-07-08T14:28:00,1067.66,3,mobile,True,10,14,133,False,0,0,price_sensitivity,send_reminder_email,True,False,True,True,True,True
cart_000383,cust_000807,2026-05-25T12:24:00,6393.29,4,desktop,False,1440,12,361,True,0,1,technical_friction,send_reminder_email,False,False,False,True,True,True
cart_000384,cust_000390,2026-06-10T09:55:00,14489.6,1,mobile,False,1440,9,730,False,0,0,high_cart_hesitation,offer_bounded_discount@5,False,False,False,False,False,False
cart_000385,cust_001414,2026-04-13T11:04:00,7592.51,1,mobile,True,720,11,220,False,0,0,price_sensitivity,do_nothing,False,False,False,False,False,True
cart_000386,cust_000892,2026-05-06T09:02:00,4661.61,3,mobile,False,60,9,166,True,0,0,price_sensitivity,offer_bounded_discount@5,False,False,False,False,False,False
cart_000387,cust_000897,2026-05-09T01:37:00,16980.03,2,mobile,False,10,1,678,True,0,0,high_cart_hesitation,offer_bounded_discount@5,False,False,False,False,False,True
cart_000388,cust_001074,2026-04-29T14:52:00,2100.41,1,desktop,False,10,14,121,True,0,0,price_sensitivity,offer_bounded_discount@5,True,False,False,True,True,False
cart_000389,cust_000932,2026-06-27T02:09:00,6011.91,2,desktop,False,720,2,719,True,0,0,high_cart_hesitation,offer_bounded_discount@10,False,False,False,False,False,False
cart_000390,cust_001078,2026-04-12T21:38:00,2308.5,1,tablet,False,60,21,423,False,0,0,high_cart_hesitation,send_reminder_email,False,False,False,False,False,False
cart_000391,cust_000459,2026-06-21T01:05:00,25161.74,2,mobile,False,60,1,518,False,0,0,high_cart_hesitation,do_nothing,False,False,False,False,False,False
cart_000392,cust_000566,2026-06-05T17:55:00,59867.72,2,mobile,False,60,17,731,True,0,0,high_cart_hesitation,send_reminder_email,False,True,False,False,False,False
cart_000393,cust_001207,2026-01-02T20:00:00,30025.87,2,desktop,True,10,20,447,True,1,0,high_cart_hesitation,send_reminder_whatsapp,True,False,True,True,True,True
cart_000394,cust_000947,2026-02-18T07:50:00,1165.22,1,mobile,True,1440,7,76,True,0,0,price_sensitivity,offer_bounded_discount@10,True,False,False,False,True,True
cart_000395,cust_001323,2026-02-12T14:15:00,8055.1,1,mobile,True,30,14,352,True,2,2,technical_friction,send_reminder_email,False,False,False,True,True,True
cart_000396,cust_000447,2026-06-07T15:48:00,1622.39,5,mobile,True,10,15,474,False,1,0,comparison_shopping,offer_bounded_discount@10,False,False,False,True,False,False
cart_000397,cust_000421,2026-06-09T09:45:00,543.08,1,mobile,True,10,9,90,False,0,0,price_sensitivity,offer_bounded_discount@10,True,False,False,True,True,True
cart_000398,cust_001386,2026-04-23T02:25:00,389.0,1,mobile,False,60,2,155,True,0,0,price_sensitivity,send_reminder_whatsapp,False,False,False,False,False,True
cart_000399,cust_000077,2026-03-21T06:09:00,2574.48,3,desktop,True,720,6,94,False,0,0,price_sensitivity,offer_bounded_discount@10,True,False,True,False,True,True
cart_000400,cust_001116,2026-01-03T11:19:00,1780.81,1,mobile,True,30,11,1017,False,0,0,comparison_shopping,send_reminder_email,False,False,False,False,False,True
cart_000401,cust_000494,2026-05-23T15:13:00,2539.43,1,desktop,False,10,15,663,False,1,0,comparison_shopping,offer_bounded_discount@5,False,False,False,True,False,True
cart_000402,cust_001381,2026-02-27T19:40:00,14704.41,3,desktop,True,30,19,749,False,1,0,high_cart_hesitation,send_reminder_email,False,False,False,False,True,True
cart_000403,cust_001339,2026-04-09T02:22:00,13314.37,2,mobile,False,180,2,681,False,0,0,high_cart_hesitation,send_reminder_email,False,False,False,False,False,False
cart_000404,cust_001331,2026-05-02T18:34:00,2454.6,2,mobile,True,60,18,199,True,1,0,price_sensitivity,do_nothing,True,True,False,False,False,True
cart_000405,cust_001259,2026-02-17T23:04:00,3038.52,3,mobile,True,60,23,208,False,0,0,price_sensitivity,send_reminder_whatsapp,False,False,False,False,True,False
cart_000406,cust_000767,2026-03-18T15:54:00,7535.22,3,mobile,True,30,15,665,False,0,0,high_cart_hesitation,offer_bounded_discount@5,False,True,False,False,False,True
cart_000407,cust_000852,2026-05-17T09:15:00,5452.46,2,mobile,True,10,9,516,True,2,1,technical_friction,do_nothing,False,False,False,True,True,True
cart_000408,cust_000637,2026-07-13T16:47:00,3029.18,2,mobile,True,10,16,748,False,1,0,high_cart_hesitation,send_reminder_email,False,False,False,True,False,True
cart_000409,cust_001331,2026-04-27T07:18:00,2681.02,2,mobile,True,60,7,270,False,0,0,price_sensitivity,offer_bounded_discount@10,False,False,False,False,False,False
cart_000410,cust_000750,2026-03-08T12:25:00,7582.84,1,mobile,False,10,12,708,False,0,1,high_cart_hesitation,send_reminder_whatsapp,False,False,False,False,False,True
cart_000411,cust_000182,2026-05-02T06:56:00,4570.65,4,mobile,True,180,6,491,False,0,0,comparison_shopping,send_reminder_whatsapp,True,False,False,True,False,False
cart_000412,cust_000058,2026-03-23T08:34:00,8256.14,1,mobile,True,10,8,499,True,1,1,technical_friction,offer_bounded_discount@5,True,False,True,True,True,True
cart_000413,cust_000282,2026-05-26T04:23:00,3882.38,1,desktop,True,720,4,364,True,0,0,price_sensitivity,offer_bounded_discount@5,False,False,False,False,False,False
cart_000414,cust_000054,2026-06-18T08:28:00,13860.03,2,desktop,True,60,8,577,False,0,1,high_cart_hesitation,send_reminder_whatsapp,False,False,False,False,False,False
cart_000415,cust_000638,2026-01-22T18:04:00,1448.17,2,desktop,True,60,18,284,False,0,0,price_sensitivity,do_nothing,False,False,False,False,False,False
cart_000416,cust_000239,2026-02-11T07:41:00,8102.8,5,mobile,True,180,7,226,True,2,1,technical_friction,offer_bounded_discount@5,True,False,False,True,True,True
cart_000417,cust_000732,2026-03-14T16:46:00,1852.27,2,desktop,True,720,16,341,True,2,2,technical_friction,offer_bounded_discount@10,False,True,True,True,False,False
cart_000418,cust_000833,2026-06-11T11:11:00,1166.32,2,desktop,True,30,11,283,False,0,0,price_sensitivity,offer_bounded_discount@10,False,False,False,True,True,False
cart_000419,cust_000889,2026-02-22T18:21:00,1377.55,6,mobile,False,10,18,257,False,0,0,price_sensitivity,send_reminder_email,False,False,False,True,False,False
cart_000420,cust_000406,2026-04-05T13:58:00,4061.45,5,mobile,False,30,13,600,False,0,0,comparison_shopping,send_reminder_email,False,False,False,True,False,False
cart_000421,cust_000911,2026-01-10T15:54:00,3836.14,1,tablet,False,180,15,190,True,0,0,price_sensitivity,do_nothing,False,False,True,False,False,True
cart_000422,cust_001084,2026-03-18T22:55:00,20501.43,1,mobile,True,1440,22,726,False,0,0,high_cart_hesitation,send_reminder_email,False,False,False,False,True,False
cart_000423,cust_001430,2026-05-09T05:03:00,2241.88,5,mobile,True,180,5,155,False,0,0,price_sensitivity,offer_bounded_discount@10,True,False,False,False,False,True
cart_000424,cust_000451,2026-05-24T15:04:00,1908.13,1,mobile,True,720,15,285,True,0,0,comparison_shopping,send_reminder_email,False,False,False,False,False,False
cart_000425,cust_000097,2026-01-22T02:24:00,7275.59,1,mobile,True,10,2,214,False,1,0,comparison_shopping,send_reminder_email,False,False,False,False,False,True
cart_000426,cust_001450,2026-06-09T05:29:00,1165.83,3,desktop,True,180,5,620,True,0,0,comparison_shopping,offer_bounded_discount@10,True,True,True,False,True,True
cart_000427,cust_000098,2026-02-04T16:03:00,5459.19,6,desktop,True,180,16,391,False,0,0,comparison_shopping,send_reminder_email,False,False,False,True,False,False
cart_000428,cust_001114,2026-07-07T03:08:00,493.15,3,mobile,True,720,3,195,False,1,0,price_sensitivity,send_reminder_email,True,False,True,True,True,True
cart_000429,cust_000372,2026-04-28T14:26:00,1577.38,2,mobile,True,30,14,319,True,1,2,technical_friction,send_reminder_whatsapp,True,True,False,True,True,True
cart_000430,cust_000915,2026-07-10T23:49:00,2952.15,1,desktop,True,30,23,386,True,1,0,technical_friction,send_reminder_email,True,False,True,True,True,False
cart_000431,cust_000535,2026-06-10T16:40:00,802.51,5,desktop,True,720,16,140,True,0,0,price_sensitivity,send_reminder_email,True,False,True,True,True,True
cart_000432,cust_001219,2026-05-29T19:21:00,2739.08,2,mobile,True,10,19,20,False,0,0,price_sensitivity,offer_bounded_discount@10,False,False,False,False,False,False
cart_000433,cust_000519,2026-05-25T06:49:00,734.79,4,desktop,False,30,6,352,True,0,0,price_sensitivity,send_reminder_email,False,False,False,False,False,False
cart_000434,cust_000891,2026-04-13T12:10:00,1343.14,1,desktop,True,180,12,279,False,0,0,price_sensitivity,send_reminder_whatsapp,False,False,True,False,True,False
cart_000435,cust_000187,2026-06-29T08:37:00,584.32,1,desktop,False,30,8,327,False,0,0,price_sensitivity,send_reminder_whatsapp,False,False,False,False,True,True
cart_000436,cust_000622,2026-02-03T02:45:00,5001.54,3,mobile,True,10,2,189,False,0,0,comparison_shopping,send_reminder_email,True,True,True,True,True,True
cart_000437,cust_000649,2026-02-26T00:39:00,476.83,2,mobile,True,720,0,120,False,0,0,price_sensitivity,do_nothing,False,False,False,True,False,True
cart_000438,cust_000825,2026-06-18T07:25:00,13410.07,2,mobile,True,1440,7,779,True,0,0,high_cart_hesitation,offer_bounded_discount@5,False,False,False,False,False,False
cart_000439,cust_000144,2026-05-27T19:37:00,3845.57,4,mobile,False,10,19,676,True,1,1,technical_friction,send_reminder_whatsapp,True,False,False,True,True,True
cart_000440,cust_000592,2026-03-05T08:43:00,697.51,5,tablet,True,1440,8,208,False,0,0,price_sensitivity,do_nothing,True,True,False,True,True,False
cart_000441,cust_000196,2026-06-20T22:57:00,8422.84,2,mobile,True,1440,22,472,True,1,2,technical_friction,send_reminder_email,False,False,False,False,True,True
cart_000442,cust_000482,2026-01-18T09:05:00,3284.91,3,mobile,True,10,9,200,True,2,1,technical_friction,send_reminder_email,True,False,True,True,False,True
cart_000443,cust_000422,2026-03-10T18:29:00,7803.61,6,mobile,True,180,18,266,False,0,0,comparison_shopping,send_reminder_email,True,False,True,False,True,True
cart_000444,cust_001440,2026-06-19T23:22:00,6445.42,2,mobile,False,30,23,825,True,2,2,technical_friction,send_reminder_email,True,False,True,True,True,True
cart_000445,cust_000221,2026-03-27T10:39:00,602.42,1,mobile,True,720,10,458,False,0,0,comparison_shopping,send_reminder_whatsapp,False,False,True,False,True,False
cart_000446,cust_000029,2026-03-12T06:26:00,4001.78,3,desktop,True,1440,6,431,False,0,0,comparison_shopping,offer_bounded_discount@5,True,False,False,True,True,True
cart_000447,cust_000186,2026-07-02T12:17:00,1871.34,2,desktop,True,60,12,247,False,0,0,price_sensitivity,send_reminder_email,False,False,False,True,False,False
cart_000448,cust_001402,2026-05-13T15:15:00,1258.93,5,mobile,True,720,15,318,True,1,2,technical_friction,send_reminder_email,False,False,False,True,False,True
cart_000449,cust_000014,2026-03-19T22:32:00,1379.88,1,desktop,True,720,22,502,False,3,1,technical_friction,offer_bounded_discount@5,False,True,True,False,False,True
cart_000450,cust_000707,2026-01-03T23:44:00,7681.08,2,mobile,True,1440,23,295,False,0,0,high_cart_hesitation,send_reminder_email,False,False,False,False,False,False
cart_000451,cust_000844,2026-05-10T11:08:00,16463.23,2,mobile,False,10,11,408,True,0,0,high_cart_hesitation,offer_bounded_discount@5,False,False,False,False,False,False
cart_000452,cust_000775,2026-06-10T10:05:00,12820.56,2,desktop,True,1440,10,1003,False,0,0,high_cart_hesitation,offer_bounded_discount@5,False,False,False,False,False,False
cart_000453,cust_000056,2026-04-08T03:24:00,24964.56,6,mobile,True,720,3,525,True,1,0,technical_friction,send_reminder_email,True,False,True,True,True,True
cart_000454,cust_001172,2026-06-01T13:37:00,12291.85,4,mobile,True,720,13,328,False,0,0,comparison_shopping,send_reminder_email,False,False,False,False,False,False
cart_000455,cust_000929,2026-06-15T04:27:00,3338.37,6,mobile,True,720,4,111,True,0,0,price_sensitivity,send_reminder_email,False,False,False,False,False,False
cart_000456,cust_000696,2026-01-05T07:52:00,2750.39,2,mobile,False,720,7,160,True,0,0,price_sensitivity,offer_bounded_discount@5,False,False,False,False,False,False
cart_000457,cust_000991,2026-06-06T12:40:00,590.47,1,mobile,True,180,12,92,False,1,0,price_sensitivity,send_reminder_whatsapp,True,False,False,True,True,True
cart_000458,cust_000772,2026-03-11T17:21:00,5271.08,1,mobile,False,720,17,204,False,1,0,comparison_shopping,send_reminder_whatsapp,False,False,False,False,False,True
cart_000459,cust_001300,2026-03-03T18:45:00,1116.18,4,desktop,True,1440,18,211,False,0,0,price_sensitivity,offer_bounded_discount@5,True,False,True,False,True,True
cart_000460,cust_001258,2026-06-18T09:03:00,12853.61,2,desktop,True,30,9,676,False,0,0,comparison_shopping,send_reminder_email,True,False,True,False,True,True
cart_000461,cust_000115,2026-06-10T17:33:00,2774.49,2,mobile,True,720,17,320,False,0,0,comparison_shopping,send_reminder_email,True,False,True,True,True,True
cart_000462,cust_001329,2026-07-06T16:03:00,4232.83,3,desktop,False,10,16,125,True,0,0,price_sensitivity,send_reminder_whatsapp,True,False,False,True,True,True
cart_000463,cust_000865,2026-04-11T08:48:00,3442.88,2,desktop,True,180,8,247,True,0,0,price_sensitivity,offer_bounded_discount@5,True,False,False,False,True,False
cart_000464,cust_000312,2026-01-02T09:10:00,3492.91,3,desktop,True,10,9,514,True,1,2,technical_friction,send_reminder_whatsapp,True,False,True,True,True,True
cart_000465,cust_000795,2026-03-09T02:12:00,1797.3,1,mobile,True,10,2,335,False,1,0,price_sensitivity,offer_bounded_discount@5,True,True,True,False,True,True
cart_000466,cust_000460,2026-02-11T22:16:00,2109.57,3,mobile,False,720,22,746,False,0,0,comparison_shopping,send_reminder_whatsapp,False,False,False,False,False,False
cart_000467,cust_001002,2026-02-13T22:47:00,9331.38,2,mobile,True,720,22,617,True,3,1,technical_friction,do_nothing,False,False,True,False,False,True
cart_000468,cust_001007,2026-03-17T00:03:00,10739.24,5,desktop,True,180,0,559,True,3,2,technical_friction,offer_bounded_discount@10,False,False,False,True,True,False
cart_000469,cust_000391,2026-07-12T22:26:00,3145.94,5,mobile,True,720,22,517,False,1,0,technical_friction,send_reminder_whatsapp,True,False,True,True,True,False
cart_000470,cust_000769,2026-05-26T12:33:00,9449.09,3,tablet,False,10,12,318,False,0,0,comparison_shopping,offer_bounded_discount@5,False,False,False,True,False,True
cart_000471,cust_001069,2026-06-19T04:51:00,2738.62,3,desktop,False,720,4,216,True,1,2,technical_friction,offer_bounded_discount@10,True,False,True,False,True,True
cart_000472,cust_000411,2026-06-01T04:10:00,1101.18,4,desktop,True,1440,4,161,False,0,0,price_sensitivity,offer_bounded_discount@10,False,False,False,True,False,False
cart_000473,cust_000715,2026-05-31T08:56:00,1889.57,4,mobile,True,180,8,308,False,0,0,price_sensitivity,send_reminder_email,False,False,False,False,False,False
cart_000474,cust_001382,2026-07-06T22:40:00,2907.66,5,mobile,True,60,22,407,False,0,0,comparison_shopping,do_nothing,False,False,True,False,True,True
cart_000475,cust_000514,2026-05-27T18:37:00,966.59,3,mobile,True,720,18,200,True,0,0,price_sensitivity,send_reminder_whatsapp,True,False,False,True,False,False
cart_000476,cust_001349,2026-03-28T18:24:00,6171.28,2,mobile,True,10,18,282,True,1,1,technical_friction,do_nothing,False,False,False,True,False,False
cart_000477,cust_000594,2026-03-14T03:02:00,820.14,4,desktop,True,10,3,562,False,0,0,comparison_shopping,offer_bounded_discount@5,True,True,True,True,True,True
cart_000478,cust_000722,2026-05-12T12:58:00,19354.78,6,mobile,True,180,12,56,False,0,0,comparison_shopping,send_reminder_email,False,False,False,False,False,False
cart_000479,cust_000372,2026-05-22T20:13:00,4650.41,1,mobile,True,180,20,653,True,0,0,high_cart_hesitation,send_reminder_whatsapp,False,False,False,False,False,False
cart_000480,cust_000419,2026-05-11T07:23:00,714.61,2,mobile,False,1440,7,103,False,0,0,price_sensitivity,send_reminder_whatsapp,False,False,False,False,False,True
cart_000481,cust_000251,2026-02-12T23:23:00,8906.77,3,mobile,False,180,23,684,True,1,1,technical_friction,do_nothing,False,False,False,False,False,False
cart_000482,cust_000603,2026-07-13T14:49:00,1345.85,2,mobile,True,1440,14,223,False,0,0,price_sensitivity,do_nothing,False,False,False,False,False,False
cart_000483,cust_000572,2026-02-27T01:44:00,12201.02,3,mobile,True,720,1,194,True,0,0,high_cart_hesitation,send_reminder_whatsapp,False,False,False,False,False,False
cart_000484,cust_000233,2026-01-26T13:20:00,17405.31,2,mobile,True,60,13,854,True,0,0,high_cart_hesitation,offer_bounded_discount@10,True,False,False,True,True,True
cart_000485,cust_000494,2026-06-23T19:02:00,8695.33,1,desktop,False,1440,19,83,False,1,0,price_sensitivity,offer_bounded_discount@5,False,False,False,False,False,False
cart_000486,cust_000635,2026-03-18T05:36:00,4456.8,2,desktop,True,60,5,304,False,0,0,price_sensitivity,send_reminder_email,False,False,False,True,True,True
cart_000487,cust_001312,2026-04-06T09:25:00,1902.47,1,desktop,False,30,9,493,False,0,0,comparison_shopping,offer_bounded_discount@10,False,False,False,True,True,False
cart_000488,cust_001269,2026-04-26T12:08:00,2304.63,1,mobile,True,10,12,68,False,0,0,price_sensitivity,do_nothing,False,False,False,True,False,True
cart_000489,cust_001070,2026-02-05T00:40:00,787.61,7,desktop,False,30,0,236,False,0,0,price_sensitivity,offer_bounded_discount@5,False,False,False,False,False,False
cart_000490,cust_000073,2026-05-13T23:58:00,886.96,3,mobile,True,1440,23,606,False,0,0,comparison_shopping,offer_bounded_discount@10,False,False,False,True,False,False
cart_000491,cust_000140,2026-02-19T20:10:00,809.06,3,desktop,False,30,20,895,True,0,0,comparison_shopping,send_reminder_email,False,False,False,True,False,False
cart_000492,cust_000868,2026-01-16T13:03:00,9145.55,1,desktop,True,10,13,519,False,0,1,high_cart_hesitation,offer_bounded_discount@5,False,False,True,False,False,False
cart_000493,cust_000767,2026-01-27T04:39:00,1174.34,1,mobile,True,10,4,117,True,0,0,price_sensitivity,do_nothing,False,False,False,False,False,False
cart_000494,cust_000466,2026-01-17T13:02:00,620.58,2,mobile,False,180,13,232,False,0,0,price_sensitivity,offer_bounded_discount@10,False,False,False,True,False,False
cart_000495,cust_001127,2026-01-10T09:17:00,991.33,1,desktop,True,180,9,205,True,0,0,price_sensitivity,offer_bounded_discount@5,False,False,False,False,False,False
cart_000496,cust_000052,2026-04-14T04:00:00,11081.13,1,mobile,False,60,4,212,True,3,0,technical_friction,send_reminder_email,False,False,False,False,False,False
cart_000497,cust_001018,2026-01-12T02:27:00,7634.67,1,desktop,True,60,2,512,True,0,0,high_cart_hesitation,offer_bounded_discount@5,True,False,False,True,True,True
cart_000498,cust_000504,2026-06-17T16:05:00,3483.78,1,mobile,True,10,16,255,True,1,0,price_sensitivity,do_nothing,False,False,False,True,False,False
cart_000499,cust_000526,2026-01-06T12:16:00,2730.65,5,mobile,True,30,12,74,False,0,0,price_sensitivity,offer_bounded_discount@10,True,False,False,False,False,True
cart_000500,cust_000779,2026-02-05T06:36:00,2998.25,3,mobile,True,1440,6,247,True,1,2,technical_friction,offer_bounded_discount@5,True,False,False,True,True,True
cart_000501,cust_001360,2026-02-17T08:11:00,2124.37,2,mobile,True,720,8,517,False,0,0,comparison_shopping,send_reminder_whatsapp,False,False,False,False,False,False
cart_000502,cust_001194,2026-02-17T07:19:00,7184.4,1,desktop,True,10,7,602,True,0,0,high_cart_hesitation,offer_bounded_discount@5,False,True,True,False,False,True
cart_000503,cust_001116,2026-01-28T21:35:00,14459.09,4,mobile,True,30,21,458,False,0,0,comparison_shopping,offer_bounded_discount@10,True,False,True,True,True,True
cart_000504,cust_000973,2026-04-02T10:26:00,7026.63,7,mobile,True,1440,10,170,True,0,0,price_sensitivity,send_reminder_email,False,False,False,False,False,False
cart_000505,cust_000173,2026-03-10T09:51:00,3883.34,4,mobile,True,10,9,127,False,0,0,price_sensitivity,offer_bounded_discount@5,False,False,False,True,False,True
cart_000506,cust_000137,2026-01-04T18:37:00,6461.97,5,mobile,True,720,18,322,False,1,0,comparison_shopping,send_reminder_email,False,False,False,False,True,False
cart_000507,cust_001413,2026-05-25T22:40:00,5037.91,1,mobile,True,30,22,609,True,1,2,technical_friction,send_reminder_whatsapp,True,False,True,True,False,True
cart_000508,cust_000758,2026-03-27T09:09:00,1545.64,4,mobile,False,60,9,263,True,1,1,technical_friction,send_reminder_email,True,False,True,True,True,True
cart_000509,cust_000762,2026-05-05T02:09:00,9105.72,2,desktop,True,10,2,411,False,0,1,high_cart_hesitation,send_reminder_email,False,False,False,False,True,True
cart_000510,cust_000839,2026-03-18T11:30:00,2052.15,2,mobile,True,60,11,262,False,3,1,technical_friction,do_nothing,True,True,True,True,True,True
cart_000511,cust_001007,2026-05-04T13:56:00,13926.89,2,desktop,True,60,13,816,True,2,2,technical_friction,do_nothing,False,False,True,True,True,True
cart_000512,cust_000111,2026-02-02T16:40:00,626.03,5,desktop,False,1440,16,646,True,0,2,technical_friction,send_reminder_email,False,False,False,False,False,False
cart_000513,cust_000432,2026-05-30T13:08:00,1023.82,6,mobile,True,10,13,313,True,0,0,price_sensitivity,offer_bounded_discount@5,False,True,False,False,False,True
cart_000514,cust_001051,2026-03-12T18:45:00,3184.5,1,mobile,True,720,18,409,False,0,0,comparison_shopping,offer_bounded_discount@10,True,False,True,True,False,True
cart_000515,cust_000701,2026-04-26T14:54:00,6210.55,1,mobile,True,180,14,1025,True,0,0,high_cart_hesitation,send_reminder_whatsapp,False,False,False,False,False,False
cart_000516,cust_000400,2026-03-27T22:27:00,11725.85,2,mobile,True,10,22,900,True,0,0,high_cart_hesitation,offer_bounded_discount@10,False,False,False,False,False,False
cart_000517,cust_000186,2026-02-08T05:12:00,9070.72,7,mobile,True,10,5,682,True,0,0,comparison_shopping,do_nothing,False,False,False,False,False,True
cart_000518,cust_001478,2026-06-08T09:22:00,2076.91,1,mobile,True,720,9,744,False,0,0,comparison_shopping,send_reminder_whatsapp,False,False,False,False,False,False
cart_000519,cust_000110,2026-01-06T20:01:00,1540.57,5,desktop,True,30,20,342,True,0,0,price_sensitivity,do_nothing,False,False,False,False,False,False
cart_000520,cust_000929,2026-05-03T18:45:00,1882.06,1,mobile,False,1440,18,456,False,0,0,comparison_shopping,do_nothing,False,False,False,False,False,False
cart_000521,cust_000557,2026-04-03T06:14:00,19557.04,2,mobile,False,10,6,798,True,0,0,high_cart_hesitation,send_reminder_email,True,False,True,True,False,False
cart_000522,cust_001440,2026-06-14T07:51:00,1632.15,5,mobile,True,10,7,215,False,0,0,comparison_shopping,send_reminder_whatsapp,True,False,True,True,True,True
cart_000523,cust_000260,2026-04-15T06:42:00,36518.89,1,desktop,True,30,6,652,False,0,0,high_cart_hesitation,do_nothing,False,False,False,False,False,False
cart_000524,cust_000825,2026-07-19T19:05:00,2830.52,4,mobile,False,720,19,545,False,0,0,comparison_shopping,send_reminder_email,False,False,False,False,False,False
cart_000525,cust_000711,2026-04-02T15:38:00,3093.94,1,desktop,True,720,15,356,True,3,2,technical_friction,send_reminder_whatsapp,True,False,True,True,False,True
cart_000526,cust_001047,2026-03-27T16:10:00,5124.17,2,mobile,True,60,16,292,False,0,0,price_sensitivity,send_reminder_whatsapp,False,False,False,False,False,False
cart_000527,cust_000675,2026-05-09T19:28:00,18151.02,1,desktop,True,720,19,782,False,1,0,high_cart_hesitation,send_reminder_whatsapp,False,False,False,False,False,False
cart_000528,cust_001135,2026-05-04T04:09:00,4419.23,1,desktop,False,720,4,896,False,0,1,high_cart_hesitation,offer_bounded_discount@10,False,False,False,False,False,False
cart_000529,cust_000846,2026-02-07T04:44:00,891.01,5,mobile,True,30,4,537,True,1,2,technical_friction,offer_bounded_discount@10,True,False,True,True,True,True
cart_000530,cust_000277,2026-05-22T14:30:00,15138.5,3,desktop,True,30,14,523,False,0,0,comparison_shopping,offer_bounded_discount@5,False,False,False,True,False,True
cart_000531,cust_000840,2026-01-04T01:43:00,887.47,2,mobile,False,30,1,515,True,2,1,technical_friction,do_nothing,False,False,True,True,True,True
cart_000532,cust_001163,2026-01-28T11:20:00,10950.76,3,mobile,True,720,11,663,True,0,0,high_cart_hesitation,offer_bounded_discount@10,False,False,False,False,False,False
cart_000533,cust_000098,2026-02-04T12:08:00,660.33,2,mobile,True,30,12,277,False,0,0,price_sensitivity,do_nothing,False,False,True,False,True,True
cart_000534,cust_001272,2026-03-18T16:32:00,833.16,2,mobile,True,30,16,371,False,1,0,price_sensitivity,send_reminder_whatsapp,True,False,True,True,True,True
cart_000535,cust_000402,2026-01-25T11:32:00,1621.08,4,mobile,True,30,11,258,True,0,0,price_sensitivity,send_reminder_whatsapp,True,True,True,True,True,True
cart_000536,cust_001003,2026-06-10T12:01:00,1223.15,5,desktop,True,180,12,279,False,0,0,price_sensitivity,offer_bounded_discount@5,True,False,False,False,True,False
cart_000537,cust_000587,2026-01-07T10:00:00,4105.95,3,mobile,False,10,10,420,False,0,0,comparison_shopping,do_nothing,False,False,False,False,False,False
cart_000538,cust_001244,2026-06-22T07:49:00,10327.53,2,desktop,True,720,7,627,False,0,0,high_cart_hesitation,send_reminder_email,False,False,False,False,True,False
cart_000539,cust_000028,2026-06-13T07:30:00,3914.55,1,mobile,False,30,7,587,True,2,1,technical_friction,offer_bounded_discount@5,False,False,False,True,False,True
cart_000540,cust_001400,2026-06-20T13:44:00,28577.65,3,mobile,True,30,13,781,False,0,0,high_cart_hesitation,offer_bounded_discount@10,False,True,False,True,False,False
cart_000541,cust_001228,2026-05-20T15:52:00,9160.83,1,mobile,False,10,15,593,False,0,0,high_cart_hesitation,send_reminder_email,False,False,False,False,False,False
cart_000542,cust_001322,2026-03-15T10:37:00,961.1,4,mobile,True,60,10,39,True,0,0,price_sensitivity,send_reminder_whatsapp,False,False,True,False,True,True
cart_000543,cust_000219,2026-03-03T21:54:00,2829.59,4,mobile,True,60,21,233,True,0,0,price_sensitivity,send_reminder_email,True,False,True,False,True,True
cart_000544,cust_000182,2026-01-03T00:00:00,1602.46,2,mobile,True,30,0,839,False,1,0,comparison_shopping,send_reminder_email,True,True,True,True,True,True
cart_000545,cust_000436,2026-02-21T07:12:00,3349.04,3,mobile,True,180,7,415,True,3,2,technical_friction,send_reminder_email,False,False,False,False,False,True
cart_000546,cust_000884,2026-05-23T08:23:00,1445.15,2,tablet,True,720,8,153,True,0,0,price_sensitivity,send_reminder_email,False,False,False,True,True,False
cart_000547,cust_000524,2026-06-04T23:13:00,865.6,2,mobile,True,60,23,278,True,0,0,price_sensitivity,offer_bounded_discount@10,True,False,False,False,True,True
cart_000548,cust_001243,2026-03-04T03:30:00,13098.04,3,tablet,True,180,3,813,False,0,0,comparison_shopping,send_reminder_whatsapp,False,False,False,False,False,False
cart_000549,cust_000877,2026-01-29T14:17:00,540.76,3,mobile,True,60,14,275,True,1,0,price_sensitivity,send_reminder_email,False,False,False,False,False,False
cart_000550,cust_000125,2026-05-11T17:08:00,70949.37,1,mobile,True,60,17,644,True,0,1,high_cart_hesitation,do_nothing,False,False,False,False,True,False
cart_000551,cust_000718,2026-03-19T13:38:00,2953.28,1,mobile,False,30,13,413,True,1,0,price_sensitivity,send_reminder_whatsapp,False,False,False,False,False,False
cart_000552,cust_000653,2026-05-30T07:48:00,5293.69,1,mobile,True,1440,7,568,False,0,0,high_cart_hesitation,send_reminder_email,False,False,False,False,False,False
cart_000553,cust_001276,2026-05-18T08:21:00,17393.36,4,mobile,True,30,8,673,True,1,2,technical_friction,offer_bounded_discount@10,True,False,True,True,False,True
cart_000554,cust_000838,2026-06-19T18:00:00,8241.05,5,tablet,True,60,18,204,False,0,0,price_sensitivity,offer_bounded_discount@10,True,False,False,True,True,True
cart_000555,cust_000623,2026-04-16T22:49:00,630.51,5,mobile,True,30,22,263,True,0,0,price_sensitivity,offer_bounded_discount@5,False,False,False,False,False,False
cart_000556,cust_000629,2026-04-12T07:30:00,16293.45,1,mobile,True,1440,7,1107,True,0,0,high_cart_hesitation,do_nothing,False,False,True,False,False,False
cart_000557,cust_000018,2026-01-12T01:29:00,12414.26,1,mobile,False,180,1,907,False,0,0,high_cart_hesitation,offer_bounded_discount@5,False,False,False,False,False,False
cart_000558,cust_000195,2026-07-04T04:37:00,6368.7,3,mobile,True,720,4,630,False,0,0,comparison_shopping,send_reminder_whatsapp,False,False,False,False,False,False
cart_000559,cust_001106,2026-01-02T05:43:00,3504.33,2,mobile,False,180,5,727,False,0,0,comparison_shopping,offer_bounded_discount@10,False,False,False,True,True,False
cart_000560,cust_001310,2026-04-10T19:34:00,2922.71,3,tablet,True,30,19,199,False,0,0,comparison_shopping,send_reminder_whatsapp,True,True,True,True,True,True
cart_000561,cust_000650,2026-07-07T09:36:00,4124.75,3,mobile,True,720,9,555,True,0,0,comparison_shopping,offer_bounded_discount@10,True,False,True,False,True,True
cart_000562,cust_000315,2026-07-18T17:24:00,608.63,4,mobile,True,720,17,505,False,0,0,comparison_shopping,send_reminder_email,False,False,False,False,False,False
cart_000563,cust_000544,2026-03-28T23:58:00,24756.14,2,mobile,True,60,23,767,True,0,0,high_cart_hesitation,do_nothing,False,False,False,True,True,True
cart_000564,cust_001387,2026-02-04T20:13:00,5276.9,3,mobile,True,720,20,518,False,0,0,high_cart_hesitation,send_reminder_whatsapp,False,False,False,False,False,True
cart_000565,cust_000523,2026-04-09T17:12:00,6175.29,2,tablet,True,180,17,594,False,0,0,comparison_shopping,offer_bounded_discount@10,False,False,False,True,False,False
cart_000566,cust_000973,2026-05-19T15:53:00,4136.4,1,desktop,False,10,15,633,True,3,1,technical_friction,do_nothing,False,False,False,True,True,True
cart_000567,cust_000851,2026-02-04T05:12:00,3518.06,1,mobile,False,10,5,576,False,0,0,comparison_shopping,do_nothing,False,False,True,False,False,True
cart_000568,cust_001435,2026-02-04T15:49:00,21029.7,1,mobile,True,30,15,508,False,0,0,high_cart_hesitation,send_reminder_whatsapp,True,False,False,True,False,False
cart_000569,cust_000964,2026-07-05T19:16:00,2165.05,2,tablet,True,180,19,189,True,0,0,price_sensitivity,offer_bounded_discount@5,False,False,False,True,False,False
cart_000570,cust_001417,2026-04-20T15:35:00,928.44,3,desktop,True,60,15,98,False,0,0,price_sensitivity,do_nothing,False,False,False,False,False,False
cart_000571,cust_000727,2026-04-08T19:14:00,13442.89,1,mobile,True,30,19,513,True,0,1,high_cart_hesitation,offer_bounded_discount@5,False,False,False,False,False,False
cart_000572,cust_000581,2026-03-25T20:32:00,7474.55,3,mobile,True,180,20,606,True,0,0,comparison_shopping,offer_bounded_discount@5,True,False,True,True,True,True
cart_000573,cust_000816,2026-05-28T18:38:00,9027.11,3,mobile,False,60,18,542,True,3,1,technical_friction,send_reminder_email,True,False,True,True,True,False
cart_000574,cust_001424,2026-01-08T03:46:00,18199.86,1,mobile,True,720,3,813,False,0,0,high_cart_hesitation,send_reminder_email,False,False,False,False,False,False
cart_000575,cust_001137,2026-07-11T02:23:00,10628.88,5,mobile,True,10,2,492,False,0,0,comparison_shopping,send_reminder_whatsapp,False,False,False,False,True,True
cart_000576,cust_001162,2026-02-13T01:10:00,323.09,1,mobile,True,60,1,230,False,0,0,price_sensitivity,send_reminder_email,False,False,False,False,False,False
cart_000577,cust_001072,2026-03-19T19:22:00,3559.32,2,mobile,True,180,19,416,False,0,0,comparison_shopping,offer_bounded_discount@5,False,False,False,False,False,False
cart_000578,cust_000663,2026-04-01T10:21:00,16281.26,1,desktop,True,10,10,947,True,0,0,high_cart_hesitation,send_reminder_email,False,False,False,False,False,False
cart_000579,cust_000048,2026-06-02T22:54:00,2439.96,2,desktop,True,720,22,225,False,0,0,price_sensitivity,offer_bounded_discount@10,True,False,False,False,False,True
cart_000580,cust_000711,2026-04-24T17:13:00,2063.71,3,mobile,True,10,17,776,False,0,0,comparison_shopping,offer_bounded_discount@10,True,True,False,True,False,True
cart_000581,cust_000793,2026-05-08T23:52:00,4499.96,1,tablet,True,60,23,449,False,0,1,high_cart_hesitation,offer_bounded_discount@10,False,False,False,True,True,False
cart_000582,cust_000640,2026-04-01T10:12:00,2204.81,2,desktop,True,720,10,221,True,1,0,price_sensitivity,offer_bounded_discount@10,False,False,False,False,False,False
cart_000583,cust_000791,2026-07-01T03:05:00,2777.05,1,mobile,False,180,3,507,True,1,0,technical_friction,send_reminder_whatsapp,True,False,True,True,True,False
cart_000584,cust_001061,2026-06-16T13:58:00,3952.14,1,mobile,False,180,13,678,True,0,1,high_cart_hesitation,send_reminder_email,False,False,False,False,False,False
cart_000585,cust_001347,2026-01-24T23:47:00,10489.34,1,mobile,False,10,23,661,False,0,0,high_cart_hesitation,offer_bounded_discount@10,False,False,True,True,False,False
cart_000586,cust_000100,2026-06-22T20:32:00,4264.28,4,tablet,False,10,20,444,True,3,2,technical_friction,send_reminder_email,False,False,False,True,False,False
cart_000587,cust_001404,2026-02-22T20:05:00,261.98,6,mobile,True,30,20,128,True,0,0,price_sensitivity,send_reminder_email,False,False,False,True,True,True
cart_000588,cust_000346,2026-05-10T14:16:00,21457.14,3,mobile,True,10,14,562,False,1,0,high_cart_hesitation,offer_bounded_discount@5,True,False,True,True,True,True
cart_000589,cust_000828,2026-06-12T22:23:00,1414.15,4,mobile,True,30,22,180,False,0,0,price_sensitivity,do_nothing,False,False,True,False,True,True
cart_000590,cust_001255,2026-01-29T00:19:00,1143.43,4,desktop,True,30,0,255,False,1,0,price_sensitivity,send_reminder_whatsapp,True,True,True,True,True,True
cart_000591,cust_001145,2026-02-03T18:18:00,6484.17,5,mobile,False,10,18,487,True,2,0,technical_friction,offer_bounded_discount@10,False,False,False,True,True,False
cart_000592,cust_001260,2026-07-03T22:08:00,5330.74,5,mobile,True,30,22,250,True,0,0,price_sensitivity,offer_bounded_discount@10,True,False,True,True,True,True
cart_000593,cust_001047,2026-05-13T13:53:00,22254.24,2,desktop,True,30,13,717,True,0,0,high_cart_hesitation,offer_bounded_discount@5,False,False,False,False,False,False
cart_000594,cust_000778,2026-03-30T03:30:00,2825.98,6,desktop,False,180,3,477,False,0,0,comparison_shopping,send_reminder_whatsapp,False,False,True,False,False,False
cart_000595,cust_000024,2026-01-29T02:13:00,2746.92,1,mobile,False,60,2,87,True,0,0,price_sensitivity,send_reminder_email,False,False,False,True,True,True
cart_000596,cust_000538,2026-06-12T05:50:00,2476.88,3,desktop,True,10,5,236,False,0,0,price_sensitivity,offer_bounded_discount@10,True,False,False,False,False,True
cart_000597,cust_000211,2026-06-21T03:44:00,761.93,4,mobile,True,10,3,418,False,0,0,price_sensitivity,offer_bounded_discount@10,False,False,False,False,True,False
cart_000598,cust_001184,2026-03-22T00:20:00,302.09,2,mobile,True,180,0,703,False,0,0,comparison_shopping,send_reminder_whatsapp,True,False,False,True,False,True
cart_000599,cust_000392,2026-03-31T14:19:00,2121.35,4,mobile,True,180,14,175,False,1,0,price_sensitivity,send_reminder_whatsapp,False,False,False,False,True,False
cart_000600,cust_000530,2026-03-09T02:31:00,549.22,1,mobile,False,1440,2,243,False,0,0,price_sensitivity,offer_bounded_discount@5,False,False,False,False,False,False
cart_000601,cust_000401,2026-03-31T19:20:00,4654.47,2,mobile,True,60,19,526,True,0,0,comparison_shopping,send_reminder_email,True,False,True,True,False,True
cart_000602,cust_000621,2026-03-18T10:57:00,1398.28,3,desktop,True,180,10,201,True,0,0,price_sensitivity,send_reminder_email,False,False,False,True,True,False
cart_000603,cust_000772,2026-06-23T05:27:00,2331.03,5,mobile,True,30,5,188,True,0,0,price_sensitivity,offer_bounded_discount@5,False,False,False,True,False,True
cart_000604,cust_001285,2026-04-27T09:57:00,14515.68,2,mobile,False,60,9,848,True,0,0,high_cart_hesitation,do_nothing,False,False,False,False,False,True
cart_000605,cust_001041,2026-03-31T03:10:00,16199.6,1,mobile,True,60,3,521,False,0,0,high_cart_hesitation,send_reminder_whatsapp,False,False,False,False,False,False
cart_000606,cust_000060,2026-07-01T06:04:00,1783.86,3,desktop,False,60,6,148,False,0,0,price_sensitivity,offer_bounded_discount@10,False,False,False,False,False,False
cart_000607,cust_000972,2026-05-29T12:35:00,1688.57,2,desktop,False,10,12,97,False,0,0,price_sensitivity,send_reminder_email,True,False,True,False,False,False
cart_000608,cust_001400,2026-06-03T02:54:00,2234.81,5,desktop,True,10,2,324,True,1,1,technical_friction,do_nothing,False,False,True,True,True,True
cart_000609,cust_000915,2026-02-05T23:48:00,3470.71,4,mobile,True,30,23,545,True,1,2,technical_friction,do_nothing,False,False,False,True,False,False
cart_000610,cust_001464,2026-04-20T23:55:00,2369.44,3,mobile,True,720,23,203,False,0,0,price_sensitivity,do_nothing,False,False,False,False,False,True
cart_000611,cust_000016,2026-07-14T23:08:00,17529.16,1,mobile,True,60,23,318,True,0,0,comparison_shopping,offer_bounded_discount@10,True,True,True,False,True,True
cart_000612,cust_000530,2026-07-10T03:23:00,11323.97,3,mobile,False,60,3,777,True,0,0,comparison_shopping,send_reminder_whatsapp,False,False,False,False,False,False
cart_000613,cust_000528,2026-06-30T16:00:00,8383.45,2,desktop,True,10,16,218,False,0,0,price_sensitivity,send_reminder_email,True,False,True,True,True,True
cart_000614,cust_000377,2026-06-26T07:31:00,444.11,1,mobile,False,30,7,170,False,0,0,price_sensitivity,do_nothing,False,False,False,False,True,False
cart_000615,cust_000634,2026-02-14T14:48:00,13533.25,2,desktop,False,720,14,663,False,0,0,comparison_shopping,do_nothing,False,False,False,False,False,False
cart_000616,cust_001123,2026-04-19T16:35:00,2863.25,4,mobile,True,30,16,456,True,2,2,technical_friction,send_reminder_whatsapp,True,True,True,True,True,True
cart_000617,cust_001039,2026-02-18T20:23:00,8063.62,3,desktop,True,1440,20,907,False,0,0,high_cart_hesitation,offer_bounded_discount@5,False,True,True,False,False,True
cart_000618,cust_000924,2026-05-08T00:51:00,8988.64,1,mobile,True,180,0,791,False,0,0,high_cart_hesitation,send_reminder_whatsapp,False,False,True,False,False,True
cart_000619,cust_001406,2026-06-08T19:14:00,757.07,2,mobile,False,60,19,134,False,0,0,price_sensitivity,offer_bounded_discount@5,True,False,True,True,True,True
cart_000620,cust_001128,2026-02-09T09:26:00,1926.39,1,mobile,True,180,9,323,True,0,0,price_sensitivity,send_reminder_email,False,False,False,True,False,True
cart_000621,cust_000455,2026-02-05T23:11:00,2140.58,1,tablet,False,30,23,353,True,2,1,technical_friction,send_reminder_email,True,False,True,False,False,False
cart_000622,cust_001208,2026-07-18T07:13:00,1909.14,2,mobile,True,60,7,306,False,0,0,comparison_shopping,do_nothing,False,False,False,True,True,True
cart_000623,cust_000140,2026-03-11T09:19:00,1257.39,1,desktop,True,720,9,812,False,0,0,comparison_shopping,offer_bounded_discount@5,False,True,True,True,False,True
cart_000624,cust_000274,2026-02-20T02:52:00,10825.18,3,mobile,True,180,2,148,False,0,0,price_sensitivity,do_nothing,False,False,True,False,False,False
cart_000625,cust_001247,2026-01-17T14:27:00,781.81,1,desktop,True,30,14,210,False,0,0,price_sensitivity,offer_bounded_discount@10,False,False,True,False,True,False
cart_000626,cust_000278,2026-01-29T06:07:00,3336.46,3,mobile,True,10,6,827,False,0,0,comparison_shopping,send_reminder_email,True,False,True,False,False,True
cart_000627,cust_001234,2026-04-10T10:37:00,1703.74,2,mobile,False,180,10,96,False,0,0,price_sensitivity,send_reminder_email,False,False,False,True,True,True
cart_000628,cust_000756,2026-03-10T08:49:00,8186.38,6,tablet,True,720,8,602,True,3,2,technical_friction,do_nothing,False,False,True,True,True,True
cart_000629,cust_000699,2026-01-14T03:43:00,6603.62,3,mobile,True,10,3,231,False,0,0,price_sensitivity,do_nothing,False,False,False,True,True,True
cart_000630,cust_001163,2026-02-18T18:34:00,36609.14,2,mobile,True,180,18,172,True,0,0,high_cart_hesitation,offer_bounded_discount@10,True,False,False,False,False,True
cart_000631,cust_000417,2026-06-15T10:14:00,623.58,3,desktop,False,180,10,204,False,0,0,price_sensitivity,offer_bounded_discount@5,True,False,False,False,True,False
cart_000632,cust_000471,2026-02-24T12:11:00,2608.73,1,mobile,True,60,12,687,False,0,0,comparison_shopping,offer_bounded_discount@5,True,False,True,True,True,True
cart_000633,cust_000318,2026-06-30T16:09:00,4986.21,2,mobile,True,720,16,325,True,0,2,technical_friction,offer_bounded_discount@10,False,False,False,True,True,False
cart_000634,cust_000843,2026-02-16T07:34:00,21317.47,3,mobile,True,720,7,537,True,1,2,technical_friction,send_reminder_email,True,False,True,True,True,True
cart_000635,cust_000334,2026-02-13T16:43:00,9072.54,1,mobile,True,720,16,734,False,0,0,high_cart_hesitation,send_reminder_whatsapp,True,False,False,True,False,True
cart_000636,cust_000118,2026-05-17T13:56:00,2799.97,2,mobile,True,30,13,547,False,1,0,comparison_shopping,send_reminder_whatsapp,True,False,True,True,True,True
cart_000637,cust_000327,2026-03-17T22:17:00,5567.94,1,tablet,True,30,22,20,False,0,0,comparison_shopping,send_reminder_whatsapp,True,False,False,True,False,False
cart_000638,cust_000799,2026-06-10T04:16:00,5262.47,1,mobile,False,720,4,245,False,1,0,price_sensitivity,send_reminder_email,False,False,False,False,True,True
cart_000639,cust_001227,2026-04-08T06:12:00,3625.4,3,mobile,True,180,6,82,False,0,0,price_sensitivity,do_nothing,False,False,False,False,False,True
cart_000640,cust_000620,2026-03-22T23:06:00,41386.18,1,desktop,True,720,23,194,False,0,0,high_cart_hesitation,send_reminder_email,False,False,False,False,False,False
cart_000641,cust_001327,2026-02-06T06:34:00,2691.62,2,mobile,True,720,6,223,False,0,0,price_sensitivity,send_reminder_email,False,False,False,True,False,True
cart_000642,cust_000771,2026-04-29T20:17:00,3283.8,2,mobile,True,10,20,568,True,1,1,technical_friction,send_reminder_whatsapp,True,True,True,True,True,True
cart_000643,cust_000024,2026-04-13T12:42:00,2153.83,2,mobile,False,30,12,509,False,0,0,comparison_shopping,do_nothing,False,False,False,False,False,False
cart_000644,cust_001366,2026-07-20T03:15:00,1101.81,1,mobile,False,10,3,153,False,0,0,comparison_shopping,offer_bounded_discount@5,True,False,False,True,True,False
cart_000645,cust_001036,2026-06-17T11:54:00,1115.4,3,mobile,False,720,11,647,False,0,0,comparison_shopping,offer_bounded_discount@5,False,False,False,False,False,False
cart_000646,cust_000405,2026-06-10T23:01:00,20065.7,1,mobile,False,30,23,627,True,0,0,high_cart_hesitation,send_reminder_email,True,False,True,False,True,False
cart_000647,cust_001333,2026-03-20T11:10:00,2904.8,1,tablet,True,180,11,484,True,0,0,high_cart_hesitation,send_reminder_whatsapp,False,False,False,False,True,False
cart_000648,cust_000305,2026-06-12T05:16:00,6493.55,3,desktop,True,180,5,695,True,3,1,technical_friction,offer_bounded_discount@5,True,True,True,True,True,True
cart_000649,cust_000121,2026-03-08T07:08:00,7765.8,1,mobile,True,30,7,295,False,0,0,comparison_shopping,offer_bounded_discount@10,True,True,False,False,False,True
cart_000650,cust_000985,2026-04-09T15:53:00,2814.48,1,mobile,True,10,15,338,False,0,0,comparison_shopping,do_nothing,True,True,True,True,False,True
cart_000651,cust_001453,2026-01-28T05:57:00,5614.38,3,tablet,True,1440,5,281,True,0,0,price_sensitivity,do_nothing,False,False,False,False,False,False
cart_000652,cust_000385,2026-07-14T17:43:00,4612.82,5,mobile,True,60,17,124,True,0,0,price_sensitivity,send_reminder_whatsapp,True,False,True,True,True,True
cart_000653,cust_000713,2026-06-22T05:47:00,1933.25,4,desktop,True,180,5,388,False,0,0,comparison_shopping,offer_bounded_discount@5,True,False,False,False,True,False
cart_000654,cust_000649,2026-07-11T18:51:00,5649.66,1,tablet,False,10,18,688,True,0,0,high_cart_hesitation,send_reminder_email,False,False,False,False,False,False
cart_000655,cust_001263,2026-07-12T02:42:00,8204.03,1,mobile,False,60,2,246,False,0,0,comparison_shopping,send_reminder_email,False,False,False,False,False,False
cart_000656,cust_000432,2026-05-02T15:48:00,4672.62,2,mobile,True,1440,15,173,False,0,0,price_sensitivity,offer_bounded_discount@10,False,False,False,False,False,False
cart_000657,cust_000288,2026-05-31T01:15:00,1737.53,7,mobile,True,30,1,728,True,0,0,comparison_shopping,send_reminder_whatsapp,False,False,False,False,False,False
cart_000658,cust_000527,2026-05-04T05:24:00,1984.25,3,desktop,True,180,5,178,False,1,0,price_sensitivity,offer_bounded_discount@5,False,False,False,True,False,False
cart_000659,cust_001128,2026-07-11T11:44:00,3196.69,3,mobile,True,60,11,90,False,0,0,price_sensitivity,do_nothing,False,False,False,True,True,False
cart_000660,cust_001298,2026-02-14T13:26:00,1488.08,3,mobile,False,10,13,135,True,1,0,technical_friction,offer_bounded_discount@10,True,False,True,True,True,True
cart_000661,cust_000163,2026-03-05T08:20:00,855.27,2,desktop,True,30,8,246,False,1,0,price_sensitivity,offer_bounded_discount@10,True,False,False,True,True,True
cart_000662,cust_001058,2026-03-04T23:39:00,11593.46,2,mobile,True,180,23,262,False,1,0,price_sensitivity,offer_bounded_discount@10,False,False,False,False,False,False
cart_000663,cust_000337,2026-06-05T09:28:00,3422.1,2,mobile,True,30,9,677,False,0,0,comparison_shopping,do_nothing,False,False,False,False,False,False
cart_000664,cust_001472,2026-07-17T01:11:00,8191.54,3,tablet,False,1440,1,890,False,0,0,high_cart_hesitation,send_reminder_email,False,False,False,False,False,True
cart_000665,cust_000078,2026-02-12T04:41:00,1614.38,4,mobile,False,180,4,440,True,1,0,technical_friction,send_reminder_whatsapp,True,False,True,True,True,False
cart_000666,cust_000871,2026-06-28T16:12:00,17528.21,2,mobile,True,1440,16,400,False,0,0,comparison_shopping,do_nothing,False,False,False,False,False,True
cart_000667,cust_001487,2026-05-18T23:16:00,13391.63,2,mobile,False,10,23,475,False,0,0,comparison_shopping,do_nothing,False,False,False,False,False,False
cart_000668,cust_000262,2026-04-13T03:49:00,4655.32,4,mobile,False,180,3,492,True,3,2,technical_friction,do_nothing,False,False,True,True,False,True
cart_000669,cust_000642,2026-02-01T12:57:00,36524.47,1,mobile,True,10,12,401,False,0,0,high_cart_hesitation,offer_bounded_discount@10,True,False,True,False,False,True
cart_000670,cust_001264,2026-01-20T21:08:00,897.18,2,tablet,False,10,21,181,False,0,0,price_sensitivity,send_reminder_email,False,False,False,False,False,False
cart_000671,cust_000271,2026-06-11T19:31:00,1282.63,4,desktop,False,1440,19,181,True,1,0,price_sensitivity,send_reminder_whatsapp,False,False,False,False,False,False
cart_000672,cust_001263,2026-05-08T01:45:00,16512.94,2,desktop,True,30,1,769,False,0,0,high_cart_hesitation,offer_bounded_discount@5,True,False,False,True,True,True
cart_000673,cust_001066,2026-05-26T04:46:00,1943.89,3,mobile,True,720,4,420,True,0,0,comparison_shopping,offer_bounded_discount@5,False,False,False,False,False,False
cart_000674,cust_000211,2026-04-23T15:37:00,5130.29,3,mobile,True,10,15,275,True,2,1,technical_friction,offer_bounded_discount@10,False,False,True,True,False,False
cart_000675,cust_000829,2026-02-06T17:08:00,1588.29,3,mobile,True,10,17,709,True,0,0,comparison_shopping,do_nothing,False,False,False,False,False,False
cart_000676,cust_001094,2026-05-24T13:19:00,12185.94,3,mobile,True,1440,13,440,True,0,0,high_cart_hesitation,offer_bounded_discount@5,False,False,False,False,False,True
cart_000677,cust_001241,2026-04-08T05:47:00,2977.08,1,mobile,True,30,5,644,False,0,0,comparison_shopping,send_reminder_email,True,False,True,True,True,True
cart_000678,cust_001433,2026-05-05T11:02:00,11753.63,3,mobile,True,10,11,687,False,1,0,comparison_shopping,offer_bounded_discount@5,True,False,True,True,True,True
cart_000679,cust_000208,2026-03-01T17:07:00,2432.84,5,mobile,False,720,17,136,False,0,0,price_sensitivity,offer_bounded_discount@10,True,False,False,False,True,True
cart_000680,cust_001275,2026-02-19T08:43:00,3027.38,1,desktop,True,30,8,485,True,1,1,technical_friction,do_nothing,False,False,True,True,True,True
cart_000681,cust_001443,2026-02-13T20:35:00,6551.78,3,desktop,False,10,20,180,False,0,0,price_sensitivity,send_reminder_email,False,False,False,True,False,True
cart_000682,cust_001143,2026-05-14T12:20:00,535.38,3,mobile,True,60,12,141,False,1,0,price_sensitivity,send_reminder_whatsapp,False,False,False,False,False,False
cart_000683,cust_001358,2026-04-06T06:06:00,3267.76,1,desktop,False,180,6,635,True,0,2,technical_friction,send_reminder_email,True,False,True,True,False,True
cart_000684,cust_000546,2026-05-20T12:47:00,7588.9,1,mobile,False,10,12,698,False,0,0,comparison_shopping,do_nothing,False,False,False,False,False,False
cart_000685,cust_000106,2026-05-10T05:54:00,4534.42,3,desktop,False,180,5,372,True,0,0,price_sensitivity,send_reminder_whatsapp,False,False,False,False,False,False
cart_000686,cust_000527,2026-06-30T22:39:00,5460.82,4,mobile,False,30,22,785,False,0,0,comparison_shopping,send_reminder_whatsapp,False,False,False,False,False,False
cart_000687,cust_000557,2026-02-22T20:48:00,781.14,4,mobile,False,30,20,546,False,0,0,comparison_shopping,do_nothing,False,False,False,True,True,True
cart_000688,cust_001332,2026-05-11T05:26:00,9578.03,1,mobile,True,10,5,422,True,0,0,high_cart_hesitation,offer_bounded_discount@5,False,False,False,False,False,False
cart_000689,cust_001263,2026-02-02T21:52:00,1620.57,5,desktop,True,720,21,223,False,0,0,price_sensitivity,send_reminder_whatsapp,False,False,False,False,False,False
cart_000690,cust_000305,2026-03-22T05:55:00,771.64,3,mobile,True,60,5,243,True,0,0,price_sensitivity,do_nothing,False,False,True,False,True,False
cart_000691,cust_000875,2026-01-04T08:57:00,1830.0,1,desktop,True,30,8,312,False,0,0,price_sensitivity,offer_bounded_discount@10,True,False,True,False,False,True
cart_000692,cust_000508,2026-06-18T04:34:00,20749.57,3,desktop,True,30,4,926,False,0,0,high_cart_hesitation,send_reminder_whatsapp,False,False,False,False,False,False
cart_000693,cust_001242,2026-05-22T07:59:00,2036.72,4,desktop,False,720,7,161,False,0,0,comparison_shopping,send_reminder_email,False,False,False,True,False,False
cart_000694,cust_001461,2026-03-09T17:14:00,1214.61,3,desktop,False,1440,17,560,False,1,0,comparison_shopping,offer_bounded_discount@5,True,False,False,True,True,False
cart_000695,cust_001299,2026-03-17T13:31:00,4605.84,5,desktop,True,180,13,359,False,0,0,comparison_shopping,offer_bounded_discount@10,True,False,True,True,True,True
cart_000696,cust_000493,2026-02-02T17:39:00,16733.24,1,mobile,True,180,17,787,False,0,0,high_cart_hesitation,offer_bounded_discount@10,True,True,False,True,True,True
cart_000697,cust_000433,2026-02-28T14:38:00,15624.96,2,desktop,True,60,14,1010,False,0,0,high_cart_hesitation,offer_bounded_discount@10,True,False,False,False,True,True
cart_000698,cust_000885,2026-05-21T22:35:00,21555.5,2,mobile,True,180,22,763,True,0,0,high_cart_hesitation,do_nothing,True,True,True,False,False,False
cart_000699,cust_001334,2026-03-18T21:08:00,4627.6,5,mobile,True,60,21,207,False,0,0,comparison_shopping,do_nothing,False,False,True,False,False,True
cart_000700,cust_001306,2026-06-27T09:16:00,8121.77,1,mobile,True,30,9,564,True,1,0,high_cart_hesitation,send_reminder_email,False,False,False,False,False,False
cart_000701,cust_000774,2026-04-22T15:38:00,19633.23,5,desktop,False,60,15,292,True,1,0,comparison_shopping,do_nothing,False,False,True,False,True,True
cart_000702,cust_000910,2026-04-02T21:11:00,11647.8,1,mobile,True,180,21,325,True,2,1,technical_friction,offer_bounded_discount@5,True,True,True,True,True,True
cart_000703,cust_000624,2026-05-22T09:46:00,1315.32,2,mobile,False,180,9,678,False,0,0,comparison_shopping,send_reminder_whatsapp,False,False,False,False,False,False
cart_000704,cust_001154,2026-01-01T11:15:00,2252.16,2,mobile,False,60,11,173,True,0,0,price_sensitivity,send_reminder_whatsapp,True,False,False,True,True,True
cart_000705,cust_000007,2026-04-29T05:22:00,3213.85,4,mobile,False,10,5,183,False,0,0,price_sensitivity,send_reminder_email,False,True,False,False,True,True
cart_000706,cust_001464,2026-07-04T22:18:00,6172.91,1,mobile,True,30,22,320,True,2,2,technical_friction,do_nothing,False,False,True,True,False,True
cart_000707,cust_001481,2026-01-08T20:06:00,1746.81,1,desktop,True,30,20,248,False,0,0,price_sensitivity,do_nothing,False,False,False,False,False,False
cart_000708,cust_001401,2026-01-09T14:30:00,2103.71,2,desktop,False,180,14,559,False,1,0,comparison_shopping,do_nothing,False,False,False,False,False,False
cart_000709,cust_000704,2026-03-15T20:31:00,969.99,3,mobile,True,60,20,270,True,0,0,price_sensitivity,do_nothing,False,False,True,True,True,True
cart_000710,cust_000785,2026-03-01T15:37:00,4878.17,1,mobile,True,30,15,620,False,1,0,comparison_shopping,offer_bounded_discount@10,True,False,True,True,True,True
cart_000711,cust_000146,2026-06-06T21:56:00,2172.12,4,desktop,True,720,21,406,True,1,2,technical_friction,offer_bounded_discount@10,False,False,False,True,False,False
cart_000712,cust_000643,2026-04-25T12:33:00,6982.71,2,mobile,True,720,12,1072,True,0,0,high_cart_hesitation,offer_bounded_discount@10,True,False,False,False,True,True
cart_000713,cust_000835,2026-01-27T15:39:00,6664.18,4,mobile,True,720,15,325,True,1,1,technical_friction,offer_bounded_discount@10,False,False,False,False,False,False
cart_000714,cust_000162,2026-06-01T08:55:00,9053.17,4,mobile,True,30,8,722,False,0,0,comparison_shopping,offer_bounded_discount@10,True,False,True,True,False,True
cart_000715,cust_000172,2026-04-13T10:03:00,9599.15,2,mobile,True,60,10,144,False,0,0,price_sensitivity,send_reminder_whatsapp,True,False,False,True,False,False
cart_000716,cust_000451,2026-03-12T02:45:00,5510.04,2,mobile,True,30,2,478,False,0,1,high_cart_hesitation,send_reminder_email,True,False,True,True,False,False
cart_000717,cust_001078,2026-01-16T11:33:00,13907.18,1,mobile,True,1440,11,484,True,3,1,technical_friction,send_reminder_email,False,False,False,True,False,False
cart_000718,cust_000383,2026-05-28T20:24:00,4025.0,4,desktop,True,720,20,163,False,0,0,price_sensitivity,send_reminder_email,False,False,False,False,True,True
cart_000719,cust_000953,2026-02-04T00:19:00,2094.88,2,mobile,False,10,0,1131,False,0,0,comparison_shopping,send_reminder_email,False,False,False,False,False,False
cart_000720,cust_000871,2026-01-20T12:40:00,4883.8,1,mobile,True,180,12,608,True,3,0,technical_friction,do_nothing,False,False,False,False,False,False
cart_000721,cust_000466,2026-04-30T03:18:00,359.37,1,mobile,True,1440,3,20,False,1,0,price_sensitivity,do_nothing,False,False,False,False,False,True
cart_000722,cust_000695,2026-03-04T03:18:00,8122.04,4,desktop,True,30,3,504,True,1,1,technical_friction,do_nothing,False,False,True,True,False,True
cart_000723,cust_000474,2026-02-26T09:07:00,2168.41,2,desktop,True,1440,9,642,False,0,0,comparison_shopping,send_reminder_whatsapp,True,False,True,True,False,False
cart_000724,cust_001126,2026-03-03T12:37:00,6451.18,1,mobile,True,10,12,808,True,0,0,high_cart_hesitation,send_reminder_whatsapp,True,False,False,True,True,True
cart_000725,cust_000068,2026-01-27T05:01:00,862.18,6,mobile,True,720,5,259,False,0,0,price_sensitivity,send_reminder_whatsapp,True,False,True,True,True,False
cart_000726,cust_000227,2026-06-23T19:50:00,881.77,4,mobile,False,30,19,242,True,0,0,price_sensitivity,send_reminder_whatsapp,False,False,False,False,False,False
cart_000727,cust_000785,2026-05-23T19:42:00,19718.65,1,desktop,True,720,19,74,True,0,0,price_sensitivity,send_reminder_whatsapp,False,True,False,False,True,True
cart_000728,cust_000550,2026-03-06T17:13:00,16252.02,1,desktop,True,180,17,768,False,0,0,high_cart_hesitation,offer_bounded_discount@5,True,True,False,True,True,True
cart_000729,cust_000086,2026-05-29T08:39:00,346.29,2,mobile,False,30,8,20,True,0,0,price_sensitivity,do_nothing,False,False,True,False,True,True
cart_000730,cust_000882,2026-07-17T00:42:00,16292.51,2,mobile,True,10,0,945,False,0,1,high_cart_hesitation,do_nothing,False,False,False,False,False,False
cart_000731,cust_000178,2026-02-05T23:39:00,1195.58,2,desktop,True,30,23,309,True,2,0,technical_friction,offer_bounded_discount@5,True,False,True,True,True,False
cart_000732,cust_000091,2026-06-17T08:18:00,3584.2,3,tablet,True,30,8,150,True,0,0,price_sensitivity,offer_bounded_discount@10,True,False,False,False,True,True
cart_000733,cust_000956,2026-04-26T17:46:00,18832.68,2,mobile,True,60,17,696,False,0,0,high_cart_hesitation,send_reminder_whatsapp,False,False,False,False,False,False
cart_000734,cust_001496,2026-04-12T15:23:00,13980.01,2,mobile,True,60,15,460,True,0,0,high_cart_hesitation,send_reminder_email,False,False,False,True,False,True
cart_000735,cust_000464,2026-05-15T08:06:00,1576.43,4,mobile,True,10,8,125,False,1,0,price_sensitivity,offer_bounded_discount@10,True,False,True,False,True,True
cart_000736,cust_000155,2026-03-11T11:16:00,4717.71,6,mobile,True,30,11,597,False,0,0,comparison_shopping,offer_bounded_discount@5,False,False,False,True,False,False
cart_000737,cust_000574,2026-03-19T23:42:00,4553.37,2,desktop,True,1440,23,833,True,1,0,high_cart_hesitation,offer_bounded_discount@5,False,True,False,True,False,True
cart_000738,cust_000804,2026-06-30T06:13:00,11080.16,1,mobile,True,30,6,546,False,0,0,high_cart_hesitation,offer_bounded_discount@5,False,False,True,False,False,False
cart_000739,cust_001453,2026-01-29T16:58:00,1471.88,3,mobile,True,30,16,119,False,0,0,price_sensitivity,send_reminder_email,True,True,True,True,True,True
cart_000740,cust_001404,2026-01-07T20:39:00,3777.35,4,desktop,True,30,20,115,False,0,0,price_sensitivity,offer_bounded_discount@10,True,False,False,False,False,True
cart_000741,cust_000266,2026-05-18T12:17:00,1758.51,3,mobile,True,180,12,138,True,0,0,price_sensitivity,do_nothing,False,False,False,False,True,True
cart_000742,cust_001091,2026-03-29T18:19:00,17290.2,1,desktop,True,720,18,165,False,0,0,high_cart_hesitation,send_reminder_email,False,False,False,False,False,False
cart_000743,cust_000548,2026-07-17T14:13:00,14837.06,1,desktop,True,10,14,1260,False,0,0,high_cart_hesitation,send_reminder_email,False,False,False,False,False,False
cart_000744,cust_000741,2026-04-24T12:16:00,1894.09,2,mobile,True,720,12,455,True,3,1,technical_friction,offer_bounded_discount@5,True,True,True,True,True,True
cart_000745,cust_000134,2026-04-01T04:29:00,1383.8,3,mobile,False,60,4,459,True,1,1,technical_friction,send_reminder_whatsapp,True,True,True,True,True,True
cart_000746,cust_000056,2026-02-17T09:28:00,26308.65,2,mobile,False,180,9,399,False,0,1,high_cart_hesitation,offer_bounded_discount@10,False,False,False,False,True,False
cart_000747,cust_000456,2026-01-07T13:09:00,7089.05,1,desktop,True,180,13,396,False,0,0,comparison_shopping,send_reminder_whatsapp,False,False,False,False,False,False
cart_000748,cust_000016,2026-03-29T02:41:00,4387.17,2,mobile,True,60,2,234,True,0,0,high_cart_hesitation,send_reminder_email,False,False,False,False,False,False
cart_000749,cust_000251,2026-04-24T16:42:00,10827.15,1,desktop,False,60,16,629,False,0,0,high_cart_hesitation,send_reminder_whatsapp,True,False,False,True,False,False
cart_000750,cust_000912,2026-01-15T20:51:00,30553.33,1,tablet,True,30,20,573,False,0,0,comparison_shopping,offer_bounded_discount@10,True,False,False,False,True,True
cart_000751,cust_000802,2026-01-14T08:46:00,2203.51,3,mobile,False,60,8,718,False,0,0,comparison_shopping,offer_bounded_discount@10,False,False,False,False,False,False
cart_000752,cust_000565,2026-03-12T22:54:00,8087.1,1,tablet,True,10,22,918,True,0,0,high_cart_hesitation,send_reminder_whatsapp,False,False,False,False,False,False
cart_000753,cust_001094,2026-03-27T20:10:00,2916.56,3,mobile,True,10,20,43,False,0,0,price_sensitivity,offer_bounded_discount@10,True,False,False,True,True,True
cart_000754,cust_000018,2026-04-10T00:50:00,25242.89,3,mobile,True,720,0,628,False,0,0,high_cart_hesitation,offer_bounded_discount@10,False,False,False,False,False,False
cart_000755,cust_000764,2026-02-25T07:46:00,1444.88,3,mobile,False,60,7,212,False,0,0,price_sensitivity,send_reminder_whatsapp,True,False,False,True,False,False
cart_000756,cust_001108,2026-05-02T20:08:00,1715.65,1,mobile,True,10,20,523,False,0,0,comparison_shopping,offer_bounded_discount@10,False,False,False,False,True,False
cart_000757,cust_001295,2026-05-09T07:52:00,1500.89,1,mobile,True,10,7,407,True,1,1,technical_friction,send_reminder_email,True,True,True,True,True,True
cart_000758,cust_001345,2026-03-28T06:23:00,386.06,1,mobile,True,720,6,210,False,0,0,price_sensitivity,send_reminder_email,False,True,False,False,False,False
cart_000759,cust_000838,2026-01-17T21:23:00,4221.9,1,mobile,True,10,21,812,True,1,0,high_cart_hesitation,send_reminder_whatsapp,False,False,False,False,True,False
cart_000760,cust_001009,2026-04-01T09:20:00,1083.72,4,mobile,True,10,9,177,True,2,0,technical_friction,offer_bounded_discount@10,True,True,True,True,True,True
cart_000761,cust_001477,2026-02-14T18:48:00,1963.48,1,desktop,True,1440,18,180,True,0,0,comparison_shopping,offer_bounded_discount@5,False,False,False,False,False,False
cart_000762,cust_000595,2026-02-11T07:12:00,13627.38,1,desktop,True,180,7,241,True,0,0,price_sensitivity,do_nothing,False,False,False,True,True,True
cart_000763,cust_001434,2026-07-02T22:16:00,18588.2,3,mobile,True,30,22,701,True,0,1,high_cart_hesitation,send_reminder_whatsapp,True,False,True,True,True,True
cart_000764,cust_000489,2026-05-02T18:57:00,8702.85,2,mobile,False,30,18,953,False,0,0,high_cart_hesitation,offer_bounded_discount@10,False,False,False,True,False,False
cart_000765,cust_000830,2026-06-24T13:39:00,17371.47,1,mobile,True,30,13,843,True,0,0,high_cart_hesitation,offer_bounded_discount@5,False,False,False,False,False,True
cart_000766,cust_001079,2026-03-14T01:31:00,3190.09,5,desktop,True,720,1,541,True,0,2,technical_friction,do_nothing,True,True,True,True,True,True
cart_000767,cust_000729,2026-02-18T21:23:00,594.18,5,tablet,True,60,21,98,False,0,0,price_sensitivity,do_nothing,False,False,True,True,True,True
cart_000768,cust_001157,2026-03-29T22:42:00,6397.21,2,mobile,True,10,22,818,False,0,0,comparison_shopping,send_reminder_whatsapp,True,True,True,True,True,True
cart_000769,cust_000494,2026-04-01T13:59:00,4377.97,3,mobile,False,180,13,510,False,0,0,comparison_shopping,offer_bounded_discount@5,False,False,False,False,False,False
cart_000770,cust_000463,2026-01-22T22:10:00,2047.24,3,desktop,True,30,22,534,True,0,0,comparison_shopping,do_nothing,True,True,False,False,False,False
cart_000771,cust_000835,2026-02-04T15:37:00,1096.75,1,desktop,True,720,15,161,False,0,0,price_sensitivity,offer_bounded_discount@10,False,False,False,False,True,False
cart_000772,cust_000841,2026-04-03T04:14:00,1819.7,4,mobile,True,10,4,169,True,1,0,price_sensitivity,send_reminder_email,False,False,False,False,True,False
cart_000773,cust_000773,2026-01-21T06:53:00,7827.06,3,tablet,True,10,6,776,False,0,0,comparison_shopping,send_reminder_whatsapp,True,False,True,True,True,True
cart_000774,cust_001235,2026-01-06T11:50:00,2439.2,4,desktop,True,180,11,884,False,1,0,comparison_shopping,offer_bounded_discount@5,False,True,True,True,False,False
cart_000775,cust_000078,2026-05-04T18:56:00,1869.06,2,desktop,True,180,18,525,True,0,0,comparison_shopping,offer_bounded_discount@5,False,False,False,False,False,False
cart_000776,cust_000302,2026-07-09T22:21:00,938.9,1,desktop,True,60,22,274,False,0,0,price_sensitivity,do_nothing,False,False,False,False,False,True
cart_000777,cust_000667,2026-06-23T14:00:00,3265.4,7,mobile,True,60,14,477,True,2,1,technical_friction,send_reminder_email,False,False,False,True,True,True
cart_000778,cust_000508,2026-02-19T19:38:00,4140.71,1,tablet,True,1440,19,198,True,0,0,price_sensitivity,send_reminder_whatsapp,False,False,False,False,False,False
cart_000779,cust_001256,2026-02-04T11:05:00,10442.89,1,desktop,True,10,11,200,True,2,0,technical_friction,send_reminder_email,False,False,False,True,True,True
cart_000780,cust_000695,2026-05-05T15:47:00,4473.61,2,desktop,True,180,15,163,False,0,0,price_sensitivity,send_reminder_email,False,True,False,True,False,False
cart_000781,cust_000915,2026-03-23T21:01:00,7484.75,2,mobile,False,720,21,1007,True,1,0,high_cart_hesitation,offer_bounded_discount@10,False,True,False,False,False,False
cart_000782,cust_000451,2026-06-06T10:59:00,31325.24,2,mobile,False,720,10,543,False,0,0,comparison_shopping,offer_bounded_discount@5,True,False,True,True,True,True
cart_000783,cust_001469,2026-03-20T17:26:00,4110.41,2,mobile,True,1440,17,263,False,0,0,comparison_shopping,offer_bounded_discount@5,True,False,True,False,True,False
cart_000784,cust_000073,2026-02-27T12:16:00,1127.39,4,desktop,False,1440,12,204,False,0,0,price_sensitivity,offer_bounded_discount@5,True,False,False,False,True,False
cart_000785,cust_000570,2026-02-25T19:41:00,8740.66,1,mobile,False,720,19,1029,False,0,0,high_cart_hesitation,send_reminder_whatsapp,False,False,False,False,False,False
cart_000786,cust_001066,2026-02-24T19:48:00,17206.31,1,desktop,True,180,19,456,False,0,0,high_cart_hesitation,offer_bounded_discount@5,False,False,False,False,False,False
cart_000787,cust_001077,2026-07-12T00:16:00,21708.92,2,desktop,True,180,0,478,False,0,0,high_cart_hesitation,offer_bounded_discount@10,False,False,False,False,False,False
cart_000788,cust_000996,2026-01-18T21:47:00,12402.33,2,desktop,True,30,21,855,True,0,0,high_cart_hesitation,offer_bounded_discount@5,True,True,False,True,True,True
cart_000789,cust_000460,2026-05-03T23:36:00,21372.55,1,mobile,False,180,23,319,False,0,0,high_cart_hesitation,send_reminder_whatsapp,True,False,False,True,False,True
cart_000790,cust_000632,2026-02-17T07:05:00,1364.74,7,mobile,True,180,7,368,False,1,2,technical_friction,offer_bounded_discount@10,True,False,True,True,True,True
cart_000791,cust_000364,2026-02-07T12:17:00,2991.44,4,mobile,False,10,12,225,False,0,0,comparison_shopping,offer_bounded_discount@5,False,False,False,False,False,False
cart_000792,cust_001257,2026-04-22T10:42:00,854.36,1,mobile,True,720,10,119,True,0,0,price_sensitivity,offer_bounded_discount@10,False,False,True,False,False,False
cart_000793,cust_001482,2026-03-13T15:01:00,2182.04,1,tablet,True,30,15,745,False,0,0,comparison_shopping,offer_bounded_discount@10,True,False,True,False,False,True
cart_000794,cust_001325,2026-03-01T21:16:00,838.72,4,desktop,True,60,21,361,True,3,2,technical_friction,offer_bounded_discount@5,True,True,False,False,True,True
cart_000795,cust_000174,2026-05-26T13:58:00,1333.69,3,desktop,True,720,13,525,True,0,0,comparison_shopping,offer_bounded_discount@5,False,False,False,False,False,False
cart_000796,cust_000217,2026-05-28T02:03:00,1254.24,1,mobile,True,60,2,525,True,0,0,comparison_shopping,offer_bounded_discount@5,False,False,False,False,False,False
cart_000797,cust_000519,2026-03-01T01:39:00,5475.3,1,mobile,False,10,1,695,True,1,0,technical_friction,offer_bounded_discount@5,True,False,False,True,True,False
cart_000798,cust_001149,2026-03-14T06:05:00,12432.44,2,mobile,False,180,6,191,True,1,1,technical_friction,send_reminder_email,True,False,True,True,True,True
cart_000799,cust_001329,2026-07-04T16:18:00,2246.67,3,mobile,False,1440,16,294,False,0,0,comparison_shopping,do_nothing,False,False,False,False,False,False
cart_000800,cust_000948,2026-07-10T07:32:00,1229.36,6,mobile,False,60,7,120,False,0,0,price_sensitivity,offer_bounded_discount@5,True,False,True,True,True,True
cart_000801,cust_000021,2026-07-16T21:16:00,2291.04,6,mobile,True,30,21,501,True,2,2,technical_friction,send_reminder_email,True,False,True,True,True,True
cart_000802,cust_001093,2026-06-24T09:49:00,719.1,1,mobile,True,180,9,388,True,0,0,price_sensitivity,send_reminder_whatsapp,False,False,False,False,True,True
cart_000803,cust_000401,2026-02-17T02:45:00,2679.9,1,tablet,False,180,2,352,True,0,0,price_sensitivity,offer_bounded_discount@5,False,False,False,False,False,False
cart_000804,cust_000420,2026-01-10T22:33:00,1436.9,1,desktop,False,180,22,970,True,1,0,high_cart_hesitation,offer_bounded_discount@10,False,False,False,False,False,False
cart_000805,cust_001025,2026-05-02T16:32:00,2670.81,3,mobile,True,1440,16,467,False,0,0,comparison_shopping,offer_bounded_discount@10,True,False,True,True,True,True
cart_000806,cust_000712,2026-06-17T06:58:00,5244.9,1,mobile,True,180,6,239,True,1,1,technical_friction,send_reminder_whatsapp,True,True,True,True,True,True
cart_000807,cust_000815,2026-02-12T12:09:00,3376.59,4,mobile,True,180,12,254,False,0,0,price_sensitivity,offer_bounded_discount@5,True,False,True,False,True,True
cart_000808,cust_000556,2026-03-26T12:37:00,4071.26,2,mobile,True,10,12,215,False,0,0,price_sensitivity,send_reminder_whatsapp,False,False,False,False,False,False
cart_000809,cust_000850,2026-05-04T20:05:00,5034.75,2,mobile,True,180,20,20,False,0,0,comparison_shopping,offer_bounded_discount@5,True,False,True,False,True,False
cart_000810,cust_001202,2026-03-31T00:37:00,785.9,3,desktop,False,720,0,168,True,0,0,price_sensitivity,do_nothing,False,False,False,False,False,False
cart_000811,cust_000256,2026-05-28T03:27:00,8391.7,1,mobile,True,60,3,216,True,1,1,technical_friction,offer_bounded_discount@10,True,False,True,True,False,True
cart_000812,cust_000728,2026-03-02T09:15:00,2085.31,1,mobile,True,30,9,203,True,0,0,price_sensitivity,send_reminder_email,True,False,True,False,False,True
cart_000813,cust_000744,2026-05-15T19:32:00,12918.48,2,desktop,False,720,19,473,False,0,0,high_cart_hesitation,do_nothing,False,False,False,False,False,False
cart_000814,cust_000761,2026-03-01T00:32:00,1421.27,5,mobile,True,720,0,121,False,0,0,price_sensitivity,send_reminder_whatsapp,True,False,False,True,True,True
cart_000815,cust_000597,2026-05-24T06:05:00,2133.24,1,desktop,True,10,6,218,True,0,0,price_sensitivity,send_reminder_email,True,True,True,False,True,True
cart_000816,cust_000941,2026-03-10T05:56:00,16670.7,4,mobile,True,720,5,198,False,0,0,price_sensitivity,offer_bounded_discount@10,True,True,False,True,False,True
cart_000817,cust_001131,2026-05-26T23:34:00,4171.5,1,mobile,True,1440,23,558,True,1,2,technical_friction,offer_bounded_discount@5,False,False,False,True,False,True
cart_000818,cust_000496,2026-07-04T12:34:00,8922.95,3,mobile,False,180,12,333,True,0,0,price_sensitivity,send_reminder_whatsapp,False,True,False,False,True,True
cart_000819,cust_001368,2026-01-23T19:04:00,2716.56,3,desktop,True,60,19,181,False,0,0,comparison_shopping,send_reminder_whatsapp,True,True,True,True,True,True
cart_000820,cust_000377,2026-04-16T10:43:00,455.38,2,desktop,True,180,10,156,True,0,0,price_sensitivity,send_reminder_whatsapp,False,False,False,False,True,True
cart_000821,cust_001287,2026-03-26T13:58:00,7012.31,2,desktop,True,10,13,572,True,0,0,comparison_shopping,offer_bounded_discount@5,True,True,True,True,True,True
cart_000822,cust_000932,2026-07-19T06:50:00,4271.24,4,desktop,True,60,6,194,False,0,0,price_sensitivity,do_nothing,False,False,True,False,False,False
cart_000823,cust_001165,2026-02-21T10:56:00,2306.88,2,tablet,False,10,10,111,True,0,0,price_sensitivity,do_nothing,False,False,False,False,False,False
cart_000824,cust_000173,2026-04-07T19:18:00,10692.16,2,mobile,True,60,19,572,True,0,0,high_cart_hesitation,offer_bounded_discount@5,False,False,False,False,False,False
cart_000825,cust_001261,2026-01-02T02:36:00,1885.11,4,mobile,True,30,2,286,True,0,0,price_sensitivity,offer_bounded_discount@5,False,False,False,False,False,True
cart_000826,cust_001290,2026-02-14T19:49:00,1258.79,5,mobile,False,60,19,124,True,0,0,price_sensitivity,send_reminder_email,True,False,True,True,False,True
cart_000827,cust_001326,2026-07-13T19:16:00,11051.35,2,tablet,False,180,19,510,True,0,0,high_cart_hesitation,send_reminder_email,False,False,False,False,True,False
cart_000828,cust_000718,2026-04-10T08:37:00,1882.39,3,desktop,False,720,8,187,False,0,0,price_sensitivity,send_reminder_email,False,False,False,False,False,False
cart_000829,cust_001230,2026-06-29T09:17:00,3778.52,1,desktop,True,30,9,558,False,0,0,comparison_shopping,do_nothing,False,False,False,False,False,False
cart_000830,cust_001303,2026-07-02T12:17:00,3708.88,2,mobile,True,30,12,659,False,0,0,comparison_shopping,offer_bounded_discount@5,False,False,False,True,False,False
cart_000831,cust_000997,2026-04-29T16:44:00,5965.16,3,desktop,True,30,16,487,True,1,1,technical_friction,offer_bounded_discount@10,True,False,True,True,True,True
cart_000832,cust_000923,2026-04-24T23:00:00,18754.38,1,desktop,True,720,23,218,False,0,0,high_cart_hesitation,offer_bounded_discount@10,False,False,False,False,False,False
cart_000833,cust_000696,2026-04-06T12:29:00,15113.66,3,mobile,False,720,12,552,False,0,0,comparison_shopping,offer_bounded_discount@5,False,False,False,False,False,True
cart_000834,cust_000175,2026-01-11T01:13:00,8143.72,2,mobile,False,30,1,728,True,0,0,high_cart_hesitation,do_nothing,False,False,False,False,False,False
cart_000835,cust_001217,2026-01-27T17:15:00,6697.18,3,mobile,True,180,17,1250,False,0,1,high_cart_hesitation,do_nothing,False,False,False,False,False,False
cart_000836,cust_000650,2026-01-04T23:33:00,12919.36,2,tablet,True,60,23,759,True,0,0,comparison_shopping,offer_bounded_discount@5,True,False,False,False,True,False
cart_000837,cust_001405,2026-01-16T15:03:00,18702.36,1,mobile,True,180,15,652,False,0,1,high_cart_hesitation,send_reminder_whatsapp,True,False,False,True,False,False
cart_000838,cust_000760,2026-02-02T07:41:00,2359.07,2,mobile,False,60,7,317,False,0,0,price_sensitivity,send_reminder_email,False,False,False,False,True,True
cart_000839,cust_001099,2026-01-07T20:37:00,36899.52,2,mobile,True,60,20,485,False,0,0,high_cart_hesitation,send_reminder_whatsapp,False,False,False,False,False,False
cart_000840,cust_001420,2026-01-31T01:35:00,2605.15,1,mobile,False,60,1,329,False,1,0,comparison_shopping,send_reminder_whatsapp,True,False,True,True,True,True
cart_000841,cust_001240,2026-01-13T22:29:00,3005.92,4,mobile,True,720,22,349,False,0,0,comparison_shopping,offer_bounded_discount@5,False,False,True,False,False,False
cart_000842,cust_000933,2026-04-20T13:45:00,4062.46,3,desktop,True,1440,13,297,True,3,2,technical_friction,send_reminder_email,True,False,True,True,True,True
cart_000843,cust_000024,2026-04-09T11:30:00,4445.85,3,mobile,True,180,11,207,False,0,0,comparison_shopping,send_reminder_email,False,False,False,True,True,True
cart_000844,cust_000170,2026-05-30T09:56:00,2385.19,1,mobile,False,60,9,330,False,0,0,price_sensitivity,offer_bounded_discount@5,False,False,False,True,False,True
cart_000845,cust_000852,2026-03-05T23:25:00,6782.6,2,mobile,True,10,23,496,False,1,0,comparison_shopping,offer_bounded_discount@5,True,True,True,True,True,True
cart_000846,cust_000370,2026-05-20T19:35:00,3659.89,2,desktop,True,1440,19,295,True,3,0,technical_friction,offer_bounded_discount@10,True,False,True,False,True,True
cart_000847,cust_000441,2026-05-17T01:32:00,1526.63,1,tablet,False,180,1,344,True,0,2,technical_friction,offer_bounded_discount@10,False,False,False,False,False,False
cart_000848,cust_000653,2026-05-16T23:55:00,1035.74,3,mobile,True,60,23,209,False,0,0,price_sensitivity,send_reminder_whatsapp,True,False,True,True,True,True
cart_000849,cust_000624,2026-01-31T06:03:00,2306.46,1,mobile,True,720,6,578,False,0,0,comparison_shopping,do_nothing,False,False,False,False,False,False
cart_000850,cust_001106,2026-06-14T10:41:00,3409.79,5,mobile,True,720,10,660,False,1,0,comparison_shopping,send_reminder_email,False,False,False,True,False,False
cart_000851,cust_000859,2026-06-18T18:28:00,12605.93,6,mobile,False,30,18,624,False,0,0,comparison_shopping,offer_bounded_discount@10,True,False,True,False,True,True
cart_000852,cust_000348,2026-05-31T05:35:00,12370.34,2,mobile,True,30,5,666,True,0,0,comparison_shopping,offer_bounded_discount@10,True,True,True,True,True,True
cart_000853,cust_000102,2026-02-25T04:08:00,9092.3,3,mobile,True,30,4,803,True,0,0,high_cart_hesitation,send_reminder_email,False,False,False,False,True,False
cart_000854,cust_000290,2026-07-20T06:28:00,4776.64,2,desktop,True,10,6,162,True,1,1,technical_friction,send_reminder_email,False,False,False,True,True,True
cart_000855,cust_001299,2026-01-20T19:39:00,1072.2,1,desktop,True,10,19,318,False,0,0,comparison_shopping,send_reminder_email,False,False,False,False,True,True
cart_000856,cust_000125,2026-01-10T03:55:00,7359.92,2,mobile,False,30,3,723,True,0,1,high_cart_hesitation,offer_bounded_discount@10,True,False,False,False,True,True
cart_000857,cust_000432,2026-05-23T08:59:00,820.76,3,desktop,True,60,8,160,True,0,0,price_sensitivity,offer_bounded_discount@5,False,True,False,False,False,False
cart_000858,cust_001401,2026-02-06T22:03:00,2306.77,4,mobile,False,1440,22,383,True,1,1,technical_friction,do_nothing,False,False,False,True,False,False
cart_000859,cust_000915,2026-02-05T20:59:00,1002.73,5,mobile,False,720,20,340,False,0,0,comparison_shopping,send_reminder_whatsapp,False,False,False,False,False,False
cart_000860,cust_000171,2026-05-28T07:54:00,559.55,2,mobile,True,180,7,252,True,0,0,price_sensitivity,do_nothing,True,True,True,True,True,True
cart_000861,cust_000299,2026-01-18T08:40:00,8020.63,3,mobile,True,1440,8,1136,True,0,0,high_cart_hesitation,send_reminder_whatsapp,False,True,False,False,False,False
cart_000862,cust_000428,2026-01-21T07:07:00,1420.01,4,mobile,True,1440,7,278,False,0,0,price_sensitivity,offer_bounded_discount@5,False,False,True,False,False,False
cart_000863,cust_001493,2026-04-12T08:57:00,1694.23,4,desktop,False,10,8,351,True,0,2,technical_friction,send_reminder_whatsapp,True,False,False,True,True,True
cart_000864,cust_001329,2026-04-22T06:50:00,1287.34,3,mobile,True,180,6,130,False,0,0,price_sensitivity,send_reminder_whatsapp,False,False,False,False,False,False
cart_000865,cust_001487,2026-07-12T10:49:00,17997.12,1,desktop,True,10,10,89,True,0,0,high_cart_hesitation,do_nothing,False,False,False,False,False,False
cart_000866,cust_001153,2026-05-15T01:34:00,21072.98,2,mobile,True,60,1,1019,False,0,0,high_cart_hesitation,send_reminder_email,False,False,False,True,False,True
cart_000867,cust_001305,2026-06-15T09:59:00,1228.8,2,desktop,True,1440,9,145,False,0,0,price_sensitivity,offer_bounded_discount@5,True,True,False,False,True,True
cart_000868,cust_001484,2026-05-09T03:34:00,318.77,1,desktop,True,10,3,353,False,0,0,price_sensitivity,offer_bounded_discount@5,True,False,False,True,True,True
cart_000869,cust_000821,2026-01-16T17:54:00,1739.5,1,mobile,True,1440,17,345,True,2,1,technical_friction,offer_bounded_discount@10,True,False,False,False,False,True
cart_000870,cust_000674,2026-01-24T18:44:00,1835.11,1,desktop,True,10,18,185,True,0,0,price_sensitivity,offer_bounded_discount@10,True,False,True,True,False,True
cart_000871,cust_000328,2026-07-17T20:12:00,8373.14,2,mobile,True,720,20,684,False,1,0,comparison_shopping,offer_bounded_discount@5,False,False,False,False,False,False
cart_000872,cust_000482,2026-02-13T07:19:00,4323.63,4,desktop,True,10,7,374,False,0,0,comparison_shopping,offer_bounded_discount@10,True,False,True,True,True,True
cart_000873,cust_000196,2026-07-06T23:09:00,1045.65,5,desktop,True,180,23,668,True,2,1,technical_friction,offer_bounded_discount@10,True,False,True,True,True,True
cart_000874,cust_000488,2026-06-04T06:22:00,1188.93,3,mobile,False,60,6,320,True,0,0,price_sensitivity,do_nothing,False,False,False,False,True,True
cart_000875,cust_001158,2026-07-17T14:07:00,4446.18,4,mobile,True,30,14,236,True,0,0,price_sensitivity,do_nothing,False,False,False,True,False,False
cart_000876,cust_000624,2026-07-16T10:29:00,1358.9,1,mobile,True,720,10,210,True,0,0,price_sensitivity,send_reminder_email,False,True,False,True,False,True
cart_000877,cust_000667,2026-01-01T10:18:00,3601.08,3,mobile,True,1440,10,416,False,0,0,comparison_shopping,send_reminder_email,False,False,False,True,False,True
cart_000878,cust_000499,2026-04-21T14:00:00,952.19,3,desktop,True,180,14,167,False,1,0,price_sensitivity,offer_bounded_discount@10,False,False,False,False,False,False
cart_000879,cust_000075,2026-04-23T01:39:00,1498.53,1,mobile,True,30,1,833,True,0,0,comparison_shopping,do_nothing,False,False,True,False,True,True
cart_000880,cust_000017,2026-07-14T01:35:00,996.87,3,desktop,False,180,1,550,False,0,0,comparison_shopping,send_reminder_email,False,False,False,True,False,True
cart_000881,cust_000557,2026-04-12T07:03:00,3839.3,5,mobile,True,30,7,264,False,1,0,comparison_shopping,offer_bounded_discount@10,False,False,False,False,False,False
cart_000882,cust_000854,2026-07-17T18:43:00,2216.89,4,mobile,True,10,18,173,True,0,0,price_sensitivity,offer_bounded_discount@5,False,False,False,False,False,False
cart_000883,cust_000236,2026-06-24T04:40:00,3509.28,1,mobile,True,10,4,113,False,0,0,comparison_shopping,offer_bounded_discount@10,False,False,False,False,False,False
cart_000884,cust_000174,2026-06-14T22:28:00,6459.09,3,mobile,False,10,22,972,True,0,0,high_cart_hesitation,send_reminder_whatsapp,False,False,False,False,False,True
cart_000885,cust_000666,2026-03-23T21:31:00,1951.94,4,mobile,False,30,21,197,True,0,0,price_sensitivity,offer_bounded_discount@5,True,False,True,True,True,True
cart_000886,cust_000592,2026-04-28T07:22:00,10982.04,3,desktop,True,720,7,415,False,0,0,comparison_shopping,offer_bounded_discount@5,True,False,True,False,True,True
cart_000887,cust_000805,2026-01-17T14:34:00,3404.44,3,mobile,True,30,14,250,False,0,0,price_sensitivity,offer_bounded_discount@5,True,False,False,False,True,True
cart_000888,cust_000437,2026-04-17T23:02:00,1675.51,1,mobile,True,180,23,747,True,0,0,comparison_shopping,offer_bounded_discount@5,False,False,False,False,False,False
cart_000889,cust_001037,2026-01-25T07:44:00,1801.44,1,desktop,True,720,7,513,True,3,1,technical_friction,send_reminder_email,True,False,True,True,False,True
cart_000890,cust_001043,2026-06-30T15:28:00,3957.05,2,mobile,True,10,15,1008,False,1,0,high_cart_hesitation,send_reminder_email,False,False,False,False,False,False
cart_000891,cust_000240,2026-02-16T07:07:00,860.76,3,mobile,True,180,7,230,False,0,0,price_sensitivity,offer_bounded_discount@5,False,False,False,False,False,False
cart_000892,cust_001176,2026-05-11T06:09:00,699.37,3,mobile,False,180,6,115,False,0,0,price_sensitivity,offer_bounded_discount@10,True,False,True,False,True,True
cart_000893,cust_000441,2026-03-08T18:40:00,5152.34,4,desktop,False,720,18,464,True,0,0,comparison_shopping,send_reminder_whatsapp,False,False,False,False,False,False
cart_000894,cust_000545,2026-03-09T20:28:00,3673.89,4,tablet,True,10,20,44,True,3,1,technical_friction,offer_bounded_discount@10,True,False,True,True,True,True
cart_000895,cust_000044,2026-03-22T14:19:00,2886.25,1,mobile,False,10,14,568,True,3,2,technical_friction,send_reminder_email,False,False,False,False,True,True
cart_000896,cust_000362,2026-04-26T05:54:00,1896.4,4,mobile,True,60,5,237,True,1,0,price_sensitivity,offer_bounded_discount@5,True,False,False,False,True,True
cart_000897,cust_000629,2026-03-07T10:49:00,1347.47,5,desktop,True,720,10,273,False,0,0,price_sensitivity,send_reminder_whatsapp,True,False,False,True,False,False
cart_000898,cust_000690,2026-07-02T10:35:00,4554.56,1,desktop,True,60,10,191,False,0,0,price_sensitivity,send_reminder_email,True,False,True,False,True,True
cart_000899,cust_000423,2026-01-04T23:32:00,3625.8,2,desktop,False,60,23,427,False,0,0,comparison_shopping,send_reminder_email,True,False,True,False,False,True
cart_000900,cust_000293,2026-03-16T12:51:00,2468.22,1,desktop,True,30,12,472,True,0,1,technical_friction,do_nothing,False,False,True,True,False,False
cart_000901,cust_000836,2026-07-17T02:07:00,640.15,2,mobile,True,1440,2,260,True,0,0,price_sensitivity,send_reminder_whatsapp,False,False,False,False,False,True
cart_000902,cust_000343,2026-05-07T12:35:00,4910.53,3,desktop,True,10,12,677,False,0,0,comparison_shopping,send_reminder_email,True,True,True,True,True,True
cart_000903,cust_000119,2026-04-14T08:59:00,14207.72,2,mobile,True,10,8,1008,False,0,0,high_cart_hesitation,do_nothing,False,False,False,False,False,False
cart_000904,cust_000977,2026-05-04T22:50:00,5682.35,5,mobile,True,60,22,472,False,0,0,comparison_shopping,offer_bounded_discount@5,False,False,False,False,False,False
cart_000905,cust_000525,2026-05-28T02:53:00,777.87,4,mobile,True,30,2,215,True,1,0,technical_friction,do_nothing,False,False,True,True,True,True
cart_000906,cust_000486,2026-01-06T16:32:00,2914.42,3,desktop,True,30,16,463,False,1,0,comparison_shopping,offer_bounded_discount@10,False,False,False,False,False,False
cart_000907,cust_000063,2026-05-14T17:55:00,12531.44,2,desktop,True,1440,17,803,False,0,0,high_cart_hesitation,offer_bounded_discount@10,False,False,False,False,False,False
cart_000908,cust_000616,2026-02-14T19:55:00,662.31,4,desktop,True,30,19,150,True,0,0,price_sensitivity,do_nothing,False,False,True,False,True,False
cart_000909,cust_000081,2026-01-25T13:57:00,10067.04,1,mobile,True,60,13,300,False,1,0,high_cart_hesitation,offer_bounded_discount@10,False,False,False,False,False,False
cart_000910,cust_001494,2026-02-14T00:42:00,19754.34,1,tablet,True,720,0,168,True,2,1,technical_friction,do_nothing,False,False,False,False,True,False
cart_000911,cust_001109,2026-04-07T09:03:00,1054.65,1,mobile,True,180,9,207,True,0,0,price_sensitivity,send_reminder_email,False,False,False,False,False,True
cart_000912,cust_000843,2026-02-01T15:41:00,150.0,1,mobile,True,1440,15,140,False,0,0,price_sensitivity,do_nothing,False,False,False,False,False,False
cart_000913,cust_001114,2026-01-26T15:13:00,7929.11,1,desktop,True,720,15,887,True,0,0,high_cart_hesitation,offer_bounded_discount@10,True,False,False,True,False,True
cart_000914,cust_000634,2026-05-08T16:29:00,609.68,3,mobile,False,180,16,544,True,1,0,technical_friction,offer_bounded_discount@5,False,True,False,True,False,True
cart_000915,cust_000920,2026-04-28T07:54:00,2667.6,1,mobile,True,180,7,297,False,0,0,price_sensitivity,send_reminder_email,True,False,True,True,True,True
cart_000916,cust_001324,2026-03-02T09:45:00,1591.31,3,mobile,True,30,9,350,False,0,0,price_sensitivity,send_reminder_whatsapp,False,False,True,False,True,True
cart_000917,cust_000821,2026-04-22T19:55:00,8771.27,2,mobile,True,60,19,607,False,1,0,comparison_shopping,offer_bounded_discount@10,True,False,True,False,True,True
cart_000918,cust_000646,2026-05-12T04:25:00,2578.88,4,tablet,True,10,4,181,False,0,0,comparison_shopping,send_reminder_email,True,False,True,True,False,True
cart_000919,cust_000471,2026-01-19T18:37:00,1111.94,2,mobile,True,30,18,223,True,0,0,price_sensitivity,offer_bounded_discount@10,False,False,False,False,False,False
cart_000920,cust_000925,2026-05-01T05:15:00,16239.63,3,desktop,True,180,5,653,True,0,0,high_cart_hesitation,do_nothing,False,False,False,False,False,False
cart_000921,cust_001461,2026-01-19T22:08:00,1625.19,1,mobile,False,720,22,284,False,0,0,price_sensitivity,send_reminder_whatsapp,False,False,False,False,True,True
cart_000922,cust_001398,2026-02-27T20:33:00,1699.73,2,mobile,True,180,20,333,True,3,2,technical_friction,offer_bounded_discount@10,True,False,True,True,True,True
cart_000923,cust_000424,2026-03-20T03:24:00,2531.74,4,mobile,True,30,3,313,True,1,0,price_sensitivity,send_reminder_email,False,False,False,True,True,True
cart_000924,cust_000953,2026-04-11T07:42:00,1161.35,5,desktop,True,1440,7,243,False,0,0,price_sensitivity,do_nothing,False,False,True,False,True,True
cart_000925,cust_000293,2026-05-25T15:18:00,3541.94,4,tablet,False,60,15,53,False,0,0,price_sensitivity,send_reminder_email,False,False,False,True,False,True
cart_000926,cust_000624,2026-04-23T06:20:00,1991.77,1,mobile,True,180,6,588,False,0,0,comparison_shopping,do_nothing,False,False,False,False,False,False
cart_000927,cust_000462,2026-02-11T00:33:00,1813.16,1,desktop,True,30,0,863,False,0,0,comparison_shopping,offer_bounded_discount@5,True,False,False,True,True,True
cart_000928,cust_000826,2026-04-20T03:23:00,3418.1,1,desktop,True,30,3,145,True,0,0,price_sensitivity,send_reminder_email,True,False,True,False,False,True
cart_000929,cust_001441,2026-05-25T18:06:00,3761.9,4,tablet,False,720,18,447,True,0,0,comparison_shopping,send_reminder_email,False,False,False,False,False,False
cart_000930,cust_001054,2026-01-13T02:23:00,18717.94,1,desktop,True,10,2,833,False,0,0,high_cart_hesitation,send_reminder_whatsapp,False,False,False,False,False,False
cart_000931,cust_000782,2026-02-02T20:56:00,718.94,1,mobile,True,1440,20,654,False,0,0,comparison_shopping,send_reminder_whatsapp,True,False,True,True,True,False
cart_000932,cust_000842,2026-04-18T12:38:00,2655.43,1,mobile,False,10,12,359,False,0,0,comparison_shopping,do_nothing,False,False,False,False,False,False
cart_000933,cust_000575,2026-05-26T04:45:00,2821.97,2,mobile,False,10,4,140,False,1,0,price_sensitivity,send_reminder_whatsapp,False,False,True,False,False,True
cart_000934,cust_000128,2026-05-02T07:30:00,3520.17,2,desktop,True,180,7,497,True,2,1,technical_friction,offer_bounded_discount@10,True,False,True,True,False,True
cart_000935,cust_000828,2026-05-26T02:20:00,11278.47,3,mobile,True,10,2,380,False,0,0,high_cart_hesitation,offer_bounded_discount@5,True,False,True,True,True,True
cart_000936,cust_000189,2026-07-04T01:09:00,818.82,3,mobile,True,30,1,355,False,0,0,price_sensitivity,send_reminder_whatsapp,False,True,False,False,True,True
cart_000937,cust_001032,2026-02-03T19:02:00,6937.13,1,mobile,True,60,19,641,False,1,0,comparison_shopping,do_nothing,False,False,False,False,False,True
cart_000938,cust_000879,2026-05-07T11:14:00,20000.06,1,mobile,False,30,11,405,False,0,0,high_cart_hesitation,do_nothing,False,False,False,False,False,False
cart_000939,cust_000815,2026-07-11T05:51:00,4292.65,5,mobile,True,720,5,305,False,0,0,price_sensitivity,send_reminder_whatsapp,False,False,False,False,True,False
cart_000940,cust_001445,2026-03-24T01:33:00,26395.79,1,mobile,True,720,1,470,True,0,0,high_cart_hesitation,offer_bounded_discount@10,False,False,False,False,False,False
cart_000941,cust_000849,2026-04-04T11:16:00,5460.95,1,desktop,False,720,11,717,True,2,2,technical_friction,send_reminder_email,True,False,True,True,False,True
cart_000942,cust_001166,2026-02-28T12:53:00,6984.6,1,tablet,False,60,12,653,True,0,0,comparison_shopping,offer_bounded_discount@5,False,False,False,False,False,False
cart_000943,cust_000809,2026-04-27T21:32:00,150.0,3,desktop,False,10,21,275,True,0,0,price_sensitivity,send_reminder_email,False,True,False,True,True,False
cart_000944,cust_001181,2026-04-10T16:29:00,3275.43,5,desktop,False,10,16,248,True,2,1,technical_friction,offer_bounded_discount@10,True,False,True,True,True,True
cart_000945,cust_000054,2026-03-19T21:55:00,9927.62,4,tablet,True,10,21,313,True,2,1,technical_friction,offer_bounded_discount@10,True,True,True,True,True,True
cart_000946,cust_000846,2026-01-09T21:12:00,2468.43,4,mobile,True,30,21,175,False,2,1,technical_friction,send_reminder_email,True,False,True,True,True,True
cart_000947,cust_001103,2026-05-27T13:45:00,10947.96,3,desktop,True,720,13,725,False,0,0,high_cart_hesitation,do_nothing,False,False,False,False,True,True
cart_000948,cust_000806,2026-07-06T20:25:00,831.52,5,mobile,True,10,20,107,False,1,0,price_sensitivity,do_nothing,False,False,False,True,False,False
cart_000949,cust_000960,2026-07-17T08:20:00,1825.82,1,mobile,False,1440,8,272,True,0,0,price_sensitivity,send_reminder_email,False,False,False,False,False,False
cart_000950,cust_000739,2026-03-20T00:01:00,1092.17,2,mobile,False,180,0,315,True,0,0,comparison_shopping,do_nothing,False,False,False,False,False,False
cart_000951,cust_000862,2026-01-19T07:39:00,1639.91,4,desktop,False,1440,7,114,False,0,0,price_sensitivity,send_reminder_whatsapp,False,False,False,False,False,False
cart_000952,cust_001000,2026-02-03T06:23:00,1086.04,3,mobile,True,720,6,195,True,1,1,technical_friction,send_reminder_email,True,True,True,True,True,True
cart_000953,cust_001163,2026-03-28T07:48:00,2224.37,3,mobile,False,720,7,265,False,0,0,price_sensitivity,offer_bounded_discount@10,False,False,False,True,False,False
cart_000954,cust_000179,2026-05-20T16:50:00,6112.9,4,mobile,False,10,16,102,False,0,0,comparison_shopping,send_reminder_email,False,False,False,False,False,False
cart_000955,cust_000543,2026-01-21T11:22:00,7200.44,3,mobile,False,60,11,46,True,3,0,technical_friction,send_reminder_email,True,True,True,True,True,True
cart_000956,cust_000540,2026-07-04T03:12:00,1573.23,4,mobile,True,10,3,318,False,0,0,price_sensitivity,do_nothing,False,False,False,True,False,False
cart_000957,cust_000866,2026-02-18T02:15:00,3790.11,3,mobile,True,720,2,223,False,0,0,price_sensitivity,offer_bounded_discount@10,True,False,True,False,False,True
cart_000958,cust_000390,2026-02-04T07:23:00,16262.92,1,mobile,False,1440,7,703,False,1,0,high_cart_hesitation,do_nothing,False,False,False,False,False,False
cart_000959,cust_000950,2026-02-10T23:53:00,5340.49,6,mobile,True,720,23,157,False,0,0,price_sensitivity,do_nothing,False,False,True,True,False,True
cart_000960,cust_000701,2026-04-10T18:46:00,1114.91,5,mobile,False,180,18,288,True,1,0,technical_friction,offer_bounded_discount@5,True,False,False,False,True,True
cart_000961,cust_000807,2026-04-23T13:22:00,1009.63,1,mobile,False,30,13,197,False,0,0,price_sensitivity,do_nothing,False,False,True,False,False,True
cart_000962,cust_001188,2026-07-06T19:40:00,2239.55,2,mobile,False,180,19,218,False,0,0,price_sensitivity,offer_bounded_discount@5,True,False,False,False,True,False
cart_000963,cust_000059,2026-05-01T04:40:00,8229.28,5,desktop,False,720,4,331,True,1,0,comparison_shopping,send_reminder_whatsapp,False,False,False,False,False,False
cart_000964,cust_000715,2026-04-25T08:18:00,1333.98,4,mobile,True,1440,8,217,True,0,0,price_sensitivity,offer_bounded_discount@5,False,False,False,False,False,False
cart_000965,cust_000401,2026-04-11T13:28:00,1941.05,5,desktop,False,60,13,290,False,0,0,price_sensitivity,offer_bounded_discount@5,False,False,False,False,False,False
cart_000966,cust_000917,2026-03-26T10:19:00,1291.49,1,mobile,True,10,10,66,False,0,0,price_sensitivity,do_nothing,True,True,True,True,False,True
cart_000967,cust_000061,2026-01-30T09:49:00,2872.85,3,desktop,True,180,9,152,True,0,0,price_sensitivity,do_nothing,False,False,False,True,True,True
cart_000968,cust_000443,2026-02-18T06:11:00,30806.8,2,mobile,True,1440,6,1028,False,0,0,high_cart_hesitation,send_reminder_whatsapp,False,False,False,False,False,False
cart_000969,cust_001292,2026-02-20T11:57:00,5625.48,1,mobile,True,60,11,504,False,0,0,high_cart_hesitation,send_reminder_email,False,True,False,True,False,False
cart_000970,cust_000231,2026-06-09T19:28:00,4750.1,1,tablet,True,720,19,341,False,0,1,high_cart_hesitation,offer_bounded_discount@10,True,True,True,True,True,True
cart_000971,cust_000444,2026-03-14T10:44:00,22624.51,1,mobile,True,180,10,312,True,0,0,high_cart_hesitation,send_reminder_whatsapp,False,False,False,False,True,False
cart_000972,cust_000787,2026-05-22T04:23:00,1119.37,4,mobile,True,60,4,266,False,0,0,price_sensitivity,offer_bounded_discount@10,True,True,False,True,True,True
cart_000973,cust_001486,2026-02-02T08:59:00,3548.77,2,mobile,False,60,8,992,False,0,0,comparison_shopping,send_reminder_email,False,False,False,False,False,False
cart_000974,cust_000391,2026-02-27T06:48:00,1797.11,2,mobile,True,10,6,20,True,0,0,comparison_shopping,offer_bounded_discount@10,True,False,False,False,True,True
cart_000975,cust_000379,2026-06-09T15:01:00,1360.81,2,desktop,True,720,15,372,False,0,0,comparison_shopping,do_nothing,True,True,False,True,False,True
cart_000976,cust_000164,2026-04-11T23:19:00,1734.85,6,mobile,True,180,23,56,False,0,0,price_sensitivity,offer_bounded_discount@5,True,False,True,True,True,True
cart_000977,cust_000999,2026-01-08T08:41:00,2668.32,3,mobile,True,10,8,246,False,0,0,comparison_shopping,send_reminder_whatsapp,True,False,True,True,True,True
cart_000978,cust_001271,2026-01-19T16:09:00,15013.6,1,mobile,True,720,16,1183,False,0,0,high_cart_hesitation,offer_bounded_discount@5,False,False,False,False,False,False
cart_000979,cust_001444,2026-06-18T06:55:00,251.07,1,mobile,True,1440,6,226,True,0,0,price_sensitivity,send_reminder_email,False,False,False,True,True,False
cart_000980,cust_001213,2026-04-24T01:18:00,6522.72,2,mobile,True,60,1,433,False,0,0,comparison_shopping,send_reminder_whatsapp,False,False,False,False,False,False
cart_000981,cust_001484,2026-04-10T21:56:00,6944.76,2,desktop,True,60,21,738,True,1,0,high_cart_hesitation,send_reminder_email,False,False,False,False,False,False
cart_000982,cust_000173,2026-07-05T21:25:00,667.55,4,mobile,False,1440,21,256,False,0,0,price_sensitivity,send_reminder_whatsapp,False,False,False,False,True,False
cart_000983,cust_000105,2026-01-14T09:38:00,1652.94,4,mobile,True,60,9,402,True,0,2,technical_friction,offer_bounded_discount@10,True,False,True,True,True,True
cart_000984,cust_000145,2026-03-25T14:07:00,15829.16,2,mobile,True,1440,14,717,False,0,0,high_cart_hesitation,do_nothing,False,False,False,False,False,False
cart_000985,cust_000361,2026-06-19T04:42:00,1004.64,3,mobile,True,60,4,444,False,0,0,comparison_shopping,do_nothing,False,False,True,False,True,True
cart_000986,cust_001171,2026-05-28T08:13:00,7586.12,5,mobile,True,10,8,141,False,0,0,comparison_shopping,send_reminder_email,False,False,False,False,False,True
cart_000987,cust_000013,2026-06-23T01:38:00,775.08,4,mobile,True,180,1,285,False,0,0,price_sensitivity,offer_bounded_discount@5,True,False,True,True,True,True
cart_000988,cust_000217,2026-02-19T14:13:00,5835.1,5,mobile,True,180,14,419,True,1,2,technical_friction,send_reminder_whatsapp,True,False,True,True,True,True
cart_000989,cust_001480,2026-06-12T21:24:00,450.32,1,desktop,False,10,21,339,False,1,0,price_sensitivity,send_reminder_whatsapp,False,False,False,False,True,True
cart_000990,cust_000358,2026-03-27T11:43:00,6622.32,1,mobile,True,180,11,504,True,3,1,technical_friction,send_reminder_email,False,False,False,True,True,True
cart_000991,cust_001038,2026-02-17T23:56:00,1910.22,3,mobile,False,1440,23,272,False,0,0,price_sensitivity,do_nothing,True,True,False,False,False,False
cart_000992,cust_001206,2026-04-10T21:15:00,12865.17,3,mobile,False,180,21,403,False,0,0,high_cart_hesitation,send_reminder_whatsapp,False,False,False,False,False,False
cart_000993,cust_001477,2026-07-20T20:11:00,2914.48,4,mobile,False,720,20,155,True,0,0,price_sensitivity,send_reminder_email,False,False,False,False,False,False
cart_000994,cust_000750,2026-05-21T16:12:00,10100.37,3,tablet,True,10,16,638,True,0,0,high_cart_hesitation,offer_bounded_discount@10,True,False,False,True,False,True
cart_000995,cust_000458,2026-07-12T07:22:00,800.68,1,mobile,False,10,7,220,False,0,0,price_sensitivity,offer_bounded_discount@10,False,False,False,False,False,False
cart_000996,cust_000080,2026-04-05T21:34:00,10671.09,3,desktop,True,30,21,556,False,1,2,technical_friction,offer_bounded_discount@10,True,True,True,False,True,True
cart_000997,cust_001113,2026-06-18T00:04:00,5436.45,2,desktop,False,720,0,206,True,2,1,technical_friction,offer_bounded_discount@10,False,True,True,True,False,False
cart_000998,cust_000846,2026-07-11T02:28:00,6236.28,6,mobile,True,1440,2,168,True,2,1,technical_friction,send_reminder_whatsapp,True,False,True,True,False,True
cart_000999,cust_000733,2026-01-13T18:28:00,883.35,3,mobile,True,1440,18,254,False,0,0,price_sensitivity,send_reminder_email,False,False,False,False,True,True
cart_001000,cust_000053,2026-01-30T15:40:00,8437.92,2,mobile,True,30,15,318,False,0,0,high_cart_hesitation,offer_bounded_discount@10,False,False,False,False,False,False
cart_001001,cust_000383,2026-01-07T05:37:00,2036.12,2,mobile,True,30,5,87,False,1,0,price_sensitivity,send_reminder_whatsapp,True,True,True,True,True,True
cart_001002,cust_000760,2026-04-20T22:17:00,2006.9,5,mobile,True,180,22,468,False,0,0,comparison_shopping,send_reminder_email,False,False,False,True,True,True
cart_001003,cust_000210,2026-06-23T15:38:00,868.98,2,desktop,False,30,15,631,False,0,0,comparison_shopping,send_reminder_whatsapp,False,False,False,False,False,False
cart_001004,cust_000839,2026-02-08T11:41:00,6066.73,3,mobile,True,180,11,1092,True,0,0,high_cart_hesitation,offer_bounded_discount@10,True,True,True,False,True,True
cart_001005,cust_000944,2026-04-16T04:40:00,3165.19,4,desktop,True,720,4,173,True,1,0,price_sensitivity,offer_bounded_discount@5,True,True,False,False,True,True
cart_001006,cust_000419,2026-07-04T18:06:00,3023.57,1,desktop,True,180,18,167,False,0,0,price_sensitivity,send_reminder_email,True,False,True,True,False,False
cart_001007,cust_000029,2026-05-07T13:37:00,560.6,4,desktop,True,720,13,84,False,0,0,price_sensitivity,offer_bounded_discount@10,False,False,False,False,False,False
cart_001008,cust_000536,2026-03-13T23:46:00,13229.15,1,mobile,True,1440,23,1016,False,1,0,high_cart_hesitation,offer_bounded_discount@5,False,False,False,False,False,False
cart_001009,cust_001320,2026-05-07T06:06:00,3209.44,3,tablet,False,180,6,195,True,0,0,price_sensitivity,send_reminder_email,True,False,True,True,False,True
cart_001010,cust_000135,2026-05-16T07:21:00,6853.89,2,mobile,True,1440,7,412,True,1,1,technical_friction,do_nothing,False,False,True,True,False,True
cart_001011,cust_000335,2026-06-05T20:51:00,2424.64,5,mobile,True,30,20,685,False,1,1,technical_friction,do_nothing,False,False,True,True,False,True
cart_001012,cust_000675,2026-06-11T17:44:00,778.77,3,mobile,True,1440,17,338,True,0,0,price_sensitivity,send_reminder_whatsapp,True,False,False,True,False,False
cart_001013,cust_000973,2026-06-01T06:27:00,10000.68,1,mobile,False,60,6,720,False,0,0,high_cart_hesitation,offer_bounded_discount@5,False,False,False,False,False,True
cart_001014,cust_000602,2026-02-06T02:05:00,1740.51,4,tablet,True,180,2,290,True,0,0,price_sensitivity,do_nothing,False,False,False,True,True,False
cart_001015,cust_000169,2026-06-15T09:57:00,9178.49,2,mobile,False,60,9,696,True,0,0,high_cart_hesitation,send_reminder_whatsapp,False,False,False,False,False,False
cart_001016,cust_000593,2026-01-08T08:47:00,4360.52,4,mobile,False,180,8,42,True,0,0,price_sensitivity,do_nothing,False,False,False,False,False,True
cart_001017,cust_001168,2026-01-05T08:17:00,5194.52,4,desktop,True,720,8,107,False,0,0,comparison_shopping,do_nothing,True,True,True,False,True,True
cart_001018,cust_001287,2026-05-14T02:22:00,4234.68,4,mobile,False,1440,2,485,True,3,0,technical_friction,send_reminder_email,True,False,True,True,True,True
cart_001019,cust_000763,2026-06-15T06:34:00,5465.23,4,mobile,True,180,6,260,True,3,1,technical_friction,offer_bounded_discount@5,True,True,True,True,True,True
cart_001020,cust_000176,2026-01-23T10:53:00,6681.51,1,mobile,True,10,10,30,False,0,0,comparison_shopping,send_reminder_whatsapp,False,False,True,False,True,True
cart_001021,cust_000391,2026-03-26T22:34:00,2525.98,1,mobile,True,60,22,254,False,0,0,price_sensitivity,send_reminder_whatsapp,False,False,False,False,False,False
cart_001022,cust_001363,2026-07-12T00:07:00,3365.06,7,mobile,False,30,0,248,False,0,0,comparison_shopping,offer_bounded_discount@5,False,False,False,False,False,False
cart_001023,cust_000274,2026-04-24T00:37:00,2222.92,2,mobile,True,180,0,115,False,1,0,price_sensitivity,send_reminder_email,False,False,False,False,False,False
cart_001024,cust_000689,2026-01-14T10:59:00,2351.63,2,desktop,False,1440,10,646,True,1,1,technical_friction,offer_bounded_discount@10,True,True,True,True,True,True
cart_001025,cust_001168,2026-01-30T05:20:00,596.55,4,mobile,True,180,5,566,True,1,1,technical_friction,offer_bounded_discount@5,True,True,True,True,True,True
cart_001026,cust_000504,2026-03-22T06:44:00,8749.25,1,mobile,True,30,6,54,True,0,0,comparison_shopping,send_reminder_email,False,True,False,True,False,True
cart_001027,cust_001314,2026-04-13T11:47:00,5784.55,3,mobile,False,720,11,369,True,0,0,comparison_shopping,send_reminder_email,False,False,False,True,False,False
cart_001028,cust_001214,2026-01-04T15:51:00,1929.85,3,tablet,False,60,15,149,True,1,0,comparison_shopping,offer_bounded_discount@10,True,False,False,False,True,True
cart_001029,cust_001084,2026-04-24T14:14:00,44241.18,2,mobile,False,1440,14,328,True,0,0,high_cart_hesitation,offer_bounded_discount@10,False,True,False,False,True,False
cart_001030,cust_000258,2026-03-13T22:37:00,2194.46,2,mobile,True,180,22,570,True,1,2,technical_friction,offer_bounded_discount@10,True,False,False,True,True,True
cart_001031,cust_001495,2026-05-19T00:28:00,2090.37,3,mobile,False,10,0,344,False,0,0,comparison_shopping,do_nothing,False,False,True,True,False,True
cart_001032,cust_001337,2026-03-27T01:03:00,2111.61,4,mobile,True,1440,1,235,False,1,0,price_sensitivity,send_reminder_email,False,False,False,False,False,False
cart_001033,cust_000335,2026-05-07T14:00:00,4385.23,4,mobile,True,60,14,491,False,0,0,comparison_shopping,send_reminder_whatsapp,False,False,True,False,False,True
cart_001034,cust_001124,2026-04-07T04:26:00,3194.46,2,desktop,True,180,4,743,False,0,0,comparison_shopping,offer_bounded_discount@10,True,False,True,True,True,True
cart_001035,cust_000470,2026-02-05T11:48:00,9349.46,1,mobile,True,30,11,612,False,0,0,comparison_shopping,do_nothing,True,True,True,True,True,True
cart_001036,cust_001110,2026-03-19T21:51:00,315.85,3,mobile,True,180,21,212,False,0,0,price_sensitivity,send_reminder_email,False,False,False,False,False,False
cart_001037,cust_000504,2026-05-19T01:36:00,16615.43,1,mobile,True,10,1,841,True,1,0,high_cart_hesitation,offer_bounded_discount@10,False,False,True,False,False,False
cart_001038,cust_000499,2026-03-24T13:17:00,3191.2,3,desktop,True,30,13,837,True,1,0,comparison_shopping,do_nothing,False,False,False,False,True,False
cart_001039,cust_000483,2026-04-28T12:44:00,12021.57,1,desktop,True,180,12,499,False,0,0,high_cart_hesitation,send_reminder_email,False,False,False,False,False,False
cart_001040,cust_000024,2026-02-19T15:41:00,2507.3,2,mobile,True,30,15,422,False,0,0,comparison_shopping,send_reminder_email,False,False,False,False,True,True
cart_001041,cust_000069,2026-04-20T16:12:00,845.66,1,desktop,True,60,16,44,True,1,0,price_sensitivity,offer_bounded_discount@5,False,False,False,True,False,False
cart_001042,cust_000454,2026-04-17T16:58:00,980.91,1,mobile,True,180,16,621,False,0,0,comparison_shopping,offer_bounded_discount@10,False,False,False,True,False,False
cart_001043,cust_000900,2026-05-18T19:09:00,3597.11,2,mobile,True,720,19,625,True,3,0,technical_friction,send_reminder_whatsapp,False,True,True,False,False,True
cart_001044,cust_001422,2026-04-02T14:36:00,7787.4,2,desktop,True,60,14,415,True,1,0,technical_friction,send_reminder_whatsapp,True,True,True,True,True,True
cart_001045,cust_001093,2026-06-10T03:33:00,736.78,2,desktop,True,30,3,313,False,1,0,price_sensitivity,offer_bounded_discount@5,False,False,True,False,False,True
cart_001046,cust_000209,2026-06-01T17:46:00,13309.31,1,desktop,True,10,17,344,False,0,0,high_cart_hesitation,send_reminder_whatsapp,False,False,False,False,False,False
cart_001047,cust_000746,2026-02-25T19:53:00,24097.23,1,desktop,True,30,19,648,True,0,0,high_cart_hesitation,offer_bounded_discount@10,False,False,False,False,False,False
cart_001048,cust_000832,2026-02-27T03:33:00,406.11,4,mobile,True,10,3,168,False,0,0,price_sensitivity,send_reminder_email,False,False,False,True,False,True
cart_001049,cust_001414,2026-05-02T08:27:00,9368.05,3,desktop,False,30,8,529,False,0,0,high_cart_hesitation,offer_bounded_discount@5,False,False,False,False,False,False
cart_001050,cust_000970,2026-03-18T22:30:00,20955.39,4,mobile,False,720,22,597,True,0,0,comparison_shopping,offer_bounded_discount@5,False,False,False,False,False,False
cart_001051,cust_000143,2026-01-04T10:44:00,1964.8,1,desktop,True,180,10,501,True,2,1,technical_friction,do_nothing,False,False,True,True,True,True
cart_001052,cust_000427,2026-03-25T16:36:00,11131.76,2,desktop,True,10,16,945,True,0,0,high_cart_hesitation,send_reminder_email,True,True,True,False,False,True
cart_001053,cust_000219,2026-04-02T11:25:00,1701.16,2,mobile,True,30,11,129,False,0,0,price_sensitivity,send_reminder_email,False,False,False,True,True,True
cart_001054,cust_000006,2026-07-12T09:10:00,1368.04,2,mobile,True,720,9,245,False,0,0,price_sensitivity,offer_bounded_discount@5,False,False,False,False,False,False
cart_001055,cust_000839,2026-07-15T04:25:00,853.28,5,desktop,True,720,4,241,False,0,0,price_sensitivity,do_nothing,False,False,False,False,False,False
cart_001056,cust_000909,2026-01-07T06:03:00,1359.75,5,desktop,True,1440,6,192,True,0,0,price_sensitivity,send_reminder_whatsapp,False,False,False,False,False,False
cart_001057,cust_000122,2026-02-27T11:39:00,13177.22,4,desktop,True,60,11,624,True,2,2,technical_friction,offer_bounded_discount@5,True,True,True,True,True,True
cart_001058,cust_000510,2026-06-25T11:23:00,453.73,2,desktop,False,720,11,115,True,0,0,price_sensitivity,offer_bounded_discount@10,False,False,False,False,False,False
cart_001059,cust_001326,2026-06-18T10:04:00,26183.62,1,mobile,False,180,10,482,False,0,0,comparison_shopping,offer_bounded_discount@5,False,False,False,False,False,False
cart_001060,cust_000504,2026-03-26T14:49:00,6911.84,1,desktop,False,30,14,705,False,0,0,comparison_shopping,do_nothing,False,False,False,False,True,False
cart_001061,cust_000913,2026-06-26T14:48:00,17274.09,1,desktop,True,30,14,470,True,1,1,technical_friction,do_nothing,False,False,True,True,True,False
cart_001062,cust_001405,2026-02-01T16:53:00,2678.21,3,desktop,True,180,16,320,False,0,0,comparison_shopping,offer_bounded_discount@5,True,True,True,True,True,True
cart_001063,cust_001160,2026-07-13T21:12:00,15002.56,1,mobile,True,180,21,82,True,0,0,high_cart_hesitation,send_reminder_whatsapp,False,False,False,False,False,False
cart_001064,cust_001146,2026-05-22T02:43:00,4338.07,2,desktop,False,60,2,469,False,0,0,comparison_shopping,send_reminder_email,False,False,False,False,False,False
cart_001065,cust_000733,2026-04-18T16:40:00,26581.31,2,mobile,False,1440,16,443,False,0,1,high_cart_hesitation,send_reminder_email,False,False,False,False,False,False
cart_001066,cust_000304,2026-07-15T14:32:00,6905.49,3,mobile,True,30,14,348,True,2,1,technical_friction,send_reminder_email,True,False,True,True,False,True
cart_001067,cust_000245,2026-01-26T09:18:00,486.53,2,mobile,True,30,9,259,False,0,0,price_sensitivity,send_reminder_email,False,False,False,False,True,True
cart_001068,cust_000571,2026-05-02T13:25:00,1853.54,1,mobile,False,60,13,583,False,0,0,comparison_shopping,send_reminder_whatsapp,False,False,False,False,False,False
cart_001069,cust_001233,2026-05-16T10:19:00,16812.64,3,desktop,True,10,10,939,True,1,0,high_cart_hesitation,send_reminder_email,False,False,False,False,False,False
cart_001070,cust_001196,2026-02-24T06:29:00,9129.17,2,mobile,False,60,6,438,True,0,1,high_cart_hesitation,send_reminder_email,False,False,False,True,False,True
cart_001071,cust_001058,2026-07-19T14:56:00,810.65,2,desktop,True,10,14,313,False,0,0,price_sensitivity,offer_bounded_discount@5,True,True,False,False,True,True
cart_001072,cust_001400,2026-05-08T21:22:00,1956.74,5,desktop,True,720,21,725,False,0,0,comparison_shopping,offer_bounded_discount@10,False,False,False,False,False,False
cart_001073,cust_001293,2026-02-01T16:32:00,6148.21,7,desktop,True,10,16,438,True,2,2,technical_friction,send_reminder_email,True,False,True,True,True,False
cart_001074,cust_000343,2026-01-18T13:46:00,5828.39,3,desktop,False,10,13,494,True,3,2,technical_friction,offer_bounded_discount@5,True,False,False,False,True,False
cart_001075,cust_001446,2026-03-30T02:43:00,692.7,1,mobile,True,10,2,208,True,1,0,price_sensitivity,send_reminder_whatsapp,False,False,False,False,False,True
cart_001076,cust_000807,2026-04-22T03:29:00,6018.4,2,mobile,False,720,3,283,False,0,0,price_sensitivity,offer_bounded_discount@5,True,True,False,True,True,False
cart_001077,cust_000758,2026-04-16T20:29:00,649.66,1,desktop,True,180,20,254,False,0,0,price_sensitivity,send_reminder_email,False,False,False,False,False,True
cart_001078,cust_000952,2026-01-05T20:59:00,293.35,7,mobile,False,60,20,312,False,0,0,price_sensitivity,offer_bounded_discount@5,False,False,False,False,False,False
cart_001079,cust_000885,2026-06-27T23:32:00,4164.26,2,mobile,True,1440,23,600,True,0,2,technical_friction,send_reminder_email,True,False,True,True,True,False
cart_001080,cust_001249,2026-02-23T11:17:00,9060.02,1,tablet,True,1440,11,528,False,0,0,comparison_shopping,send_reminder_email,False,False,False,False,False,False
cart_001081,cust_000908,2026-04-07T10:45:00,940.15,1,mobile,False,180,10,130,True,1,0,price_sensitivity,send_reminder_email,False,False,False,False,False,True
cart_001082,cust_000916,2026-07-07T04:29:00,1142.57,4,mobile,True,60,4,590,True,0,0,comparison_shopping,do_nothing,False,False,True,False,True,True
cart_001083,cust_000004,2026-02-26T19:00:00,3047.77,3,mobile,True,180,19,167,False,0,0,price_sensitivity,send_reminder_email,False,False,False,False,False,False
cart_001084,cust_000482,2026-05-26T05:39:00,768.12,4,desktop,False,30,5,311,True,1,0,price_sensitivity,send_reminder_email,False,False,False,True,False,True
cart_001085,cust_001026,2026-07-07T14:25:00,538.0,7,mobile,True,1440,14,191,True,0,0,price_sensitivity,offer_bounded_discount@5,False,False,False,False,False,False
cart_001086,cust_000658,2026-06-14T09:43:00,1136.92,4,desktop,False,60,9,172,False,0,0,price_sensitivity,offer_bounded_discount@10,False,False,False,False,False,False
cart_001087,cust_001193,2026-06-04T14:21:00,716.14,3,tablet,True,10,14,209,False,0,0,price_sensitivity,do_nothing,False,False,True,False,True,True
cart_001088,cust_001428,2026-06-14T14:50:00,168.22,4,mobile,False,1440,14,303,True,2,1,technical_friction,offer_bounded_discount@10,False,False,False,False,False,False
cart_001089,cust_000775,2026-02-06T18:26:00,3804.68,1,tablet,False,1440,18,694,False,0,0,comparison_shopping,send_reminder_email,False,False,False,True,False,True
cart_001090,cust_000947,2026-04-12T22:03:00,2065.34,1,tablet,False,30,22,600,False,0,0,comparison_shopping,send_reminder_email,True,False,True,False,False,False
cart_001091,cust_000154,2026-06-19T17:03:00,2135.06,6,mobile,True,10,17,524,False,0,0,comparison_shopping,send_reminder_whatsapp,True,False,True,True,True,True
cart_001092,cust_000284,2026-02-01T16:58:00,3808.04,1,mobile,True,180,16,777,True,2,1,technical_friction,offer_bounded_discount@10,True,False,True,True,True,True
cart_001093,cust_000631,2026-02-12T11:35:00,3153.65,4,mobile,False,1440,11,579,True,3,2,technical_friction,send_reminder_email,True,False,True,True,True,True
cart_001094,cust_000514,2026-04-19T06:53:00,1210.21,3,desktop,True,180,6,214,True,0,0,price_sensitivity,send_reminder_whatsapp,True,False,False,True,True,False
cart_001095,cust_001475,2026-02-15T19:18:00,2346.36,3,mobile,True,720,19,290,True,1,2,technical_friction,offer_bounded_discount@5,True,False,False,True,True,True
cart_001096,cust_000429,2026-04-19T09:25:00,2885.45,4,mobile,True,10,9,137,False,0,0,price_sensitivity,offer_bounded_discount@10,True,False,True,False,True,True
cart_001097,cust_000039,2026-05-06T03:51:00,3175.45,3,mobile,True,10,3,90,False,1,0,comparison_shopping,send_reminder_email,False,False,False,False,False,False
cart_001098,cust_000683,2026-02-02T19:25:00,4080.09,1,mobile,True,720,19,628,False,0,0,comparison_shopping,send_reminder_whatsapp,True,False,False,True,False,False
cart_001099,cust_000039,2026-04-16T00:52:00,2425.51,1,desktop,True,720,0,201,False,0,0,price_sensitivity,offer_bounded_discount@5,False,False,False,False,False,False
cart_001100,cust_001320,2026-03-24T02:16:00,7798.1,2,desktop,True,30,2,407,True,1,0,high_cart_hesitation,offer_bounded_discount@5,False,True,True,True,False,False
cart_001101,cust_000763,2026-02-04T10:58:00,2266.61,3,mobile,True,720,10,273,True,3,1,technical_friction,send_reminder_whatsapp,True,False,False,True,True,True
cart_001102,cust_000032,2026-02-22T18:34:00,2607.14,7,desktop,False,180,18,224,False,0,0,comparison_shopping,send_reminder_whatsapp,False,False,False,False,False,False
cart_001103,cust_000616,2026-07-17T04:56:00,2752.35,4,mobile,False,180,4,197,True,0,0,price_sensitivity,offer_bounded_discount@10,True,False,True,True,True,True
cart_001104,cust_000221,2026-02-20T04:50:00,1647.14,7,desktop,False,60,4,619,True,2,2,technical_friction,do_nothing,False,False,False,True,True,True
cart_001105,cust_000316,2026-02-19T15:35:00,1114.4,4,mobile,False,1440,15,238,True,0,0,price_sensitivity,offer_bounded_discount@10,False,False,False,False,False,False
cart_001106,cust_001355,2026-01-23T15:57:00,12301.67,1,desktop,True,720,15,580,True,0,0,high_cart_hesitation,offer_bounded_discount@5,False,True,False,False,False,False
cart_001107,cust_000069,2026-04-18T04:52:00,15548.43,2,mobile,True,10,4,1086,False,0,0,high_cart_hesitation,send_reminder_email,False,False,False,True,False,True
cart_001108,cust_000853,2026-04-13T05:02:00,3529.67,5,mobile,False,720,5,522,True,3,2,technical_friction,do_nothing,True,True,True,True,False,True
cart_001109,cust_000024,2026-01-01T17:02:00,7807.78,2,desktop,True,30,17,637,False,0,0,comparison_shopping,offer_bounded_discount@10,False,False,False,False,False,False
cart_001110,cust_001385,2026-02-16T12:58:00,1325.26,1,mobile,True,60,12,40,False,0,0,comparison_shopping,do_nothing,False,False,False,False,False,False
cart_001111,cust_001238,2026-07-15T18:03:00,2629.64,6,desktop,True,720,18,250,False,1,0,price_sensitivity,send_reminder_email,True,False,True,True,True,True
cart_001112,cust_000574,2026-04-06T18:55:00,12769.97,3,mobile,True,1440,18,778,False,0,0,high_cart_hesitation,offer_bounded_discount@5,True,False,False,False,True,False
cart_001113,cust_000652,2026-05-14T08:20:00,5749.39,3,desktop,False,60,8,279,True,0,0,comparison_shopping,do_nothing,False,False,False,False,False,False
cart_001114,cust_000608,2026-04-01T13:29:00,17806.97,2,mobile,False,60,13,550,False,0,0,comparison_shopping,send_reminder_email,False,False,False,False,False,False
cart_001115,cust_000839,2026-06-02T04:40:00,3967.66,5,tablet,True,720,4,403,True,3,0,technical_friction,offer_bounded_discount@10,False,False,True,True,False,False
cart_001116,cust_000952,2026-06-10T11:42:00,1097.33,2,mobile,False,60,11,275,True,0,0,price_sensitivity,offer_bounded_discount@10,True,False,False,True,True,True
cart_001117,cust_000156,2026-06-18T12:46:00,1470.55,5,mobile,True,180,12,55,True,0,0,comparison_shopping,send_reminder_email,True,False,True,False,False,False
cart_001118,cust_000411,2026-05-17T15:27:00,5245.32,2,mobile,True,60,15,606,False,1,0,high_cart_hesitation,send_reminder_email,True,False,True,True,False,True
cart_001119,cust_000176,2026-07-20T16:07:00,7704.78,5,desktop,False,30,16,426,True,1,1,technical_friction,send_reminder_whatsapp,True,True,False,True,True,True
cart_001120,cust_000057,2026-02-11T02:45:00,923.02,3,mobile,True,10,2,268,False,1,0,price_sensitivity,offer_bounded_discount@5,True,False,False,True,True,True
cart_001121,cust_000358,2026-03-07T14:42:00,1114.45,3,mobile,True,10,14,122,False,0,0,price_sensitivity,send_reminder_email,False,False,False,False,False,False
cart_001122,cust_000768,2026-02-05T18:55:00,5776.68,2,desktop,True,720,18,743,True,0,0,comparison_shopping,offer_bounded_discount@5,True,True,False,True,True,True
cart_001123,cust_001008,2026-02-11T14:10:00,624.75,3,mobile,True,180,14,227,False,0,0,price_sensitivity,offer_bounded_discount@10,False,False,False,False,False,False
cart_001124,cust_000646,2026-05-22T12:21:00,2019.7,6,mobile,True,180,12,320,False,0,0,price_sensitivity,do_nothing,False,False,True,False,False,True
cart_001125,cust_000074,2026-07-18T10:59:00,4566.94,3,desktop,True,180,10,417,True,3,1,technical_friction,offer_bounded_discount@5,True,False,True,True,True,True
cart_001126,cust_000172,2026-02-15T13:58:00,3676.62,1,desktop,True,60,13,300,False,0,0,price_sensitivity,send_reminder_whatsapp,False,False,False,False,True,False
cart_001127,cust_000736,2026-03-05T10:25:00,3333.35,6,desktop,True,60,10,362,False,0,0,comparison_shopping,offer_bounded_discount@10,False,False,False,False,False,False
cart_001128,cust_000716,2026-05-05T16:45:00,615.15,1,mobile,True,180,16,427,False,2,2,technical_friction,offer_bounded_discount@5,True,True,True,False,True,True
cart_001129,cust_000957,2026-05-29T20:38:00,7087.81,3,desktop,True,10,20,156,True,0,0,price_sensitivity,send_reminder_email,False,False,False,False,True,True
cart_001130,cust_001440,2026-03-05T22:59:00,14843.64,3,desktop,True,60,22,936,True,0,1,high_cart_hesitation,do_nothing,False,False,True,False,False,False
cart_001131,cust_001156,2026-05-29T03:41:00,535.38,1,desktop,False,180,3,192,False,0,0,price_sensitivity,send_reminder_email,False,False,False,False,False,False
cart_001132,cust_000493,2026-02-04T21:53:00,3422.44,4,mobile,True,10,21,37,False,0,0,price_sensitivity,offer_bounded_discount@5,True,True,True,True,True,True
cart_001133,cust_001472,2026-07-16T09:21:00,25488.8,1,mobile,False,720,9,846,True,0,0,comparison_shopping,send_reminder_whatsapp,False,False,False,False,False,False
cart_001134,cust_000992,2026-01-29T00:54:00,21953.1,1,mobile,False,10,0,628,True,0,0,high_cart_hesitation,do_nothing,False,False,False,False,False,False
cart_001135,cust_001214,2026-04-25T06:18:00,18809.89,1,mobile,True,60,6,336,False,0,0,high_cart_hesitation,send_reminder_whatsapp,False,False,False,False,False,False
cart_001136,cust_001214,2026-07-14T18:02:00,6192.77,3,mobile,True,720,18,933,False,0,0,high_cart_hesitation,send_reminder_whatsapp,False,True,False,False,False,False
cart_001137,cust_000794,2026-02-04T02:10:00,6164.92,2,tablet,True,10,2,507,True,0,1,high_cart_hesitation,do_nothing,False,False,False,True,False,True
cart_001138,cust_000762,2026-03-26T11:28:00,7680.78,1,mobile,True,60,11,93,True,1,1,technical_friction,offer_bounded_discount@5,False,False,True,True,False,True
cart_001139,cust_001052,2026-03-17T05:59:00,2825.34,1,tablet,True,60,5,279,True,0,0,comparison_shopping,do_nothing,True,True,False,True,True,True
cart_001140,cust_001329,2026-05-22T21:14:00,1376.87,4,mobile,True,60,21,129,True,0,0,price_sensitivity,send_reminder_whatsapp,True,False,False,True,True,True
cart_001141,cust_000725,2026-05-23T09:43:00,3031.67,3,mobile,False,30,9,115,False,0,0,price_sensitivity,do_nothing,False,False,True,True,False,True
cart_001142,cust_001404,2026-06-08T07:24:00,9269.72,1,desktop,True,30,7,880,False,0,0,high_cart_hesitation,send_reminder_whatsapp,True,False,False,True,False,True
cart_001143,cust_001189,2026-07-14T18:52:00,6641.17,4,mobile,True,720,18,443,True,0,2,technical_friction,do_nothing,False,False,False,False,False,True
cart_001144,cust_000187,2026-06-13T14:43:00,2543.92,3,desktop,False,30,14,58,False,0,0,price_sensitivity,send_reminder_email,False,False,False,True,True,True
cart_001145,cust_000768,2026-02-02T07:54:00,1264.22,5,desktop,True,720,7,81,True,0,0,price_sensitivity,offer_bounded_discount@10,False,False,True,False,True,False
cart_001146,cust_001141,2026-06-26T05:20:00,2394.6,1,mobile,True,720,5,243,True,3,1,technical_friction,offer_bounded_discount@5,True,False,False,False,True,True
cart_001147,cust_000753,2026-06-14T16:51:00,11432.13,2,mobile,False,180,16,223,False,0,0,comparison_shopping,offer_bounded_discount@5,False,False,True,False,False,True
cart_001148,cust_001188,2026-03-07T04:55:00,5710.88,3,desktop,False,180,4,262,True,1,1,technical_friction,offer_bounded_discount@10,True,True,True,True,True,True
cart_001149,cust_001080,2026-02-08T20:37:00,3455.62,3,mobile,False,30,20,229,True,2,1,technical_friction,send_reminder_whatsapp,True,False,True,True,True,False
cart_001150,cust_000199,2026-07-05T07:11:00,1879.27,3,mobile,True,1440,7,212,False,0,0,price_sensitivity,offer_bounded_discount@10,False,False,False,False,True,False
cart_001151,cust_000051,2026-02-07T21:20:00,12897.45,3,mobile,True,180,21,638,False,0,0,comparison_shopping,offer_bounded_discount@10,False,False,False,False,False,False
cart_001152,cust_000243,2026-01-08T15:33:00,743.68,2,desktop,True,180,15,80,False,1,0,price_sensitivity,offer_bounded_discount@10,True,True,True,False,False,True
cart_001153,cust_000268,2026-06-08T11:12:00,1498.46,5,mobile,True,1440,11,174,False,0,0,price_sensitivity,do_nothing,False,False,False,True,True,True
cart_001154,cust_000622,2026-07-11T12:04:00,8277.91,2,mobile,False,180,12,430,False,0,0,high_cart_hesitation,offer_bounded_discount@5,False,False,False,False,False,False
cart_001155,cust_001009,2026-04-19T09:42:00,1545.7,1,mobile,False,60,9,134,False,0,0,price_sensitivity,do_nothing,False,False,False,False,False,False
cart_001156,cust_001398,2026-06-11T09:44:00,1075.79,4,mobile,True,30,9,560,True,0,0,comparison_shopping,offer_bounded_discount@10,False,False,False,False,False,False
cart_001157,cust_000456,2026-06-03T02:15:00,1400.53,3,desktop,True,1440,2,67,True,2,1,technical_friction,send_reminder_whatsapp,False,False,False,False,False,False
cart_001158,cust_000891,2026-05-09T04:54:00,1608.1,1,desktop,True,720,4,647,False,0,0,comparison_shopping,offer_bounded_discount@10,False,False,False,False,False,False
cart_001159,cust_001460,2026-01-11T15:09:00,1193.14,1,mobile,False,60,15,311,False,0,0,price_sensitivity,offer_bounded_discount@5,False,False,False,False,False,False
cart_001160,cust_000003,2026-02-09T02:41:00,2111.98,1,tablet,True,180,2,232,True,0,0,price_sensitivity,send_reminder_whatsapp,False,False,False,False,False,False
cart_001161,cust_000466,2026-01-14T11:13:00,384.49,4,mobile,True,10,11,195,False,1,0,price_sensitivity,send_reminder_whatsapp,True,True,False,True,True,True
cart_001162,cust_000991,2026-03-28T16:39:00,13073.06,2,mobile,False,1440,16,703,True,0,0,high_cart_hesitation,offer_bounded_discount@5,False,False,False,False,False,False
cart_001163,cust_000172,2026-04-25T06:17:00,964.97,3,mobile,True,30,6,362,False,0,0,comparison_shopping,send_reminder_whatsapp,True,False,True,True,True,True
cart_001164,cust_000580,2026-06-13T16:32:00,8555.06,3,mobile,True,1440,16,154,False,0,0,high_cart_hesitation,offer_bounded_discount@5,False,True,False,True,False,True
cart_001165,cust_000657,2026-03-28T17:35:00,8400.27,1,desktop,True,60,17,840,True,0,0,high_cart_hesitation,send_reminder_email,False,False,False,False,False,False
cart_001166,cust_000338,2026-03-19T01:04:00,16323.66,2,desktop,False,10,1,490,False,0,0,high_cart_hesitation,offer_bounded_discount@10,False,False,False,False,False,False
cart_001167,cust_000756,2026-04-22T02:54:00,419.7,3,mobile,True,60,2,212,False,0,0,price_sensitivity,do_nothing,False,False,False,False,False,True
cart_001168,cust_000409,2026-07-18T10:48:00,24687.45,1,mobile,False,180,10,715,True,0,0,high_cart_hesitation,do_nothing,False,False,False,False,False,True
cart_001169,cust_000985,2026-05-31T19:08:00,5556.79,4,mobile,True,720,19,244,True,3,0,technical_friction,do_nothing,False,False,True,False,False,True
cart_001170,cust_001220,2026-04-21T07:15:00,781.91,3,mobile,True,180,7,245,False,0,0,price_sensitivity,send_reminder_whatsapp,True,False,True,True,False,True
cart_001171,cust_001314,2026-02-07T16:04:00,1980.15,1,mobile,True,60,16,664,False,0,0,comparison_shopping,send_reminder_whatsapp,True,False,True,True,True,True
cart_001172,cust_001278,2026-02-16T20:48:00,12722.61,2,desktop,True,60,20,965,True,0,0,high_cart_hesitation,offer_bounded_discount@5,False,False,False,False,False,False
cart_001173,cust_000507,2026-04-10T02:54:00,432.14,2,mobile,True,10,2,725,False,0,0,comparison_shopping,offer_bounded_discount@10,False,False,False,False,True,False
cart_001174,cust_001173,2026-06-16T18:12:00,18010.91,2,desktop,True,720,18,642,True,0,0,high_cart_hesitation,offer_bounded_discount@5,False,False,False,True,False,False
cart_001175,cust_000249,2026-05-15T09:42:00,8422.85,4,mobile,True,180,9,505,False,0,0,comparison_shopping,send_reminder_whatsapp,False,False,False,False,False,False
cart_001176,cust_001315,2026-05-24T04:18:00,2324.57,2,mobile,True,10,4,415,False,0,0,comparison_shopping,send_reminder_email,True,True,True,True,True,True
cart_001177,cust_001496,2026-03-19T01:30:00,7165.02,2,desktop,True,720,1,332,True,2,1,technical_friction,send_reminder_whatsapp,True,False,True,True,True,True
cart_001178,cust_000778,2026-06-17T18:12:00,6931.7,3,tablet,False,720,18,492,True,1,2,technical_friction,send_reminder_whatsapp,True,True,False,True,True,True
cart_001179,cust_000132,2026-04-26T18:38:00,8456.51,4,mobile,True,60,18,728,False,0,0,comparison_shopping,offer_bounded_discount@5,False,False,False,False,False,True
cart_001180,cust_000028,2026-04-19T17:08:00,2573.62,3,mobile,True,180,17,513,False,0,0,comparison_shopping,offer_bounded_discount@10,False,False,False,False,False,False
cart_001181,cust_001383,2026-06-15T17:49:00,2964.1,3,desktop,True,180,17,262,True,0,0,comparison_shopping,send_reminder_whatsapp,True,False,True,True,True,True
cart_001182,cust_000906,2026-07-20T09:56:00,21788.45,3,mobile,False,60,9,726,False,0,0,high_cart_hesitation,do_nothing,False,False,False,False,False,False
cart_001183,cust_000945,2026-05-25T06:39:00,11485.27,6,mobile,True,30,6,285,True,3,1,technical_friction,do_nothing,False,False,True,True,True,False
cart_001184,cust_000829,2026-02-27T17:25:00,742.75,3,mobile,True,30,17,463,False,1,0,comparison_shopping,do_nothing,False,False,True,False,True,False
cart_001185,cust_000284,2026-03-23T11:39:00,2919.49,4,tablet,True,30,11,808,False,1,0,comparison_shopping,offer_bounded_discount@5,True,False,True,True,True,True
cart_001186,cust_001023,2026-01-31T18:17:00,4858.69,2,mobile,True,1440,18,356,False,0,0,comparison_shopping,offer_bounded_discount@10,True,False,False,True,False,True
cart_001187,cust_000664,2026-05-02T14:27:00,21248.63,4,desktop,True,720,14,604,False,0,0,comparison_shopping,offer_bounded_discount@10,False,True,False,True,False,False
cart_001188,cust_000803,2026-01-02T14:28:00,4137.54,2,mobile,False,10,14,139,False,0,0,price_sensitivity,send_reminder_email,False,False,False,False,True,True
cart_001189,cust_001197,2026-03-23T14:16:00,1768.36,1,tablet,False,60,14,159,True,0,0,price_sensitivity,do_nothing,False,False,False,False,True,False
cart_001190,cust_000527,2026-07-18T20:06:00,1930.92,6,mobile,True,60,20,148,False,0,0,price_sensitivity,send_reminder_whatsapp,False,False,False,False,True,False
cart_001191,cust_000004,2026-05-11T23:44:00,3692.6,7,tablet,False,720,23,345,True,1,2,technical_friction,offer_bounded_discount@5,True,True,False,True,True,False
cart_001192,cust_000635,2026-04-29T17:34:00,5958.78,1,mobile,False,720,17,799,False,1,0,high_cart_hesitation,send_reminder_whatsapp,False,False,False,False,False,False
cart_001193,cust_000989,2026-06-11T19:12:00,7950.46,1,desktop,True,30,19,940,False,0,1,high_cart_hesitation,send_reminder_whatsapp,True,False,False,True,False,True
cart_001194,cust_000910,2026-04-28T11:01:00,17993.69,3,mobile,True,30,11,833,False,0,0,high_cart_hesitation,send_reminder_email,True,False,True,True,True,True
cart_001195,cust_000967,2026-03-06T23:19:00,12284.33,1,mobile,False,1440,23,429,False,0,0,high_cart_hesitation,offer_bounded_discount@10,False,True,False,False,False,False
cart_001196,cust_000635,2026-03-05T17:46:00,1872.54,3,tablet,True,60,17,347,False,0,0,comparison_shopping,send_reminder_whatsapp,True,False,False,True,False,True
cart_001197,cust_000702,2026-03-02T18:52:00,9424.3,2,mobile,True,1440,18,1080,True,1,0,high_cart_hesitation,send_reminder_email,False,False,False,False,False,False
cart_001198,cust_000833,2026-06-20T03:50:00,2643.27,5,mobile,True,180,3,651,True,2,0,technical_friction,send_reminder_email,True,False,True,True,True,True
cart_001199,cust_000972,2026-01-23T04:33:00,3765.85,3,mobile,True,10,4,304,False,0,0,price_sensitivity,offer_bounded_discount@5,True,False,False,False,True,False
cart_001200,cust_001473,2026-04-26T23:16:00,1819.14,2,desktop,False,180,23,247,False,0,0,comparison_shopping,do_nothing,False,False,False,False,False,False
cart_001201,cust_001066,2026-02-15T14:04:00,951.1,2,mobile,False,30,14,384,False,1,0,price_sensitivity,send_reminder_email,False,False,False,False,False,True
cart_001202,cust_000533,2026-05-11T13:03:00,8674.32,2,mobile,False,1440,13,877,False,0,0,high_cart_hesitation,offer_bounded_discount@5,False,False,False,False,False,True
cart_001203,cust_001387,2026-07-16T08:47:00,2269.7,1,mobile,True,60,8,548,False,1,0,comparison_shopping,offer_bounded_discount@10,True,False,False,False,True,True
cart_001204,cust_001022,2026-06-11T02:19:00,952.16,2,desktop,True,1440,2,550,True,1,2,technical_friction,send_reminder_whatsapp,True,False,False,True,True,True
cart_001205,cust_000528,2026-05-18T02:50:00,975.86,2,mobile,False,10,2,255,False,0,0,price_sensitivity,offer_bounded_discount@5,True,False,False,False,True,False
cart_001206,cust_001050,2026-04-17T11:27:00,9154.96,5,mobile,False,720,11,651,False,0,0,comparison_shopping,offer_bounded_discount@10,False,False,False,False,False,False
cart_001207,cust_000336,2026-01-25T08:21:00,7626.81,2,mobile,False,30,8,494,True,2,1,technical_friction,do_nothing,False,False,True,True,False,False
cart_001208,cust_000646,2026-01-28T14:54:00,1257.62,1,desktop,False,180,14,161,False,0,0,price_sensitivity,offer_bounded_discount@10,False,False,False,False,False,False
cart_001209,cust_000835,2026-06-15T08:25:00,29669.94,2,mobile,False,60,8,802,True,0,0,high_cart_hesitation,offer_bounded_discount@5,False,False,False,False,False,True
cart_001210,cust_000914,2026-04-16T14:34:00,1879.97,4,desktop,True,60,14,250,False,0,0,comparison_shopping,offer_bounded_discount@10,False,False,False,True,True,False
cart_001211,cust_000741,2026-03-04T16:28:00,1431.38,1,mobile,True,30,16,172,False,0,0,price_sensitivity,offer_bounded_discount@5,False,False,False,False,False,False
cart_001212,cust_001470,2026-05-08T16:14:00,1430.33,7,mobile,True,180,16,144,False,0,0,price_sensitivity,offer_bounded_discount@5,False,False,False,False,False,False
cart_001213,cust_001209,2026-07-07T16:04:00,2587.65,4,tablet,False,60,16,186,True,0,0,price_sensitivity,send_reminder_whatsapp,True,True,False,True,True,True
cart_001214,cust_000027,2026-06-08T20:39:00,23970.38,3,mobile,False,720,20,826,False,0,0,high_cart_hesitation,send_reminder_email,False,False,False,False,False,False
cart_001215,cust_000102,2026-01-30T16:12:00,8018.37,2,desktop,True,180,16,451,False,1,0,comparison_shopping,send_reminder_email,True,False,True,True,True,True
cart_001216,cust_000309,2026-04-01T11:58:00,6813.09,1,mobile,False,720,11,887,True,0,0,high_cart_hesitation,offer_bounded_discount@10,False,False,False,False,False,False
cart_001217,cust_000656,2026-05-12T19:01:00,4965.84,5,mobile,True,720,19,336,True,0,1,technical_friction,send_reminder_email,True,False,True,True,True,True
cart_001218,cust_000964,2026-06-19T08:21:00,2791.89,2,desktop,True,60,8,619,False,0,0,comparison_shopping,offer_bounded_discount@10,True,False,True,True,True,True
cart_001219,cust_000638,2026-01-24T09:30:00,4298.65,5,desktop,True,180,9,527,True,2,1,technical_friction,send_reminder_whatsapp,True,True,True,True,True,True
cart_001220,cust_000576,2026-03-07T11:46:00,1260.13,5,mobile,True,180,11,324,False,0,0,comparison_shopping,send_reminder_whatsapp,False,False,False,False,False,False
cart_001221,cust_001172,2026-07-13T17:29:00,4393.44,3,mobile,True,30,17,596,True,2,2,technical_friction,send_reminder_whatsapp,True,False,True,True,False,True
cart_001222,cust_001032,2026-07-08T09:54:00,13050.03,1,desktop,True,180,9,490,False,0,1,high_cart_hesitation,offer_bounded_discount@10,False,False,False,False,False,False
cart_001223,cust_000125,2026-02-20T22:16:00,4189.81,4,mobile,True,10,22,231,False,0,0,comparison_shopping,offer_bounded_discount@5,False,False,False,False,False,False
cart_001224,cust_000724,2026-01-11T12:20:00,11287.82,2,mobile,True,30,12,655,False,0,0,high_cart_hesitation,send_reminder_email,False,False,False,True,False,False
cart_001225,cust_001488,2026-01-18T00:15:00,8971.72,1,desktop,True,720,0,28,False,0,0,price_sensitivity,offer_bounded_discount@5,False,False,False,False,False,False
cart_001226,cust_001358,2026-07-08T12:35:00,26718.53,1,mobile,False,720,12,395,True,1,1,technical_friction,offer_bounded_discount@10,False,True,True,False,False,False
cart_001227,cust_000272,2026-01-02T06:11:00,399.02,5,mobile,True,10,6,304,True,0,0,price_sensitivity,offer_bounded_discount@5,True,False,True,False,True,False
cart_001228,cust_000129,2026-02-18T13:31:00,701.91,2,desktop,False,60,13,168,False,0,0,price_sensitivity,offer_bounded_discount@10,False,False,False,False,False,False
cart_001229,cust_000754,2026-01-01T20:03:00,14403.34,4,desktop,True,30,20,404,True,2,2,technical_friction,do_nothing,True,True,True,True,False,False
cart_001230,cust_001325,2026-07-12T01:09:00,3559.6,4,desktop,True,30,1,471,False,0,0,comparison_shopping,offer_bounded_discount@10,True,True,False,True,False,True
cart_001231,cust_000058,2026-02-09T05:49:00,1726.21,1,mobile,True,60,5,337,False,0,0,price_sensitivity,send_reminder_email,True,False,True,False,True,True
cart_001232,cust_001078,2026-04-13T20:25:00,7332.31,3,desktop,False,10,20,621,False,0,0,comparison_shopping,send_reminder_email,False,False,False,False,False,False
cart_001233,cust_001016,2026-01-23T09:17:00,22020.94,3,mobile,True,30,9,791,True,0,1,high_cart_hesitation,send_reminder_whatsapp,True,False,True,True,True,True
cart_001234,cust_000795,2026-02-13T01:24:00,2746.13,1,desktop,True,180,1,554,True,1,0,comparison_shopping,offer_bounded_discount@5,False,False,False,True,False,False
cart_001235,cust_001436,2026-05-09T14:42:00,7723.4,1,mobile,True,60,14,390,False,0,0,comparison_shopping,do_nothing,False,False,False,False,True,True
cart_001236,cust_001492,2026-06-28T02:28:00,2811.22,3,mobile,True,180,2,645,False,0,0,comparison_shopping,send_reminder_email,True,False,True,True,False,True
cart_001237,cust_000142,2026-02-13T06:12:00,13402.94,1,mobile,True,720,6,373,True,2,1,technical_friction,send_reminder_email,False,False,False,False,False,False
cart_001238,cust_000494,2026-06-28T09:26:00,6091.43,1,mobile,False,60,9,135,True,0,0,price_sensitivity,offer_bounded_discount@5,False,False,False,False,False,False
cart_001239,cust_001137,2026-06-18T17:06:00,3722.03,1,mobile,True,10,17,221,True,0,0,price_sensitivity,offer_bounded_discount@5,True,False,False,True,True,True
cart_001240,cust_001040,2026-07-20T02:57:00,4898.55,1,tablet,False,180,2,756,False,0,0,comparison_shopping,send_reminder_email,False,False,False,False,False,True
cart_001241,cust_000223,2026-07-11T10:34:00,13182.3,2,desktop,True,720,10,323,True,2,1,technical_friction,do_nothing,False,False,False,True,True,False
cart_001242,cust_001280,2026-06-27T06:47:00,1970.43,2,mobile,True,180,6,446,False,0,0,comparison_shopping,send_reminder_whatsapp,True,False,False,True,True,True
cart_001243,cust_000117,2026-05-21T08:13:00,3832.66,1,mobile,True,10,8,663,False,0,0,high_cart_hesitation,send_reminder_whatsapp,True,False,False,True,True,True
cart_001244,cust_000409,2026-04-18T15:54:00,1783.55,1,tablet,False,1440,15,144,True,0,0,price_sensitivity,offer_bounded_discount@10,True,False,False,True,False,True
cart_001245,cust_001438,2026-02-27T21:46:00,5287.46,2,tablet,True,720,21,600,False,0,0,comparison_shopping,offer_bounded_discount@10,True,False,False,True,False,True
cart_001246,cust_001378,2026-06-16T20:57:00,2886.49,2,mobile,True,30,20,139,False,0,0,price_sensitivity,send_reminder_email,True,False,True,False,True,False
cart_001247,cust_000102,2026-05-20T20:25:00,9241.88,1,desktop,True,60,20,606,False,0,0,high_cart_hesitation,do_nothing,False,False,False,True,False,False
cart_001248,cust_000925,2026-01-31T01:26:00,13300.14,1,mobile,True,60,1,769,False,1,0,high_cart_hesitation,do_nothing,False,False,True,True,True,True
cart_001249,cust_000823,2026-01-22T09:50:00,28953.58,3,desktop,True,30,9,397,False,0,0,comparison_shopping,send_reminder_email,True,False,True,False,True,True
cart_001250,cust_001226,2026-03-06T03:03:00,2519.1,1,mobile,False,180,3,130,False,0,0,price_sensitivity,offer_bounded_discount@5,False,False,False,False,False,True
cart_001251,cust_001414,2026-07-02T08:02:00,2856.42,1,mobile,True,1440,8,410,True,3,1,technical_friction,do_nothing,False,False,True,True,True,False
cart_001252,cust_000851,2026-01-08T16:12:00,4770.94,1,mobile,True,60,16,649,False,1,0,comparison_shopping,do_nothing,False,False,False,False,False,False
cart_001253,cust_000953,2026-05-31T10:38:00,13874.65,3,mobile,True,60,10,586,False,0,0,high_cart_hesitation,send_reminder_whatsapp,False,False,False,False,False,False
cart_001254,cust_001377,2026-02-05T02:09:00,1527.23,3,mobile,True,60,2,413,False,0,0,comparison_shopping,do_nothing,False,False,True,True,False,True
cart_001255,cust_001429,2026-03-01T18:35:00,5190.83,1,mobile,True,60,18,360,False,0,0,high_cart_hesitation,offer_bounded_discount@10,False,False,False,False,False,False
cart_001256,cust_000040,2026-03-18T03:47:00,22133.58,3,mobile,True,180,3,753,False,0,0,high_cart_hesitation,offer_bounded_discount@10,True,False,True,True,True,True
cart_001257,cust_000618,2026-07-05T04:29:00,3576.21,2,mobile,False,10,4,182,False,0,0,comparison_shopping,offer_bounded_discount@10,True,True,True,True,True,True
cart_001258,cust_000615,2026-03-18T18:38:00,15590.98,1,mobile,True,30,18,866,True,0,0,high_cart_hesitation,send_reminder_email,False,False,False,False,False,True
cart_001259,cust_000202,2026-01-29T16:58:00,1135.97,2,mobile,True,180,16,36,True,0,0,price_sensitivity,send_reminder_whatsapp,False,False,False,False,True,False
cart_001260,cust_000811,2026-04-14T18:20:00,9523.38,3,mobile,False,1440,18,55,True,0,0,price_sensitivity,send_reminder_whatsapp,False,False,False,False,False,True
cart_001261,cust_000198,2026-02-16T08:02:00,9705.59,2,tablet,True,10,8,832,True,0,1,high_cart_hesitation,offer_bounded_discount@10,True,False,True,True,True,True
cart_001262,cust_001420,2026-03-25T04:44:00,5033.14,2,mobile,True,180,4,540,False,0,0,comparison_shopping,offer_bounded_discount@10,True,False,True,True,True,True
cart_001263,cust_000329,2026-02-06T09:00:00,1572.96,1,desktop,False,30,9,941,False,0,0,comparison_shopping,offer_bounded_discount@10,False,False,False,False,False,False
cart_001264,cust_000428,2026-05-16T03:51:00,16839.72,3,desktop,True,30,3,219,True,3,1,technical_friction,do_nothing,False,False,False,True,True,False
cart_001265,cust_001324,2026-03-05T04:06:00,861.85,3,desktop,True,180,4,236,False,0,0,price_sensitivity,send_reminder_whatsapp,False,False,False,False,True,False
cart_001266,cust_001439,2026-07-04T03:46:00,14498.22,2,desktop,True,10,3,921,False,0,0,comparison_shopping,offer_bounded_discount@5,False,False,False,False,False,False
cart_001267,cust_001132,2026-03-11T13:15:00,4150.46,1,mobile,True,180,13,602,True,0,0,high_cart_hesitation,send_reminder_email,False,False,False,True,True,False
cart_001268,cust_000017,2026-06-02T09:55:00,3132.15,3,mobile,False,180,9,196,False,1,0,comparison_shopping,offer_bounded_discount@10,False,False,False,False,False,False
cart_001269,cust_000517,2026-01-16T08:07:00,5757.55,1,mobile,True,720,8,547,True,1,1,technical_friction,do_nothing,False,False,True,False,False,False
cart_001270,cust_001224,2026-03-10T15:54:00,5270.56,5,mobile,True,720,15,469,False,0,0,comparison_shopping,send_reminder_whatsapp,True,False,False,True,False,False
cart_001271,cust_000200,2026-01-30T19:56:00,6064.99,1,mobile,False,30,19,476,True,2,1,technical_friction,offer_bounded_discount@5,True,False,True,True,True,True
cart_001272,cust_000083,2026-06-27T05:32:00,398.87,2,mobile,True,180,5,316,True,0,0,price_sensitivity,send_reminder_whatsapp,True,False,False,True,True,True
cart_001273,cust_000240,2026-05-08T19:34:00,11684.6,3,tablet,True,180,19,796,False,0,1,high_cart_hesitation,offer_bounded_discount@5,False,False,False,True,False,False
cart_001274,cust_001253,2026-07-07T09:28:00,2929.19,3,mobile,True,10,9,345,True,1,1,technical_friction,offer_bounded_discount@5,True,False,True,True,True,True
cart_001275,cust_001364,2026-06-28T10:53:00,1892.78,7,desktop,True,180,10,627,False,0,0,comparison_shopping,send_reminder_email,False,False,False,True,True,True
cart_001276,cust_001361,2026-04-28T09:25:00,2052.79,1,desktop,False,180,9,215,True,0,0,price_sensitivity,do_nothing,False,False,False,True,True,True
cart_001277,cust_001322,2026-05-12T01:04:00,1757.22,2,desktop,False,180,1,243,True,0,0,price_sensitivity,send_reminder_whatsapp,False,False,False,False,False,False
cart_001278,cust_001280,2026-03-23T03:46:00,1787.77,1,mobile,False,1440,3,255,False,0,0,price_sensitivity,do_nothing,False,False,False,False,False,False
cart_001279,cust_000091,2026-07-20T13:36:00,6833.53,1,desktop,True,60,13,580,False,1,0,comparison_shopping,offer_bounded_discount@5,True,False,False,True,True,True
cart_001280,cust_001374,2026-03-30T03:51:00,12323.32,1,mobile,True,720,3,707,True,0,0,high_cart_hesitation,offer_bounded_discount@10,True,False,True,False,False,True
cart_001281,cust_001135,2026-06-18T08:46:00,17298.5,2,mobile,False,1440,8,934,False,0,0,high_cart_hesitation,send_reminder_whatsapp,False,False,False,False,False,False
cart_001282,cust_000474,2026-05-04T09:13:00,843.08,4,mobile,True,30,9,285,True,0,0,price_sensitivity,do_nothing,False,False,False,True,True,True
cart_001283,cust_000687,2026-07-15T22:27:00,227.21,4,mobile,True,30,22,327,True,1,0,price_sensitivity,offer_bounded_discount@10,False,False,False,False,False,False
cart_001284,cust_000990,2026-01-03T09:25:00,19376.05,2,desktop,True,720,9,353,True,0,0,high_cart_hesitation,send_reminder_email,False,False,False,False,False,False
cart_001285,cust_001035,2026-03-12T06:47:00,2250.91,2,mobile,True,180,6,210,True,0,0,price_sensitivity,offer_bounded_discount@5,False,False,True,False,False,True
cart_001286,cust_000612,2026-02-01T01:42:00,1210.1,3,mobile,True,30,1,281,False,0,0,price_sensitivity,offer_bounded_discount@10,True,False,True,True,True,True
cart_001287,cust_000050,2026-01-05T15:09:00,1902.69,4,mobile,True,720,15,88,False,0,0,price_sensitivity,do_nothing,True,True,True,False,True,True
cart_001288,cust_000909,2026-06-18T19:36:00,1791.94,7,desktop,True,10,19,293,False,0,0,price_sensitivity,send_reminder_whatsapp,False,False,False,False,True,True
cart_001289,cust_000839,2026-06-22T14:50:00,2284.66,3,desktop,True,60,14,310,True,2,2,technical_friction,send_reminder_whatsapp,True,False,True,True,True,True
cart_001290,cust_001011,2026-04-22T00:21:00,5248.01,6,mobile,True,180,0,448,True,0,1,technical_friction,offer_bounded_discount@10,True,False,True,True,True,True
cart_001291,cust_001315,2026-04-08T07:04:00,7465.78,7,desktop,True,720,7,441,True,1,2,technical_friction,send_reminder_email,True,True,True,True,True,True
cart_001292,cust_000887,2026-01-25T07:35:00,2605.48,2,mobile,True,10,7,731,False,0,0,comparison_shopping,offer_bounded_discount@5,True,True,True,True,True,False
cart_001293,cust_000001,2026-01-03T20:27:00,584.13,1,desktop,True,1440,20,20,False,0,0,price_sensitivity,offer_bounded_discount@5,False,False,False,False,False,False
cart_001294,cust_000453,2026-03-22T11:38:00,3379.95,1,mobile,False,180,11,927,False,0,0,high_cart_hesitation,send_reminder_whatsapp,True,False,True,True,False,False
cart_001295,cust_001028,2026-07-09T00:32:00,657.48,3,desktop,True,30,0,242,False,0,0,price_sensitivity,send_reminder_whatsapp,True,False,False,True,True,True
cart_001296,cust_001071,2026-01-09T18:01:00,2867.99,2,desktop,True,180,18,447,True,2,0,technical_friction,offer_bounded_discount@5,True,False,False,True,True,True
cart_001297,cust_001372,2026-03-09T08:17:00,2680.65,5,tablet,True,720,8,301,True,1,2,technical_friction,send_reminder_email,True,False,True,True,False,True
cart_001298,cust_001219,2026-03-17T06:20:00,4530.22,1,mobile,True,60,6,653,False,1,1,high_cart_hesitation,offer_bounded_discount@10,True,False,True,True,False,True
cart_001299,cust_001008,2026-04-26T13:06:00,1117.12,4,desktop,True,30,13,217,False,1,0,price_sensitivity,offer_bounded_discount@5,False,False,False,False,False,False
cart_001300,cust_000238,2026-05-07T07:48:00,10133.61,3,mobile,False,60,7,468,False,0,0,high_cart_hesitation,do_nothing,False,False,False,False,False,False
cart_001301,cust_000739,2026-06-16T16:13:00,1544.22,4,desktop,False,720,16,559,True,3,2,technical_friction,offer_bounded_discount@5,False,False,False,False,False,False
cart_001302,cust_001005,2026-02-20T06:03:00,24770.44,3,mobile,False,180,6,193,True,2,0,technical_friction,send_reminder_email,False,False,False,False,False,False
cart_001303,cust_000119,2026-03-09T14:51:00,6902.17,5,mobile,False,10,14,527,True,3,1,technical_friction,offer_bounded_discount@10,True,False,True,True,True,True
cart_001304,cust_001274,2026-02-22T01:46:00,5217.54,1,desktop,True,30,1,321,True,1,0,price_sensitivity,send_reminder_email,True,False,True,False,False,False
cart_001305,cust_001276,2026-06-02T23:41:00,1443.65,2,desktop,True,180,23,243,False,0,0,price_sensitivity,offer_bounded_discount@5,True,False,True,True,True,True
cart_001306,cust_000118,2026-01-11T17:47:00,8073.38,2,desktop,False,30,17,792,False,0,0,high_cart_hesitation,send_reminder_email,False,False,False,False,False,False
cart_001307,cust_000860,2026-07-10T06:24:00,6308.09,4,mobile,True,1440,6,422,False,0,0,comparison_shopping,offer_bounded_discount@10,False,False,False,False,False,False
cart_001308,cust_000920,2026-07-07T11:39:00,1033.19,3,mobile,False,720,11,497,False,0,0,comparison_shopping,send_reminder_whatsapp,True,False,False,True,False,False
cart_001309,cust_000356,2026-04-27T01:09:00,1211.46,2,mobile,True,30,1,200,True,1,0,price_sensitivity,send_reminder_email,False,False,False,True,False,True
cart_001310,cust_001061,2026-07-09T06:07:00,27015.34,1,mobile,False,180,6,1007,False,0,0,high_cart_hesitation,send_reminder_email,False,False,False,False,False,True
cart_001311,cust_000215,2026-03-07T21:10:00,19811.36,3,tablet,True,30,21,430,False,0,0,high_cart_hesitation,do_nothing,False,False,True,False,False,False
cart_001312,cust_001344,2026-07-16T23:40:00,3896.09,1,mobile,True,30,23,970,False,0,0,comparison_shopping,offer_bounded_discount@10,False,False,False,False,False,False
cart_001313,cust_000603,2026-05-18T04:57:00,12622.45,1,tablet,True,10,4,553,False,0,0,comparison_shopping,do_nothing,False,False,False,False,False,False
cart_001314,cust_001366,2026-03-20T05:10:00,2081.52,3,tablet,False,60,5,146,False,0,0,price_sensitivity,offer_bounded_discount@5,False,False,False,False,False,True
cart_001315,cust_000432,2026-06-10T08:37:00,2275.09,1,mobile,False,1440,8,140,False,1,0,price_sensitivity,do_nothing,False,False,False,False,False,False
cart_001316,cust_001227,2026-02-23T19:23:00,2905.43,1,mobile,False,720,19,102,False,0,0,price_sensitivity,offer_bounded_discount@10,False,False,False,False,False,False
cart_001317,cust_001052,2026-04-03T18:48:00,13543.47,3,tablet,True,180,18,850,False,1,0,high_cart_hesitation,send_reminder_email,False,False,False,False,False,False
cart_001318,cust_000497,2026-02-16T03:44:00,4658.04,4,desktop,True,1440,3,22,False,0,0,comparison_shopping,do_nothing,False,False,False,False,False,True
cart_001319,cust_000426,2026-04-17T22:58:00,5474.44,6,tablet,True,1440,22,505,True,3,1,technical_friction,send_reminder_whatsapp,True,False,True,True,True,False
cart_001320,cust_001353,2026-03-02T05:45:00,1667.36,2,tablet,True,720,5,413,True,3,1,technical_friction,send_reminder_email,False,False,False,False,True,True
cart_001321,cust_001226,2026-02-09T09:26:00,3651.62,6,mobile,False,30,9,602,True,1,1,technical_friction,send_reminder_whatsapp,True,False,True,True,True,False
cart_001322,cust_001037,2026-02-02T00:04:00,8565.09,1,mobile,True,30,0,635,True,0,0,high_cart_hesitation,offer_bounded_discount@5,False,False,False,False,False,False
cart_001323,cust_001478,2026-02-26T18:13:00,4268.45,3,desktop,True,180,18,820,False,0,0,high_cart_hesitation,offer_bounded_discount@5,True,False,True,False,True,True
cart_001324,cust_000712,2026-06-24T23:58:00,1109.66,1,mobile,True,720,23,127,False,0,0,price_sensitivity,do_nothing,True,True,True,True,False,True
cart_001325,cust_001065,2026-01-01T20:26:00,13539.23,2,mobile,False,60,20,646,True,0,0,comparison_shopping,send_reminder_whatsapp,True,False,False,True,False,False
cart_001326,cust_000157,2026-04-23T18:38:00,706.24,5,mobile,True,180,18,228,False,0,0,price_sensitivity,offer_bounded_discount@10,False,False,False,False,False,False
cart_001327,cust_000909,2026-03-28T13:15:00,2834.37,1,mobile,False,10,13,261,True,0,0,price_sensitivity,do_nothing,False,False,False,True,False,False
cart_001328,cust_001135,2026-01-04T03:42:00,7789.61,1,mobile,False,10,3,850,True,0,0,high_cart_hesitation,send_reminder_email,False,True,False,True,False,True
cart_001329,cust_000958,2026-02-11T16:42:00,7983.77,2,mobile,True,180,16,490,False,0,0,high_cart_hesitation,offer_bounded_discount@10,True,False,False,False,False,True
cart_001330,cust_000596,2026-07-11T11:21:00,373.26,4,mobile,False,10,11,589,True,1,1,technical_friction,do_nothing,False,False,False,True,True,False
cart_001331,cust_000720,2026-07-05T08:31:00,7260.25,3,mobile,True,60,8,20,False,1,0,comparison_shopping,send_reminder_email,True,True,True,False,False,True
cart_001332,cust_000500,2026-03-20T07:56:00,4986.72,3,mobile,True,10,7,594,False,0,0,comparison_shopping,offer_bounded_discount@10,True,True,True,True,True,True
cart_001333,cust_001060,2026-06-22T00:45:00,782.81,3,desktop,True,720,0,284,False,0,0,price_sensitivity,send_reminder_email,False,False,False,False,True,True
cart_001334,cust_000953,2026-01-01T10:24:00,1709.27,3,desktop,True,720,10,629,False,1,0,comparison_shopping,offer_bounded_discount@10,True,True,True,False,True,True
cart_001335,cust_000077,2026-01-30T23:46:00,5301.35,1,mobile,True,60,23,305,False,0,0,comparison_shopping,send_reminder_email,True,False,True,True,True,True
cart_001336,cust_000703,2026-03-26T03:31:00,6657.23,3,desktop,True,60,3,568,False,0,0,comparison_shopping,offer_bounded_discount@5,True,False,False,False,True,True
cart_001337,cust_001037,2026-06-07T22:32:00,17936.59,2,mobile,True,720,22,1019,False,0,0,high_cart_hesitation,do_nothing,False,False,False,False,False,False
cart_001338,cust_000568,2026-05-25T20:32:00,3949.6,4,mobile,True,60,20,396,True,1,2,technical_friction,offer_bounded_discount@10,True,False,True,True,False,True
cart_001339,cust_001230,2026-07-04T06:59:00,23168.65,1,mobile,False,60,6,751,False,0,0,comparison_shopping,send_reminder_email,False,False,False,False,False,False
cart_001340,cust_000825,2026-04-15T11:33:00,1465.38,2,mobile,True,60,11,137,False,0,0,price_sensitivity,send_reminder_whatsapp,True,False,True,True,True,True
cart_001341,cust_000172,2026-06-29T02:33:00,18617.02,1,mobile,False,60,2,363,False,0,0,comparison_shopping,do_nothing,False,False,False,True,False,False
cart_001342,cust_000618,2026-06-24T17:22:00,1164.49,1,mobile,True,60,17,426,True,2,1,technical_friction,do_nothing,True,True,True,True,True,True
cart_001343,cust_000261,2026-07-01T22:21:00,41429.59,3,desktop,True,720,22,1327,False,1,0,high_cart_hesitation,send_reminder_email,False,True,False,True,False,False
cart_001344,cust_001464,2026-05-27T07:13:00,1064.88,1,desktop,False,30,7,20,True,0,0,comparison_shopping,send_reminder_whatsapp,False,False,False,False,False,True
cart_001345,cust_000199,2026-03-15T17:49:00,12631.72,2,mobile,True,30,17,706,True,0,0,high_cart_hesitation,send_reminder_email,False,False,False,False,False,False
cart_001346,cust_000850,2026-03-19T05:01:00,18856.61,3,desktop,True,60,5,182,True,0,0,high_cart_hesitation,send_reminder_email,False,False,False,False,False,False
cart_001347,cust_000729,2026-05-06T13:24:00,707.91,2,mobile,True,180,13,192,True,1,0,price_sensitivity,send_reminder_whatsapp,False,False,False,False,True,True
cart_001348,cust_000604,2026-05-12T02:29:00,9839.23,2,mobile,True,720,2,863,False,1,0,high_cart_hesitation,send_reminder_whatsapp,False,False,False,False,True,True
cart_001349,cust_001346,2026-06-08T10:38:00,5292.9,3,mobile,True,30,10,589,True,2,1,technical_friction,send_reminder_email,True,True,True,True,True,True
cart_001350,cust_000928,2026-04-07T18:18:00,6846.37,1,mobile,True,60,18,578,False,0,0,comparison_shopping,do_nothing,False,False,True,False,False,False
cart_001351,cust_001394,2026-05-23T09:04:00,7719.0,3,mobile,False,60,9,358,False,0,0,comparison_shopping,offer_bounded_discount@10,False,False,False,False,False,False
cart_001352,cust_000580,2026-03-24T09:49:00,2947.61,5,mobile,True,180,9,286,False,0,0,comparison_shopping,offer_bounded_discount@10,False,False,False,True,False,False
cart_001353,cust_000114,2026-06-13T11:05:00,3335.08,3,tablet,True,180,11,150,True,1,0,price_sensitivity,offer_bounded_discount@5,True,False,False,False,True,True
cart_001354,cust_000015,2026-03-10T14:23:00,3438.06,1,mobile,True,1440,14,626,False,0,0,comparison_shopping,offer_bounded_discount@5,False,True,False,False,False,False
cart_001355,cust_000729,2026-05-30T00:34:00,8769.77,1,mobile,True,10,0,671,True,3,0,technical_friction,offer_bounded_discount@10,True,False,True,True,True,True
cart_001356,cust_001409,2026-02-24T20:45:00,1408.74,4,mobile,True,60,20,334,True,0,0,price_sensitivity,send_reminder_email,False,False,False,False,False,False
cart_001357,cust_001113,2026-01-10T19:52:00,2608.78,3,mobile,False,720,19,540,True,1,2,technical_friction,offer_bounded_discount@10,False,True,True,True,True,False
cart_001358,cust_000952,2026-05-18T22:11:00,4775.32,1,mobile,False,10,22,472,False,0,0,high_cart_hesitation,send_reminder_email,False,False,False,False,False,False
cart_001359,cust_001287,2026-04-01T01:36:00,54424.59,5,desktop,False,720,1,707,True,1,0,comparison_shopping,offer_bounded_discount@10,False,False,False,False,False,False
cart_001360,cust_000420,2026-02-02T22:42:00,488.05,3,mobile,False,30,22,352,True,0,0,price_sensitivity,offer_bounded_discount@10,True,True,True,False,False,True
cart_001361,cust_000445,2026-05-21T01:07:00,1650.08,2,mobile,True,60,1,160,True,0,0,price_sensitivity,offer_bounded_discount@5,False,False,True,True,False,True
cart_001362,cust_001158,2026-03-15T12:09:00,16214.05,2,mobile,False,60,12,296,True,0,0,high_cart_hesitation,send_reminder_whatsapp,True,False,False,True,True,False
cart_001363,cust_000177,2026-03-23T03:27:00,3721.15,2,mobile,True,60,3,523,False,0,0,comparison_shopping,offer_bounded_discount@10,False,False,False,True,False,False
cart_001364,cust_000890,2026-05-06T00:00:00,6586.09,3,tablet,True,10,0,155,True,0,0,price_sensitivity,offer_bounded_discount@5,True,False,False,False,True,True
cart_001365,cust_000862,2026-07-11T08:12:00,909.6,2,mobile,True,720,8,218,True,0,0,price_sensitivity,offer_bounded_discount@10,True,False,False,True,False,True
cart_001366,cust_001214,2026-02-12T13:57:00,3407.06,4,desktop,True,30,13,239,False,0,0,price_sensitivity,send_reminder_email,False,False,False,True,True,True
cart_001367,cust_000521,2026-02-04T05:37:00,8529.2,1,mobile,True,180,5,412,True,2,2,technical_friction,send_reminder_email,True,True,True,True,True,True
cart_001368,cust_000059,2026-01-06T14:07:00,1325.17,4,desktop,True,720,14,308,False,0,0,comparison_shopping,do_nothing,False,False,True,False,True,False
cart_001369,cust_001371,2026-04-26T09:45:00,6337.75,1,desktop,False,10,9,487,False,0,0,high_cart_hesitation,do_nothing,True,True,True,True,True,True
cart_001370,cust_001009,2026-03-24T13:01:00,4418.87,7,mobile,True,10,13,514,False,0,0,comparison_shopping,offer_bounded_discount@5,False,False,False,False,False,False
cart_001371,cust_000805,2026-01-19T10:54:00,2173.9,1,desktop,True,180,10,397,True,3,1,technical_friction,offer_bounded_discount@10,True,False,True,True,True,True
cart_001372,cust_001408,2026-02-23T16:04:00,3363.36,1,mobile,False,60,16,386,False,1,0,high_cart_hesitation,do_nothing,False,False,False,False,False,False
cart_001373,cust_001132,2026-07-10T23:09:00,351.39,6,mobile,True,10,23,865,False,0,0,comparison_shopping,send_reminder_email,False,False,False,False,False,False
cart_001374,cust_000636,2026-02-05T19:01:00,5420.74,3,mobile,True,60,19,231,True,0,0,price_sensitivity,offer_bounded_discount@5,False,False,False,True,False,False
cart_001375,cust_000174,2026-03-19T07:27:00,14493.69,2,desktop,True,60,7,838,False,0,0,high_cart_hesitation,offer_bounded_discount@10,False,False,False,False,False,False
cart_001376,cust_000518,2026-02-21T22:48:00,2670.92,3,mobile,True,60,22,347,False,0,0,comparison_shopping,offer_bounded_discount@5,True,False,False,False,True,True
cart_001377,cust_000788,2026-01-03T08:24:00,18182.4,3,mobile,True,180,8,280,False,0,0,comparison_shopping,offer_bounded_discount@10,False,False,False,False,False,False
cart_001378,cust_000259,2026-01-31T07:33:00,3961.5,4,desktop,True,720,7,243,False,0,0,comparison_shopping,offer_bounded_discount@5,False,False,True,True,False,True
cart_001379,cust_000795,2026-01-21T15:36:00,462.89,4,mobile,True,60,15,284,True,0,0,price_sensitivity,offer_bounded_discount@10,True,False,False,False,True,True
cart_001380,cust_001057,2026-06-27T14:07:00,3978.87,5,desktop,True,1440,14,373,False,0,0,comparison_shopping,do_nothing,False,False,False,True,False,False
cart_001381,cust_000712,2026-03-27T22:30:00,4053.96,1,mobile,True,30,22,166,False,0,0,price_sensitivity,offer_bounded_discount@5,False,False,False,False,False,False
cart_001382,cust_000960,2026-03-23T13:37:00,2760.51,1,mobile,True,720,13,175,False,0,0,price_sensitivity,offer_bounded_discount@10,False,False,False,True,False,False
cart_001383,cust_000685,2026-04-11T19:56:00,16815.51,1,mobile,True,60,19,503,True,0,0,high_cart_hesitation,send_reminder_email,False,False,False,False,True,False
cart_001384,cust_000170,2026-02-23T10:41:00,894.37,2,desktop,True,30,10,484,True,0,0,comparison_shopping,do_nothing,False,False,False,False,False,False
cart_001385,cust_000943,2026-05-11T11:39:00,13174.14,3,desktop,False,180,11,583,False,1,0,comparison_shopping,send_reminder_email,False,False,False,False,False,False
cart_001386,cust_000585,2026-02-26T17:07:00,2756.24,1,desktop,True,30,17,100,True,0,0,price_sensitivity,offer_bounded_discount@10,False,False,False,False,False,False
cart_001387,cust_001309,2026-03-07T08:47:00,2806.35,8,mobile,True,10,8,20,True,0,0,price_sensitivity,offer_bounded_discount@5,True,True,True,True,True,True
cart_001388,cust_001341,2026-06-17T12:17:00,17343.6,2,mobile,True,30,12,672,True,0,0,high_cart_hesitation,send_reminder_email,False,True,False,True,True,False
cart_001389,cust_000842,2026-01-10T00:41:00,5500.14,4,desktop,False,60,0,262,False,0,0,price_sensitivity,offer_bounded_discount@10,False,False,False,False,False,False
cart_001390,cust_000812,2026-04-16T00:44:00,4019.98,5,mobile,True,720,0,645,False,0,0,comparison_shopping,do_nothing,False,False,True,True,True,True
cart_001391,cust_001016,2026-04-09T01:13:00,6003.83,1,mobile,False,180,1,620,True,0,0,high_cart_hesitation,send_reminder_whatsapp,False,False,False,False,False,False
cart_001392,cust_000669,2026-05-18T18:02:00,3970.02,2,mobile,False,10,18,535,False,1,0,comparison_shopping,send_reminder_email,False,False,False,False,False,True
cart_001393,cust_000523,2026-01-20T13:09:00,3138.01,3,mobile,True,30,13,270,False,0,0,price_sensitivity,offer_bounded_discount@5,False,False,False,False,False,True
cart_001394,cust_001021,2026-01-21T15:35:00,894.79,4,desktop,True,30,15,425,False,0,0,comparison_shopping,send_reminder_email,True,False,True,True,False,True
cart_001395,cust_000750,2026-01-04T08:08:00,1941.57,5,mobile,True,180,8,172,True,0,0,price_sensitivity,offer_bounded_discount@5,False,False,False,False,False,True
cart_001396,cust_001012,2026-06-05T12:52:00,656.51,4,mobile,True,720,12,164,False,0,0,price_sensitivity,send_reminder_whatsapp,False,False,False,False,False,False
cart_001397,cust_001010,2026-01-25T18:48:00,3678.44,3,mobile,True,180,18,504,True,1,2,technical_friction,send_reminder_whatsapp,True,False,False,True,False,True
cart_001398,cust_001273,2026-06-01T11:51:00,3171.19,4,mobile,False,30,11,386,True,0,0,price_sensitivity,send_reminder_whatsapp,True,False,True,True,True,True
cart_001399,cust_000871,2026-02-27T07:28:00,16959.93,2,mobile,False,720,7,510,True,0,0,comparison_shopping,offer_bounded_discount@10,False,False,False,False,False,False
cart_001400,cust_000002,2026-07-06T03:13:00,4975.53,2,mobile,True,180,3,894,True,0,0,high_cart_hesitation,send_reminder_whatsapp,True,False,False,True,False,True
cart_001401,cust_000985,2026-02-27T00:31:00,3385.6,2,mobile,True,180,0,237,True,0,0,price_sensitivity,offer_bounded_discount@5,True,False,False,False,True,True
cart_001402,cust_000739,2026-04-30T16:32:00,2576.48,4,mobile,False,180,16,620,False,1,0,comparison_shopping,send_reminder_email,False,False,False,False,False,True
cart_001403,cust_000666,2026-01-01T18:04:00,3286.18,3,mobile,False,30,18,192,True,0,0,price_sensitivity,offer_bounded_discount@10,True,False,False,False,False,True
cart_001404,cust_000120,2026-05-30T09:06:00,2012.88,4,tablet,True,30,9,430,False,1,0,comparison_shopping,offer_bounded_discount@5,False,False,True,True,False,True
cart_001405,cust_000797,2026-06-06T12:11:00,778.57,2,mobile,True,720,12,127,False,0,0,price_sensitivity,offer_bounded_discount@10,False,False,False,False,False,False
cart_001406,cust_000913,2026-06-13T11:22:00,1102.99,3,mobile,True,180,11,240,False,0,0,price_sensitivity,offer_bounded_discount@10,True,True,False,False,False,True
cart_001407,cust_000282,2026-03-09T02:53:00,903.55,1,mobile,True,180,2,98,True,0,0,price_sensitivity,offer_bounded_discount@10,True,False,False,True,True,True
cart_001408,cust_000902,2026-07-04T23:51:00,1819.31,3,desktop,True,180,23,155,False,0,0,price_sensitivity,offer_bounded_discount@10,False,False,False,False,True,False
cart_001409,cust_001031,2026-03-11T04:27:00,3329.88,4,desktop,True,1440,4,318,False,0,0,comparison_shopping,send_reminder_whatsapp,False,False,False,False,False,False
cart_001410,cust_001235,2026-06-19T05:34:00,12312.07,2,desktop,True,180,5,358,True,0,0,price_sensitivity,do_nothing,False,False,False,False,True,False
cart_001411,cust_000277,2026-02-11T08:37:00,5501.14,2,tablet,True,180,8,730,False,0,0,comparison_shopping,offer_bounded_discount@10,True,False,True,False,True,True
cart_001412,cust_000644,2026-04-02T10:07:00,2302.74,3,mobile,True,30,10,692,True,3,2,technical_friction,send_reminder_email,True,False,True,True,False,True
cart_001413,cust_000508,2026-07-20T14:20:00,18794.86,4,mobile,False,180,14,366,False,1,0,comparison_shopping,offer_bounded_discount@5,False,False,False,False,False,False
cart_001414,cust_000601,2026-03-01T04:01:00,6749.67,1,desktop,False,180,4,817,True,0,0,high_cart_hesitation,send_reminder_whatsapp,False,False,False,False,False,False
cart_001415,cust_001368,2026-06-21T22:21:00,3242.67,2,desktop,True,10,22,269,True,0,0,comparison_shopping,send_reminder_email,True,True,True,False,True,False
cart_001416,cust_000682,2026-07-09T22:21:00,1831.59,1,mobile,False,30,22,220,False,0,0,price_sensitivity,offer_bounded_discount@5,False,True,False,False,False,True
cart_001417,cust_000914,2026-02-26T13:10:00,2228.83,4,mobile,False,1440,13,534,True,0,0,comparison_shopping,offer_bounded_discount@10,True,False,False,False,True,True
cart_001418,cust_001357,2026-06-11T02:41:00,3642.33,2,mobile,True,30,2,465,False,0,0,comparison_shopping,do_nothing,False,False,False,False,False,True
cart_001419,cust_000392,2026-01-09T14:20:00,4474.93,2,tablet,False,30,14,394,False,0,0,comparison_shopping,do_nothing,False,False,False,False,False,False
cart_001420,cust_000965,2026-03-15T09:15:00,261.41,4,desktop,True,60,9,47,True,0,0,price_sensitivity,do_nothing,False,False,False,True,True,True
cart_001421,cust_000227,2026-03-08T12:18:00,2136.98,2,mobile,True,180,12,524,True,1,1,technical_friction,send_reminder_whatsapp,True,False,True,True,True,True
cart_001422,cust_000085,2026-01-18T19:14:00,1226.7,3,desktop,False,1440,19,628,False,0,0,comparison_shopping,send_reminder_whatsapp,False,False,False,False,False,False
cart_001423,cust_000319,2026-07-16T13:07:00,17389.08,4,mobile,False,1440,13,219,True,0,0,price_sensitivity,offer_bounded_discount@10,False,False,False,False,False,False
cart_001424,cust_000394,2026-02-25T02:10:00,11568.72,1,desktop,True,10,2,615,False,0,0,high_cart_hesitation,offer_bounded_discount@5,False,False,False,False,False,True
cart_001425,cust_001391,2026-03-14T07:29:00,1822.87,3,mobile,True,180,7,296,False,1,0,price_sensitivity,offer_bounded_discount@5,True,False,False,False,True,False
cart_001426,cust_000008,2026-02-13T20:15:00,1186.26,5,mobile,True,720,20,534,True,1,0,technical_friction,send_reminder_whatsapp,False,False,False,False,True,False
cart_001427,cust_001131,2026-06-16T14:56:00,4612.2,4,desktop,True,30,14,425,True,3,1,technical_friction,offer_bounded_discount@5,False,False,False,True,False,True
cart_001428,cust_000007,2026-07-16T00:27:00,5559.45,2,mobile,True,720,0,963,False,0,0,comparison_shopping,do_nothing,False,False,False,False,False,False
cart_001429,cust_000740,2026-06-03T15:01:00,3196.3,1,desktop,False,180,15,248,False,0,0,price_sensitivity,send_reminder_whatsapp,False,False,False,False,False,True
cart_001430,cust_000149,2026-02-09T13:20:00,905.16,3,mobile,True,10,13,481,True,0,0,comparison_shopping,offer_bounded_discount@5,False,False,True,True,False,True
cart_001431,cust_000175,2026-05-29T02:06:00,16301.41,2,mobile,True,30,2,428,True,0,0,high_cart_hesitation,offer_bounded_discount@10,False,False,False,False,False,False
cart_001432,cust_001035,2026-01-17T18:46:00,1879.69,3,mobile,True,10,18,386,True,0,0,price_sensitivity,send_reminder_whatsapp,False,False,True,False,False,False
cart_001433,cust_000776,2026-03-06T08:36:00,2087.01,4,mobile,True,720,8,461,True,2,2,technical_friction,send_reminder_whatsapp,True,False,True,True,True,True
cart_001434,cust_000683,2026-01-03T01:17:00,1619.36,3,mobile,False,1440,1,262,True,0,0,price_sensitivity,do_nothing,False,False,False,True,False,False
cart_001435,cust_000602,2026-03-07T01:32:00,2079.45,3,mobile,True,1440,1,28,True,0,0,price_sensitivity,offer_bounded_discount@10,True,False,False,False,False,True
cart_001436,cust_000515,2026-01-27T23:44:00,2258.1,2,mobile,True,10,23,285,False,0,0,price_sensitivity,do_nothing,False,False,True,False,True,True
cart_001437,cust_000516,2026-03-03T14:46:00,18516.02,2,mobile,False,180,14,426,False,0,0,high_cart_hesitation,offer_bounded_discount@10,False,False,False,False,False,False
cart_001438,cust_000066,2026-06-27T11:37:00,4751.66,1,mobile,False,180,11,22,False,0,0,price_sensitivity,send_reminder_email,False,False,False,False,False,False
cart_001439,cust_000911,2026-06-29T18:14:00,6950.53,3,desktop,True,180,18,720,True,0,0,comparison_shopping,do_nothing,False,False,True,False,False,True
cart_001440,cust_000167,2026-01-27T06:30:00,1022.41,4,mobile,False,720,6,284,True,0,0,price_sensitivity,send_reminder_whatsapp,False,False,False,False,True,False
cart_001441,cust_001293,2026-02-13T08:46:00,16377.27,1,tablet,False,30,8,635,False,0,0,high_cart_hesitation,send_reminder_email,False,False,False,False,False,False
cart_001442,cust_001054,2026-05-27T06:42:00,615.88,1,mobile,True,30,6,257,False,0,0,price_sensitivity,offer_bounded_discount@5,False,False,False,False,False,False
cart_001443,cust_000889,2026-06-12T21:15:00,1060.06,3,mobile,True,10,21,217,True,1,0,price_sensitivity,offer_bounded_discount@5,False,False,False,False,False,False
cart_001444,cust_001206,2026-06-16T22:17:00,9105.71,2,mobile,True,720,22,42,True,0,0,price_sensitivity,do_nothing,False,False,True,False,True,False
cart_001445,cust_001404,2026-06-19T15:57:00,2712.2,1,mobile,True,180,15,373,True,0,0,price_sensitivity,do_nothing,False,False,False,False,False,False
cart_001446,cust_000384,2026-01-16T01:26:00,14028.27,3,desktop,True,30,1,538,True,0,1,high_cart_hesitation,send_reminder_whatsapp,True,False,True,True,False,True
cart_001447,cust_000512,2026-07-05T12:43:00,5062.54,1,mobile,False,10,12,279,False,0,0,comparison_shopping,send_reminder_whatsapp,False,True,True,False,True,True
cart_001448,cust_001038,2026-06-13T18:15:00,12405.18,3,mobile,True,1440,18,324,False,1,0,comparison_shopping,offer_bounded_discount@10,True,False,True,False,False,True
cart_001449,cust_001288,2026-04-19T05:48:00,4184.61,2,desktop,True,10,5,279,False,0,0,comparison_shopping,offer_bounded_discount@10,True,False,True,True,True,True
cart_001450,cust_001218,2026-06-15T20:24:00,6045.42,1,mobile,True,720,20,365,True,1,2,technical_friction,send_reminder_email,True,False,True,True,False,True
cart_001451,cust_000954,2026-02-08T10:31:00,1997.86,3,tablet,True,30,10,230,False,1,0,price_sensitivity,send_reminder_whatsapp,False,False,True,False,False,False
cart_001452,cust_000426,2026-01-12T13:55:00,2362.22,3,tablet,True,1440,13,800,False,0,0,comparison_shopping,send_reminder_email,False,False,False,True,True,False
cart_001453,cust_001028,2026-02-02T08:42:00,13243.44,1,desktop,True,1440,8,265,True,2,2,technical_friction,do_nothing,False,False,True,False,False,False
cart_001454,cust_001287,2026-03-27T19:29:00,2676.27,6,tablet,True,60,19,243,False,3,2,technical_friction,offer_bounded_discount@5,True,False,True,True,True,False
cart_001455,cust_000071,2026-04-16T20:52:00,13595.81,1,mobile,True,720,20,633,True,1,2,technical_friction,send_reminder_whatsapp,True,False,False,True,True,True
cart_001456,cust_000425,2026-05-06T17:42:00,697.19,2,desktop,True,1440,17,284,False,0,0,price_sensitivity,do_nothing,False,False,False,False,False,True
cart_001457,cust_001235,2026-06-12T17:37:00,5844.37,3,tablet,True,1440,17,625,False,0,0,high_cart_hesitation,offer_bounded_discount@10,False,False,False,True,False,False
cart_001458,cust_001272,2026-03-15T05:37:00,1470.0,3,desktop,False,30,5,312,False,3,1,technical_friction,offer_bounded_discount@10,True,False,True,True,True,True
cart_001459,cust_000248,2026-06-01T18:34:00,5111.02,4,mobile,True,60,18,343,True,0,0,price_sensitivity,send_reminder_email,False,False,False,False,True,True
cart_001460,cust_001058,2026-05-13T23:25:00,3810.9,2,desktop,True,30,23,480,True,2,1,technical_friction,offer_bounded_discount@10,True,False,True,True,True,True
cart_001461,cust_000518,2026-05-23T19:12:00,17179.21,1,mobile,True,30,19,726,False,0,0,high_cart_hesitation,do_nothing,False,False,False,False,False,False
cart_001462,cust_001253,2026-05-21T10:01:00,27044.58,1,desktop,False,10,10,731,False,0,0,comparison_shopping,do_nothing,False,False,True,True,True,True
cart_001463,cust_000588,2026-01-05T08:55:00,8308.39,3,mobile,False,10,8,871,True,0,0,high_cart_hesitation,send_reminder_email,False,False,False,False,False,False
cart_001464,cust_001119,2026-03-19T06:38:00,913.69,3,mobile,True,720,6,387,False,1,0,comparison_shopping,send_reminder_email,False,False,False,True,True,True
cart_001465,cust_000522,2026-01-19T01:47:00,10310.53,3,mobile,True,180,1,700,False,0,0,comparison_shopping,offer_bounded_discount@5,True,False,False,True,True,False
cart_001466,cust_000816,2026-04-11T06:38:00,17833.82,2,desktop,False,720,6,884,False,0,0,high_cart_hesitation,send_reminder_whatsapp,False,False,False,False,False,False
cart_001467,cust_001425,2026-07-18T23:55:00,1357.13,2,mobile,False,180,23,165,False,0,0,price_sensitivity,offer_bounded_discount@5,True,False,False,False,True,True
cart_001468,cust_001401,2026-07-17T06:12:00,14182.75,3,desktop,False,180,6,281,True,0,0,price_sensitivity,do_nothing,True,True,False,False,True,True
cart_001469,cust_000133,2026-05-05T18:18:00,766.97,6,desktop,True,10,18,140,False,0,0,price_sensitivity,send_reminder_whatsapp,False,False,True,False,True,True
cart_001470,cust_000690,2026-07-17T19:17:00,10788.26,5,desktop,False,30,19,603,True,0,0,comparison_shopping,offer_bounded_discount@10,True,False,False,False,True,True
cart_001471,cust_001127,2026-01-17T09:34:00,10103.85,6,desktop,True,1440,9,642,False,0,0,comparison_shopping,offer_bounded_discount@5,True,True,False,False,True,False
cart_001472,cust_001429,2026-05-11T12:50:00,926.94,2,desktop,False,1440,12,394,True,1,2,technical_friction,do_nothing,False,False,False,False,False,False
cart_001473,cust_000141,2026-03-16T07:24:00,2009.45,1,tablet,False,720,7,356,False,0,0,price_sensitivity,offer_bounded_discount@10,True,False,False,True,True,True
cart_001474,cust_000308,2026-03-20T17:09:00,2943.69,2,desktop,True,10,17,849,True,0,0,comparison_shopping,offer_bounded_discount@5,False,False,True,True,False,True
cart_001475,cust_000156,2026-02-23T23:54:00,4174.05,4,mobile,True,720,23,248,False,1,0,price_sensitivity,do_nothing,False,False,False,True,False,False
cart_001476,cust_000888,2026-07-14T17:09:00,1270.54,3,desktop,True,30,17,575,True,2,1,technical_friction,offer_bounded_discount@5,True,False,False,True,True,True
cart_001477,cust_001291,2026-06-20T14:53:00,2664.3,1,desktop,True,30,14,119,False,0,0,price_sensitivity,offer_bounded_discount@5,True,False,True,False,True,True
cart_001478,cust_000993,2026-07-05T11:36:00,12836.83,1,mobile,True,30,11,643,False,0,0,high_cart_hesitation,send_reminder_whatsapp,False,True,False,False,True,True
cart_001479,cust_001417,2026-05-01T17:20:00,7281.79,4,desktop,True,720,17,263,False,0,0,comparison_shopping,send_reminder_whatsapp,False,False,False,False,False,False
cart_001480,cust_000824,2026-04-17T05:16:00,9352.44,2,desktop,True,180,5,774,True,0,0,high_cart_hesitation,offer_bounded_discount@5,False,False,False,False,False,False
cart_001481,cust_000519,2026-06-18T09:46:00,705.83,3,tablet,False,1440,9,139,False,0,0,price_sensitivity,send_reminder_whatsapp,False,False,False,False,False,False
cart_001482,cust_000764,2026-07-02T18:06:00,4478.87,7,mobile,False,30,18,480,False,0,0,comparison_shopping,send_reminder_whatsapp,True,False,True,True,True,True
cart_001483,cust_000528,2026-02-21T14:59:00,4547.58,1,mobile,True,720,14,630,False,1,0,high_cart_hesitation,send_reminder_whatsapp,True,False,False,True,False,True
cart_001484,cust_000567,2026-07-17T15:30:00,3054.55,1,desktop,True,10,15,470,True,3,2,technical_friction,send_reminder_whatsapp,True,False,True,True,True,True
cart_001485,cust_000325,2026-01-02T21:25:00,3479.24,4,desktop,False,10,21,446,True,1,0,technical_friction,do_nothing,False,False,True,True,True,False
cart_001486,cust_000013,2026-02-27T23:44:00,6782.42,3,desktop,True,720,23,732,True,0,0,comparison_shopping,send_reminder_whatsapp,False,False,False,False,False,True
cart_001487,cust_000332,2026-04-27T21:41:00,1166.18,3,mobile,True,10,21,277,True,0,0,price_sensitivity,do_nothing,False,False,True,False,True,True
cart_001488,cust_000485,2026-04-23T02:19:00,11632.53,2,mobile,True,180,2,891,False,0,0,high_cart_hesitation,offer_bounded_discount@10,True,False,True,False,True,True
cart_001489,cust_000302,2026-05-08T14:59:00,4630.01,4,mobile,True,60,14,324,True,3,2,technical_friction,send_reminder_email,True,True,True,True,True,True
cart_001490,cust_000316,2026-06-19T04:57:00,1539.29,1,mobile,True,720,4,313,True,0,0,price_sensitivity,do_nothing,False,False,False,False,False,True
cart_001491,cust_000966,2026-02-01T17:41:00,9446.2,1,mobile,True,720,17,540,False,0,0,high_cart_hesitation,send_reminder_email,True,False,True,True,True,True
cart_001492,cust_000416,2026-06-20T17:35:00,1159.54,3,desktop,True,10,17,196,False,0,0,price_sensitivity,send_reminder_whatsapp,False,False,False,False,True,True
cart_001493,cust_001022,2026-03-15T00:42:00,8116.12,6,mobile,True,1440,0,301,False,0,0,price_sensitivity,offer_bounded_discount@5,False,False,False,False,False,True
cart_001494,cust_000165,2026-05-18T15:26:00,5514.47,2,mobile,True,1440,15,864,False,1,0,high_cart_hesitation,send_reminder_whatsapp,True,False,True,True,False,True
cart_001495,cust_000901,2026-04-07T04:08:00,2162.22,1,mobile,True,30,4,296,False,0,0,comparison_shopping,send_reminder_whatsapp,False,False,True,False,True,True
cart_001496,cust_000081,2026-06-28T14:35:00,911.63,1,mobile,False,10,14,76,False,1,0,price_sensitivity,send_reminder_email,False,False,False,False,False,False
cart_001497,cust_001348,2026-04-30T00:26:00,6687.21,3,mobile,False,30,0,401,True,2,2,technical_friction,offer_bounded_discount@5,True,False,True,True,True,False
cart_001498,cust_000835,2026-04-25T15:40:00,605.79,3,desktop,True,10,15,344,True,0,0,price_sensitivity,send_reminder_whatsapp,True,False,False,True,False,True
cart_001499,cust_000146,2026-06-30T08:20:00,2005.53,5,mobile,True,720,8,485,False,0,0,comparison_shopping,offer_bounded_discount@10,True,True,False,False,False,True
cart_001500,cust_000221,2026-05-27T23:52:00,4972.89,2,mobile,True,30,23,409,False,0,0,comparison_shopping,offer_bounded_discount@10,True,False,False,True,False,True
cart_001501,cust_001338,2026-01-03T09:29:00,642.83,5,mobile,False,10,9,292,False,0,0,price_sensitivity,offer_bounded_discount@5,True,False,False,True,True,True
cart_001502,cust_000865,2026-01-05T04:27:00,5984.49,4,mobile,True,1440,4,791,False,1,0,comparison_shopping,do_nothing,False,False,False,False,False,True
cart_001503,cust_001208,2026-02-12T10:09:00,3372.48,1,mobile,True,180,10,305,False,0,0,price_sensitivity,send_reminder_email,True,False,True,False,False,True
cart_001504,cust_001087,2026-06-13T13:01:00,2110.69,1,mobile,True,180,13,585,True,2,1,technical_friction,send_reminder_email,True,False,True,True,True,False
cart_001505,cust_001152,2026-02-12T23:45:00,7438.86,2,desktop,True,30,23,622,False,0,0,high_cart_hesitation,do_nothing,False,False,False,False,False,True
cart_001506,cust_001298,2026-01-07T20:28:00,6322.77,4,mobile,True,1440,20,698,False,0,0,comparison_shopping,send_reminder_whatsapp,True,False,True,True,False,False
cart_001507,cust_000363,2026-06-22T21:03:00,2920.41,3,desktop,True,30,21,720,False,0,0,comparison_shopping,do_nothing,False,False,False,False,False,True
cart_001508,cust_000584,2026-02-24T20:47:00,1867.64,4,tablet,True,60,20,248,False,1,0,price_sensitivity,send_reminder_email,True,False,True,False,True,False
cart_001509,cust_000424,2026-07-20T03:59:00,865.47,1,desktop,True,180,3,267,True,0,0,price_sensitivity,offer_bounded_discount@10,False,False,True,False,True,False
cart_001510,cust_000034,2026-04-02T14:07:00,5485.95,1,mobile,False,1440,14,633,False,1,0,comparison_shopping,offer_bounded_discount@10,False,False,False,False,False,False
cart_001511,cust_001179,2026-03-30T15:02:00,13299.38,2,mobile,False,1440,15,611,False,0,0,high_cart_hesitation,send_reminder_whatsapp,False,False,False,False,False,False
cart_001512,cust_001099,2026-05-14T18:16:00,2138.37,5,desktop,True,60,18,431,True,1,0,comparison_shopping,send_reminder_email,False,True,False,True,True,True
cart_001513,cust_000397,2026-01-31T05:27:00,3690.43,5,mobile,False,180,5,540,True,2,1,technical_friction,offer_bounded_discount@5,True,False,True,False,True,False
cart_001514,cust_000442,2026-01-29T14:38:00,9832.45,2,desktop,True,10,14,733,True,0,0,high_cart_hesitation,send_reminder_email,True,False,True,False,True,False
cart_001515,cust_001239,2026-04-29T19:59:00,636.94,2,mobile,True,60,19,312,False,0,0,price_sensitivity,send_reminder_whatsapp,True,False,True,True,True,True
cart_001516,cust_000632,2026-03-04T19:32:00,1547.55,4,desktop,True,60,19,193,True,1,0,price_sensitivity,offer_bounded_discount@10,True,False,True,True,True,True
cart_001517,cust_000411,2026-06-02T09:13:00,17511.09,2,mobile,False,60,9,667,True,0,0,high_cart_hesitation,send_reminder_email,False,False,False,True,False,False
cart_001518,cust_000010,2026-03-13T04:26:00,17260.8,2,mobile,True,10,4,799,False,0,0,comparison_shopping,send_reminder_whatsapp,False,False,False,False,False,False
cart_001519,cust_000390,2026-05-25T06:41:00,467.4,7,mobile,False,10,6,116,True,0,0,price_sensitivity,send_reminder_whatsapp,False,False,False,False,True,False
cart_001520,cust_000658,2026-07-04T17:33:00,3960.83,8,desktop,True,30,17,303,True,0,0,price_sensitivity,send_reminder_email,True,True,True,True,True,True
cart_001521,cust_000035,2026-01-04T10:44:00,2523.77,1,mobile,True,1440,10,110,True,1,0,price_sensitivity,offer_bounded_discount@5,False,False,False,False,False,False
cart_001522,cust_000704,2026-04-28T05:15:00,4158.09,3,tablet,False,10,5,718,True,0,0,high_cart_hesitation,do_nothing,False,False,False,False,True,False
cart_001523,cust_000435,2026-05-16T21:30:00,9221.12,4,tablet,False,60,21,593,False,0,0,comparison_shopping,do_nothing,False,False,False,False,True,False
cart_001524,cust_001114,2026-02-07T18:48:00,170.23,4,mobile,True,30,18,351,False,0,0,price_sensitivity,send_reminder_email,False,False,False,False,True,True
cart_001525,cust_000326,2026-05-16T20:34:00,2691.95,2,mobile,False,30,20,273,False,0,0,price_sensitivity,offer_bounded_discount@5,True,False,True,False,True,False
cart_001526,cust_000239,2026-02-04T14:54:00,2398.49,3,mobile,False,1440,14,303,True,1,2,technical_friction,send_reminder_email,False,False,False,True,False,False
cart_001527,cust_000352,2026-06-14T09:59:00,2674.73,1,mobile,True,30,9,232,True,1,0,price_sensitivity,offer_bounded_discount@5,False,True,True,True,False,True
cart_001528,cust_000948,2026-06-05T07:46:00,993.29,3,mobile,True,10,7,586,True,1,0,comparison_shopping,offer_bounded_discount@10,True,True,True,True,True,True
cart_001529,cust_001333,2026-04-06T19:33:00,594.8,3,mobile,False,720,19,63,True,1,0,price_sensitivity,send_reminder_whatsapp,False,False,False,False,False,True
cart_001530,cust_000030,2026-07-16T04:49:00,1267.11,1,desktop,True,60,4,289,False,0,0,price_sensitivity,offer_bounded_discount@5,True,False,False,False,True,True
cart_001531,cust_001316,2026-07-01T16:12:00,10274.47,3,desktop,True,10,16,839,False,0,0,high_cart_hesitation,do_nothing,False,False,False,False,False,True
cart_001532,cust_000072,2026-07-12T07:01:00,5170.31,1,mobile,True,180,7,598,False,0,0,high_cart_hesitation,do_nothing,True,True,False,False,False,False
cart_001533,cust_001065,2026-05-29T18:05:00,3853.37,3,mobile,True,10,18,557,False,0,0,comparison_shopping,offer_bounded_discount@5,True,True,True,True,True,True
cart_001534,cust_000546,2026-06-04T16:25:00,7151.35,2,mobile,False,180,16,1281,True,0,0,high_cart_hesitation,offer_bounded_discount@10,False,False,False,False,False,False
cart_001535,cust_000891,2026-01-05T10:35:00,3766.98,2,mobile,True,720,10,584,False,1,0,comparison_shopping,do_nothing,False,False,False,True,False,False
cart_001536,cust_000572,2026-01-15T00:58:00,3874.21,1,mobile,True,180,0,928,True,0,0,high_cart_hesitation,offer_bounded_discount@5,True,False,False,False,True,False
cart_001537,cust_000619,2026-02-20T11:11:00,647.06,5,desktop,True,60,11,638,True,2,0,technical_friction,send_reminder_whatsapp,True,False,False,True,True,True
cart_001538,cust_000478,2026-07-19T15:12:00,6696.82,1,desktop,True,60,15,165,True,1,0,technical_friction,do_nothing,True,True,True,True,True,True
cart_001539,cust_000698,2026-03-24T06:46:00,769.84,6,mobile,True,180,6,248,False,0,0,price_sensitivity,send_reminder_whatsapp,True,False,False,True,True,True
cart_001540,cust_000432,2026-02-07T21:35:00,4257.22,3,mobile,True,10,21,79,False,1,0,price_sensitivity,offer_bounded_discount@10,True,False,False,False,False,True
cart_001541,cust_001052,2026-02-28T06:14:00,1662.11,3,mobile,False,10,6,307,False,0,0,comparison_shopping,offer_bounded_discount@5,False,False,False,False,False,False
cart_001542,cust_000126,2026-06-17T23:25:00,4084.05,1,mobile,True,30,23,254,False,0,0,comparison_shopping,send_reminder_email,False,False,False,False,False,False
cart_001543,cust_000666,2026-03-12T03:49:00,2321.57,1,desktop,False,720,3,372,True,3,2,technical_friction,offer_bounded_discount@5,False,False,False,False,False,False
cart_001544,cust_001302,2026-05-28T13:47:00,5877.76,2,mobile,True,180,13,672,False,0,0,high_cart_hesitation,send_reminder_whatsapp,False,False,True,False,False,False
cart_001545,cust_001175,2026-02-22T16:28:00,2404.92,7,mobile,True,180,16,109,True,0,0,price_sensitivity,send_reminder_whatsapp,True,False,True,True,True,True
cart_001546,cust_000999,2026-03-09T04:12:00,3232.21,1,mobile,False,30,4,393,True,1,0,technical_friction,do_nothing,False,False,True,True,False,False
cart_001547,cust_000132,2026-03-06T04:35:00,3033.02,2,mobile,True,180,4,86,True,0,0,price_sensitivity,do_nothing,False,False,False,False,True,False
cart_001548,cust_001038,2026-05-07T19:18:00,27632.63,2,desktop,True,60,19,890,True,0,0,high_cart_hesitation,offer_bounded_discount@10,False,False,False,False,False,False
cart_001549,cust_000210,2026-05-08T11:31:00,31106.25,3,mobile,False,180,11,1051,False,0,0,high_cart_hesitation,send_reminder_whatsapp,False,False,False,False,True,False
cart_001550,cust_000676,2026-07-08T00:08:00,710.85,1,tablet,False,60,0,253,False,1,0,price_sensitivity,offer_bounded_discount@10,True,False,False,False,True,True
cart_001551,cust_000327,2026-03-24T22:59:00,828.72,3,desktop,True,10,22,275,False,0,0,price_sensitivity,send_reminder_whatsapp,True,False,True,True,True,False
cart_001552,cust_000901,2026-02-05T16:58:00,1540.59,5,tablet,True,180,16,245,False,0,0,price_sensitivity,send_reminder_email,False,False,False,False,False,False
cart_001553,cust_001262,2026-04-27T21:20:00,973.25,3,tablet,True,180,21,307,False,1,0,price_sensitivity,do_nothing,False,False,True,True,True,True
cart_001554,cust_001422,2026-01-02T20:27:00,976.67,4,desktop,True,720,20,250,True,0,0,price_sensitivity,send_reminder_email,False,False,False,True,True,True
cart_001555,cust_001030,2026-05-20T10:51:00,2833.6,3,mobile,True,1440,10,118,True,1,0,price_sensitivity,offer_bounded_discount@5,True,True,True,True,True,True
cart_001556,cust_000305,2026-03-22T05:15:00,1435.05,3,mobile,True,720,5,176,True,0,0,price_sensitivity,send_reminder_whatsapp,False,False,True,False,False,True
cart_001557,cust_001279,2026-07-07T09:42:00,33613.89,3,mobile,True,60,9,595,True,1,2,technical_friction,offer_bounded_discount@10,True,False,True,False,True,True
cart_001558,cust_000271,2026-05-24T20:49:00,7944.82,3,mobile,True,180,20,474,False,0,0,comparison_shopping,offer_bounded_discount@5,True,True,True,True,True,False
cart_001559,cust_000311,2026-01-30T16:15:00,14720.85,2,mobile,True,1440,16,929,True,1,0,high_cart_hesitation,send_reminder_whatsapp,False,False,False,False,False,False
cart_001560,cust_000622,2026-05-23T09:31:00,4573.55,3,mobile,True,60,9,325,False,0,0,price_sensitivity,offer_bounded_discount@5,False,False,False,True,False,False
cart_001561,cust_001258,2026-05-12T16:29:00,6208.79,2,mobile,True,180,16,20,True,0,0,comparison_shopping,do_nothing,False,False,False,False,False,True
cart_001562,cust_001298,2026-04-25T10:32:00,1867.3,2,mobile,True,720,10,118,True,0,0,price_sensitivity,offer_bounded_discount@5,False,True,False,False,False,True
cart_001563,cust_000545,2026-04-14T16:01:00,4752.92,1,desktop,True,720,16,772,False,0,0,comparison_shopping,offer_bounded_discount@5,False,False,False,False,False,False
cart_001564,cust_000968,2026-01-09T01:52:00,20747.75,1,mobile,True,60,1,630,False,0,0,high_cart_hesitation,do_nothing,True,True,False,False,False,True
cart_001565,cust_000453,2026-04-15T14:21:00,1620.68,2,mobile,True,180,14,83,False,0,0,price_sensitivity,send_reminder_email,False,False,False,False,False,False
cart_001566,cust_000693,2026-02-01T23:56:00,931.3,2,desktop,False,180,23,643,True,3,1,technical_friction,do_nothing,False,False,True,True,False,True
cart_001567,cust_000290,2026-01-09T18:49:00,4649.47,4,mobile,True,60,18,532,False,3,2,technical_friction,send_reminder_whatsapp,True,False,False,True,False,False
cart_001568,cust_001013,2026-04-18T14:32:00,21409.43,1,desktop,False,30,14,490,False,1,0,high_cart_hesitation,send_reminder_email,False,False,False,False,True,True
cart_001569,cust_001017,2026-06-12T17:09:00,25332.0,1,mobile,True,30,17,318,False,0,1,high_cart_hesitation,send_reminder_whatsapp,False,False,False,False,True,True
cart_001570,cust_000973,2026-05-01T20:15:00,21006.58,1,mobile,True,60,20,956,False,1,0,high_cart_hesitation,send_reminder_whatsapp,True,False,False,True,True,False
cart_001571,cust_000101,2026-06-24T23:32:00,6309.23,4,tablet,True,30,23,372,True,2,1,technical_friction,do_nothing,False,False,False,True,False,True
cart_001572,cust_000318,2026-06-21T09:28:00,6603.72,4,desktop,False,720,9,763,True,2,1,technical_friction,send_reminder_email,False,False,False,False,False,False
cart_001573,cust_001194,2026-07-08T04:08:00,3171.72,1,desktop,False,720,4,349,True,2,1,technical_friction,send_reminder_email,True,False,True,True,True,True
cart_001574,cust_000663,2026-05-18T08:54:00,6759.13,3,mobile,False,60,8,749,True,1,2,technical_friction,offer_bounded_discount@10,True,False,True,True,True,True
cart_001575,cust_000543,2026-01-18T09:51:00,2403.5,5,mobile,False,10,9,283,False,0,0,comparison_shopping,offer_bounded_discount@5,True,True,False,True,True,True
cart_001576,cust_000464,2026-05-30T13:43:00,2006.26,2,desktop,False,720,13,159,False,0,0,price_sensitivity,send_reminder_email,False,False,False,False,False,True
cart_001577,cust_000060,2026-04-02T20:21:00,2470.8,1,mobile,False,1440,20,831,False,1,0,comparison_shopping,offer_bounded_discount@5,True,False,False,False,True,True
cart_001578,cust_000190,2026-01-12T12:15:00,1944.42,4,tablet,True,180,12,69,False,0,0,price_sensitivity,send_reminder_email,False,False,False,False,False,False
cart_001579,cust_000274,2026-06-16T17:44:00,6424.28,6,mobile,True,720,17,723,True,0,1,technical_friction,send_reminder_whatsapp,True,False,True,True,True,True
cart_001580,cust_000283,2026-02-21T00:58:00,25389.98,1,mobile,True,10,0,609,True,3,1,technical_friction,send_reminder_whatsapp,True,False,False,True,False,True
cart_001581,cust_000404,2026-03-21T21:16:00,11586.63,2,mobile,True,30,21,607,False,0,0,comparison_shopping,offer_bounded_discount@5,True,True,False,False,True,True
cart_001582,cust_000941,2026-02-23T03:42:00,96386.8,1,desktop,True,1440,3,601,False,0,1,high_cart_hesitation,do_nothing,False,False,False,False,False,False
cart_001583,cust_000359,2026-05-28T09:54:00,5396.23,3,mobile,True,1440,9,743,False,0,0,high_cart_hesitation,offer_bounded_discount@10,True,False,True,False,False,True
cart_001584,cust_000800,2026-05-01T14:53:00,8257.98,3,mobile,True,1440,14,174,False,0,0,comparison_shopping,offer_bounded_discount@5,False,False,False,False,False,False
cart_001585,cust_000881,2026-01-16T19:16:00,16696.3,1,mobile,True,1440,19,200,True,0,0,high_cart_hesitation,do_nothing,False,False,False,False,False,False
cart_001586,cust_000890,2026-02-19T07:47:00,6897.74,1,mobile,False,180,7,574,False,0,1,high_cart_hesitation,send_reminder_whatsapp,False,False,False,False,False,False
cart_001587,cust_000472,2026-04-29T20:23:00,858.71,1,mobile,True,180,20,81,False,0,0,price_sensitivity,offer_bounded_discount@5,False,False,False,False,False,True
cart_001588,cust_000746,2026-03-20T05:01:00,2530.13,4,mobile,False,60,5,304,True,1,2,technical_friction,offer_bounded_discount@10,False,False,True,True,True,False
cart_001589,cust_000756,2026-06-27T05:12:00,6626.74,1,mobile,False,720,5,872,False,0,0,high_cart_hesitation,do_nothing,False,False,False,False,False,True
cart_001590,cust_000241,2026-06-27T09:29:00,611.3,1,mobile,True,180,9,758,False,0,0,comparison_shopping,do_nothing,False,False,False,False,False,False
cart_001591,cust_000907,2026-05-02T10:30:00,17045.19,1,desktop,True,180,10,455,False,0,0,high_cart_hesitation,offer_bounded_discount@5,False,False,False,True,False,False
cart_001592,cust_001449,2026-01-12T22:14:00,5086.52,3,tablet,False,180,22,996,False,0,0,comparison_shopping,do_nothing,False,False,False,False,False,False
cart_001593,cust_001145,2026-07-06T10:57:00,12115.21,2,desktop,False,180,10,567,False,0,0,comparison_shopping,offer_bounded_discount@10,False,False,False,False,False,False
cart_001594,cust_001246,2026-03-31T00:37:00,15841.1,3,mobile,True,30,0,406,False,0,0,high_cart_hesitation,send_reminder_email,True,False,True,False,False,True
cart_001595,cust_000574,2026-03-30T08:00:00,7459.79,1,desktop,False,30,8,796,True,0,0,high_cart_hesitation,send_reminder_whatsapp,False,False,False,False,False,False
cart_001596,cust_001053,2026-06-23T04:31:00,14625.0,2,mobile,False,60,4,817,True,0,0,high_cart_hesitation,offer_bounded_discount@10,False,False,False,False,True,False
cart_001597,cust_001352,2026-01-18T15:34:00,3402.09,1,desktop,True,30,15,182,True,1,0,comparison_shopping,offer_bounded_discount@5,False,False,True,True,False,False
cart_001598,cust_000968,2026-05-09T13:23:00,16687.54,1,mobile,True,10,13,332,False,0,0,high_cart_hesitation,offer_bounded_discount@5,False,False,False,False,False,False
cart_001599,cust_000231,2026-06-13T21:18:00,13016.93,2,mobile,False,60,21,1065,False,0,1,high_cart_hesitation,offer_bounded_discount@5,False,False,False,False,False,False
cart_001600,cust_000840,2026-05-17T18:40:00,12674.51,1,tablet,True,10,18,790,False,0,1,high_cart_hesitation,offer_bounded_discount@5,True,False,False,True,True,True
cart_001601,cust_001392,2026-01-29T09:10:00,2028.04,3,desktop,True,60,9,198,True,1,0,price_sensitivity,send_reminder_whatsapp,False,False,False,False,False,False
cart_001602,cust_000651,2026-03-29T08:17:00,2789.82,5,mobile,False,60,8,368,True,2,2,technical_friction,offer_bounded_discount@10,True,False,False,True,False,True
cart_001603,cust_001220,2026-06-23T00:07:00,2335.44,2,desktop,True,1440,0,700,False,0,0,comparison_shopping,do_nothing,False,False,False,False,True,False
cart_001604,cust_001142,2026-01-17T15:12:00,5782.88,3,desktop,False,180,15,117,False,1,0,price_sensitivity,send_reminder_email,False,False,False,False,False,False
cart_001605,cust_001386,2026-05-01T05:25:00,11599.74,2,desktop,True,180,5,876,True,0,1,high_cart_hesitation,send_reminder_whatsapp,False,False,False,False,False,False
cart_001606,cust_001306,2026-06-14T19:24:00,22207.34,3,mobile,False,1440,19,132,False,0,0,comparison_shopping,send_reminder_whatsapp,False,False,False,False,False,False
cart_001607,cust_000056,2026-06-27T04:08:00,1745.28,6,mobile,True,60,4,352,False,0,0,price_sensitivity,send_reminder_email,True,False,True,False,False,True
cart_001608,cust_001090,2026-03-10T10:04:00,864.11,3,mobile,True,60,10,173,False,0,0,price_sensitivity,send_reminder_whatsapp,False,False,False,False,False,False
cart_001609,cust_000563,2026-01-17T09:15:00,1992.48,3,mobile,False,720,9,239,True,0,0,price_sensitivity,offer_bounded_discount@5,False,False,False,False,False,False
cart_001610,cust_000017,2026-01-24T03:01:00,3315.13,5,desktop,True,1440,3,239,False,0,0,price_sensitivity,do_nothing,False,False,False,False,False,False
cart_001611,cust_000670,2026-06-27T08:50:00,1946.07,3,mobile,False,1440,8,116,True,0,0,price_sensitivity,do_nothing,False,False,False,False,False,False
cart_001612,cust_000269,2026-02-25T16:49:00,3765.31,3,tablet,True,10,16,178,True,0,0,price_sensitivity,send_reminder_email,False,False,False,False,False,False
cart_001613,cust_000797,2026-06-26T04:37:00,3141.79,1,desktop,False,10,4,306,True,0,0,high_cart_hesitation,offer_bounded_discount@10,False,False,True,True,False,False
cart_001614,cust_001423,2026-01-03T07:16:00,8647.28,1,desktop,True,180,7,752,True,1,0,high_cart_hesitation,offer_bounded_discount@10,False,False,False,False,False,False
cart_001615,cust_000049,2026-05-15T12:20:00,527.18,2,mobile,True,30,12,41,False,0,0,price_sensitivity,send_reminder_email,True,False,True,True,True,True
cart_001616,cust_001283,2026-07-02T23:18:00,5101.75,4,mobile,True,180,23,497,False,0,0,comparison_shopping,send_reminder_email,True,False,True,True,False,True
cart_001617,cust_000406,2026-05-26T02:24:00,1758.26,4,mobile,False,720,2,253,False,0,0,price_sensitivity,send_reminder_email,False,False,False,False,True,True
cart_001618,cust_001468,2026-03-22T05:07:00,2811.7,2,mobile,False,60,5,484,True,1,0,comparison_shopping,offer_bounded_discount@5,False,False,False,False,False,False
cart_001619,cust_000594,2026-02-14T04:46:00,678.2,6,mobile,True,180,4,184,False,0,0,price_sensitivity,do_nothing,False,False,False,True,True,True
cart_001620,cust_000235,2026-06-13T19:51:00,2992.69,4,mobile,False,180,19,271,False,0,0,price_sensitivity,offer_bounded_discount@5,False,False,False,False,False,False
cart_001621,cust_000265,2026-05-24T22:48:00,15525.37,1,desktop,True,10,22,418,True,0,0,high_cart_hesitation,do_nothing,False,False,False,False,False,False
cart_001622,cust_000465,2026-03-06T07:27:00,2008.74,2,desktop,True,720,7,338,True,1,2,technical_friction,do_nothing,True,True,False,True,False,True
cart_001623,cust_000747,2026-04-03T15:13:00,1990.17,3,desktop,True,60,15,517,True,0,1,technical_friction,offer_bounded_discount@5,True,False,False,True,True,True
cart_001624,cust_000541,2026-05-27T01:36:00,4965.66,1,desktop,False,60,1,207,False,0,0,price_sensitivity,send_reminder_whatsapp,True,False,False,True,False,True
cart_001625,cust_000202,2026-03-14T12:52:00,1432.23,6,mobile,True,1440,12,180,False,0,0,price_sensitivity,send_reminder_email,False,False,False,False,False,False
cart_001626,cust_000226,2026-02-15T14:11:00,8505.27,2,desktop,True,30,14,172,False,0,0,price_sensitivity,offer_bounded_discount@5,False,False,False,False,False,False
cart_001627,cust_000658,2026-02-13T05:03:00,3224.65,4,desktop,True,60,5,106,True,0,0,price_sensitivity,send_reminder_email,False,False,False,False,False,False
cart_001628,cust_001138,2026-05-28T08:59:00,2478.46,1,tablet,False,10,8,549,True,0,0,comparison_shopping,do_nothing,False,False,True,False,False,True
cart_001629,cust_001391,2026-07-09T15:28:00,11685.25,1,mobile,False,1440,15,1236,False,0,0,high_cart_hesitation,offer_bounded_discount@5,False,False,False,False,False,False
cart_001630,cust_000259,2026-04-23T02:46:00,5419.98,3,mobile,True,720,2,503,True,1,1,technical_friction,offer_bounded_discount@5,False,False,False,False,False,True
cart_001631,cust_001220,2026-06-15T11:42:00,31236.6,1,desktop,True,1440,11,896,False,0,0,high_cart_hesitation,do_nothing,False,False,False,False,False,False
cart_001632,cust_001169,2026-05-11T07:37:00,8245.72,1,mobile,False,1440,7,606,False,0,0,comparison_shopping,do_nothing,False,False,False,False,False,False
cart_001633,cust_000918,2026-04-16T06:38:00,2133.32,5,mobile,True,720,6,685,False,0,0,comparison_shopping,offer_bounded_discount@10,True,True,False,False,False,True
cart_001634,cust_000738,2026-01-01T15:18:00,9397.03,4,mobile,False,60,15,40,False,1,0,price_sensitivity,send_reminder_whatsapp,False,False,True,False,False,False
cart_001635,cust_000060,2026-05-10T01:37:00,560.25,3,mobile,True,30,1,96,False,0,0,price_sensitivity,do_nothing,False,False,True,False,True,True
cart_001636,cust_001072,2026-07-14T05:43:00,4351.31,2,mobile,True,1440,5,657,True,0,0,comparison_shopping,send_reminder_whatsapp,False,False,False,False,False,False
cart_001637,cust_001395,2026-05-31T14:19:00,764.67,3,desktop,True,30,14,129,False,1,0,price_sensitivity,offer_bounded_discount@10,False,False,False,False,False,False
cart_001638,cust_000524,2026-06-20T23:33:00,4057.97,1,desktop,True,1440,23,505,True,3,2,technical_friction,do_nothing,False,False,False,True,False,True
cart_001639,cust_000953,2026-04-26T17:16:00,279.59,4,mobile,True,180,17,213,False,0,0,price_sensitivity,do_nothing,False,False,False,True,True,True
cart_001640,cust_000000,2026-07-16T17:36:00,485.81,3,desktop,True,60,17,201,False,1,0,price_sensitivity,send_reminder_whatsapp,False,False,True,False,True,False
cart_001641,cust_000279,2026-01-06T05:05:00,7984.53,2,mobile,True,180,5,1032,False,0,0,high_cart_hesitation,send_reminder_whatsapp,False,False,False,False,True,True
cart_001642,cust_001427,2026-01-13T19:43:00,5023.71,3,mobile,True,60,19,789,False,0,0,comparison_shopping,offer_bounded_discount@5,False,False,False,False,False,True
cart_001643,cust_000117,2026-06-28T03:12:00,28595.12,2,desktop,False,10,3,857,False,0,0,high_cart_hesitation,send_reminder_email,False,False,False,False,False,False
cart_001644,cust_000348,2026-03-20T12:35:00,12233.32,6,mobile,True,720,12,672,True,1,1,technical_friction,send_reminder_email,True,True,True,True,True,True
cart_001645,cust_000332,2026-05-04T05:09:00,2625.55,4,tablet,False,30,5,353,False,0,0,comparison_shopping,offer_bounded_discount@5,True,False,False,True,True,True
cart_001646,cust_000619,2026-07-20T05:57:00,4245.62,2,mobile,True,180,5,1058,True,0,0,comparison_shopping,do_nothing,False,False,False,False,False,False
cart_001647,cust_000498,2026-05-12T17:45:00,4917.57,1,tablet,False,60,17,154,True,2,0,technical_friction,send_reminder_email,True,True,True,True,False,True
cart_001648,cust_000900,2026-05-12T02:16:00,944.74,1,mobile,True,1440,2,142,True,0,0,price_sensitivity,do_nothing,False,False,False,False,False,False
cart_001649,cust_001300,2026-05-20T20:02:00,1439.04,3,mobile,True,30,20,739,False,1,0,comparison_shopping,do_nothing,True,True,True,True,True,True
cart_001650,cust_001495,2026-06-08T15:05:00,13423.52,1,desktop,False,60,15,737,False,0,0,high_cart_hesitation,send_reminder_email,False,False,False,True,False,True
cart_001651,cust_000128,2026-06-14T19:05:00,3393.6,3,desktop,True,720,19,533,False,2,1,technical_friction,offer_bounded_discount@10,True,False,False,True,True,True
cart_001652,cust_000646,2026-05-01T14:00:00,954.51,3,mobile,True,60,14,308,True,1,0,technical_friction,offer_bounded_discount@10,True,False,True,False,True,True
cart_001653,cust_000948,2026-01-19T11:16:00,10407.52,1,mobile,True,720,11,1010,True,0,0,high_cart_hesitation,send_reminder_whatsapp,True,False,True,True,False,True
cart_001654,cust_000216,2026-03-25T07:24:00,2499.6,4,mobile,True,720,7,737,True,0,0,comparison_shopping,offer_bounded_discount@10,True,True,True,True,True,True
cart_001655,cust_001451,2026-02-22T01:36:00,7706.53,1,mobile,True,10,1,226,False,0,0,high_cart_hesitation,offer_bounded_discount@5,True,False,False,True,True,True
cart_001656,cust_001341,2026-05-17T07:48:00,2156.95,2,mobile,True,60,7,595,False,0,0,comparison_shopping,offer_bounded_discount@5,True,True,True,True,True,True
cart_001657,cust_000193,2026-02-01T01:02:00,498.93,3,desktop,False,30,1,239,False,0,0,price_sensitivity,send_reminder_whatsapp,False,False,False,False,True,True
cart_001658,cust_000873,2026-07-19T08:54:00,2546.8,2,desktop,True,180,8,1635,False,0,0,high_cart_hesitation,send_reminder_whatsapp,False,False,False,False,False,False
cart_001659,cust_001015,2026-06-18T10:13:00,9795.85,5,mobile,False,180,10,581,True,2,1,technical_friction,send_reminder_whatsapp,True,True,False,True,True,True
cart_001660,cust_001248,2026-04-23T11:06:00,3832.72,1,desktop,True,1440,11,275,True,2,2,technical_friction,do_nothing,False,False,True,True,False,True
cart_001661,cust_001163,2026-02-24T21:49:00,1942.05,3,mobile,True,180,21,148,False,0,0,price_sensitivity,offer_bounded_discount@5,True,True,True,True,True,True
cart_001662,cust_000531,2026-07-05T09:18:00,2795.59,3,mobile,True,1440,9,366,False,0,0,price_sensitivity,do_nothing,False,False,False,True,False,True
cart_001663,cust_001498,2026-03-06T21:30:00,1708.49,4,tablet,True,30,21,255,False,0,0,price_sensitivity,send_reminder_whatsapp,False,False,False,False,True,True
cart_001664,cust_000171,2026-07-08T23:57:00,1957.73,6,mobile,True,180,23,260,True,0,0,price_sensitivity,send_reminder_whatsapp,False,False,True,False,False,False
cart_001665,cust_000661,2026-05-29T13:32:00,1779.9,4,mobile,False,30,13,245,False,1,0,price_sensitivity,send_reminder_email,False,False,False,False,False,True
cart_001666,cust_001447,2026-06-16T07:37:00,516.92,1,desktop,True,720,7,301,False,0,0,price_sensitivity,offer_bounded_discount@5,True,False,False,False,True,True
cart_001667,cust_000729,2026-02-22T12:58:00,1285.37,1,desktop,True,180,12,249,True,0,0,comparison_shopping,send_reminder_whatsapp,False,False,False,False,False,True
cart_001668,cust_000257,2026-01-24T18:05:00,6250.03,3,mobile,True,1440,18,649,False,0,0,comparison_shopping,offer_bounded_discount@5,False,True,False,False,False,True
cart_001669,cust_001157,2026-06-01T18:32:00,6423.85,3,desktop,False,60,18,458,True,3,1,technical_friction,offer_bounded_discount@10,False,False,False,True,False,False
cart_001670,cust_001417,2026-04-04T04:13:00,1460.86,3,mobile,True,10,4,672,True,0,0,comparison_shopping,do_nothing,False,False,False,False,False,False
cart_001671,cust_000101,2026-05-20T01:57:00,1419.48,3,mobile,False,10,1,195,False,0,0,price_sensitivity,do_nothing,False,False,False,False,False,True
cart_001672,cust_001255,2026-05-25T23:55:00,2403.72,2,tablet,True,10,23,143,False,0,0,price_sensitivity,do_nothing,False,False,False,True,False,False
cart_001673,cust_000213,2026-04-11T07:47:00,6207.75,5,tablet,True,60,7,451,False,0,0,comparison_shopping,send_reminder_email,False,True,False,True,True,True
cart_001674,cust_000815,2026-03-17T12:26:00,2086.09,4,mobile,False,30,12,185,False,0,0,price_sensitivity,send_reminder_email,True,False,True,True,False,False
cart_001675,cust_000850,2026-03-24T11:39:00,9787.57,4,mobile,False,30,11,494,True,2,2,technical_friction,offer_bounded_discount@5,True,False,True,True,True,True
cart_001676,cust_001337,2026-04-14T15:16:00,3253.31,1,desktop,True,30,15,252,False,0,0,comparison_shopping,send_reminder_whatsapp,True,False,False,True,False,False
cart_001677,cust_000479,2026-01-05T23:38:00,2625.1,5,tablet,True,1440,23,91,False,0,0,comparison_shopping,offer_bounded_discount@5,True,False,True,True,True,True
cart_001678,cust_001307,2026-03-19T02:53:00,16485.84,2,mobile,True,180,2,283,False,0,0,high_cart_hesitation,offer_bounded_discount@5,True,True,False,False,True,False
cart_001679,cust_000831,2026-01-28T13:59:00,2151.56,5,mobile,False,720,13,426,False,0,0,comparison_shopping,send_reminder_email,False,True,False,True,False,True
cart_001680,cust_000495,2026-02-23T19:27:00,1158.12,1,mobile,True,1440,19,479,False,0,0,comparison_shopping,send_reminder_email,False,False,False,True,False,False
cart_001681,cust_000902,2026-03-08T10:41:00,2307.32,5,mobile,False,1440,10,187,True,0,0,price_sensitivity,do_nothing,False,False,False,False,False,False
cart_001682,cust_000880,2026-06-29T16:13:00,5101.61,1,desktop,False,30,16,654,False,0,0,comparison_shopping,send_reminder_email,True,False,True,False,True,True
cart_001683,cust_001481,2026-01-16T02:16:00,64150.86,1,mobile,True,60,2,666,True,0,0,high_cart_hesitation,send_reminder_email,False,False,False,True,False,False
cart_001684,cust_000369,2026-01-21T13:42:00,3454.89,3,mobile,True,180,13,211,False,0,0,price_sensitivity,offer_bounded_discount@5,False,False,True,True,False,False
cart_001685,cust_000673,2026-04-18T13:25:00,706.07,4,desktop,True,60,13,174,False,0,0,price_sensitivity,offer_bounded_discount@10,False,False,False,True,False,False
cart_001686,cust_001241,2026-06-10T05:35:00,704.74,3,mobile,True,1440,5,20,False,0,0,price_sensitivity,do_nothing,True,True,True,True,False,True
cart_001687,cust_000144,2026-04-08T00:57:00,2770.96,2,desktop,True,720,0,419,True,2,1,technical_friction,send_reminder_whatsapp,True,False,True,True,True,False
cart_001688,cust_001448,2026-01-25T01:24:00,46061.56,1,mobile,True,30,1,576,True,0,0,high_cart_hesitation,offer_bounded_discount@5,False,False,False,False,False,True
cart_001689,cust_000246,2026-05-30T09:51:00,2707.32,1,desktop,True,10,9,519,False,1,0,comparison_shopping,offer_bounded_discount@10,False,False,False,True,False,False
cart_001690,cust_000135,2026-07-19T05:29:00,3542.8,1,desktop,True,60,5,407,False,0,0,high_cart_hesitation,send_reminder_whatsapp,False,False,True,False,False,False
cart_001691,cust_000481,2026-05-28T16:36:00,8345.85,1,desktop,True,10,16,514,True,2,2,technical_friction,offer_bounded_discount@5,True,True,True,True,True,True
cart_001692,cust_000833,2026-02-03T05:36:00,11392.05,1,mobile,True,30,5,317,False,0,0,high_cart_hesitation,offer_bounded_discount@10,False,False,False,False,False,False
cart_001693,cust_000345,2026-01-02T18:36:00,1259.29,3,desktop,True,60,18,20,True,1,0,price_sensitivity,send_reminder_whatsapp,False,False,False,False,False,True
cart_001694,cust_001421,2026-04-09T22:38:00,20301.17,2,mobile,True,60,22,908,False,1,1,high_cart_hesitation,offer_bounded_discount@5,True,True,True,True,True,True
cart_001695,cust_000659,2026-05-06T01:19:00,1718.43,1,mobile,True,60,1,850,False,0,0,comparison_shopping,send_reminder_whatsapp,True,False,False,True,True,True
cart_001696,cust_001238,2026-04-11T12:14:00,931.49,4,mobile,True,180,12,202,False,1,0,price_sensitivity,send_reminder_email,False,False,False,True,False,True
cart_001697,cust_000827,2026-04-03T20:01:00,4095.54,1,desktop,True,60,20,232,False,1,0,price_sensitivity,offer_bounded_discount@5,True,False,False,False,True,False
cart_001698,cust_000294,2026-01-07T10:29:00,14114.8,1,mobile,True,1440,10,1038,True,0,0,high_cart_hesitation,do_nothing,False,False,False,False,False,False
cart_001699,cust_000491,2026-05-05T18:55:00,1374.77,5,mobile,True,1440,18,176,True,0,0,price_sensitivity,offer_bounded_discount@5,True,False,False,False,True,False
cart_001700,cust_000147,2026-06-14T13:49:00,7602.72,1,desktop,True,180,13,853,False,0,0,high_cart_hesitation,offer_bounded_discount@10,True,True,False,True,True,True
cart_001701,cust_000245,2026-07-13T15:47:00,463.05,1,desktop,True,720,15,267,True,0,0,price_sensitivity,send_reminder_email,False,False,False,False,False,False
cart_001702,cust_000944,2026-03-07T12:21:00,16012.47,1,mobile,True,1440,12,389,False,0,0,high_cart_hesitation,send_reminder_whatsapp,False,False,False,False,False,False
cart_001703,cust_001045,2026-06-02T10:55:00,1755.48,1,tablet,True,180,10,519,True,1,2,technical_friction,do_nothing,False,False,True,True,True,False
cart_001704,cust_000046,2026-02-04T01:15:00,222.15,2,desktop,True,180,1,60,False,0,0,price_sensitivity,offer_bounded_discount@5,False,False,False,False,False,True
cart_001705,cust_000744,2026-03-16T09:56:00,10697.25,1,desktop,True,30,9,403,False,0,0,comparison_shopping,offer_bounded_discount@5,False,False,False,True,False,True
cart_001706,cust_000059,2026-04-22T13:26:00,3762.71,3,mobile,False,10,13,308,True,1,1,technical_friction,offer_bounded_discount@5,True,True,True,True,True,True
cart_001707,cust_001430,2026-07-11T15:29:00,1188.58,1,desktop,True,720,15,305,True,1,2,technical_friction,send_reminder_email,True,True,True,True,True,True
cart_001708,cust_001070,2026-04-21T13:09:00,424.11,5,tablet,True,180,13,309,False,1,0,price_sensitivity,offer_bounded_discount@5,False,False,True,False,False,True
cart_001709,cust_000245,2026-01-12T03:07:00,12492.92,3,mobile,True,30,3,656,True,1,2,technical_friction,send_reminder_whatsapp,True,True,True,True,True,True
cart_001710,cust_001044,2026-01-24T01:31:00,22398.26,3,mobile,True,60,1,442,True,1,1,technical_friction,offer_bounded_discount@5,False,False,False,False,False,True
cart_001711,cust_001012,2026-04-26T09:46:00,1672.42,1,mobile,True,180,9,161,False,0,0,price_sensitivity,do_nothing,False,False,False,False,True,False
cart_001712,cust_000984,2026-01-11T11:55:00,5258.82,3,desktop,True,1440,11,354,False,2,1,technical_friction,offer_bounded_discount@5,False,True,False,False,False,True
cart_001713,cust_000610,2026-04-07T11:07:00,11291.9,1,mobile,False,30,11,802,False,0,0,high_cart_hesitation,send_reminder_email,False,False,False,False,True,True
cart_001714,cust_000943,2026-03-13T13:11:00,1264.54,3,desktop,False,30,13,257,False,0,0,price_sensitivity,send_reminder_email,False,False,False,False,False,False
cart_001715,cust_000951,2026-04-08T08:44:00,1623.23,1,mobile,False,10,8,309,True,0,0,price_sensitivity,send_reminder_email,False,False,False,False,True,False
cart_001716,cust_001041,2026-06-03T23:30:00,1273.27,6,mobile,False,60,23,138,False,1,0,price_sensitivity,do_nothing,False,False,False,True,True,True
cart_001717,cust_001228,2026-02-27T17:55:00,1189.22,4,mobile,False,60,17,208,False,0,0,price_sensitivity,do_nothing,False,False,False,False,False,False
cart_001718,cust_000186,2026-07-05T05:33:00,1587.4,4,desktop,True,60,5,273,False,0,0,price_sensitivity,offer_bounded_discount@5,True,True,True,True,True,True
cart_001719,cust_000670,2026-03-01T10:39:00,992.71,1,mobile,False,720,10,260,False,0,0,price_sensitivity,send_reminder_email,False,False,False,False,False,False
cart_001720,cust_000560,2026-07-16T10:51:00,19195.75,1,desktop,True,1440,10,155,True,1,0,high_cart_hesitation,send_reminder_whatsapp,False,False,False,False,False,True
cart_001721,cust_001288,2026-01-20T13:37:00,2329.67,3,desktop,True,720,13,396,False,0,0,comparison_shopping,offer_bounded_discount@10,True,False,False,True,True,True
cart_001722,cust_000822,2026-03-22T07:37:00,7052.94,1,mobile,True,1440,7,793,True,0,0,high_cart_hesitation,offer_bounded_discount@10,False,False,False,False,False,False
cart_001723,cust_001092,2026-01-17T18:59:00,18164.18,2,mobile,False,10,18,228,False,0,0,high_cart_hesitation,send_reminder_email,False,True,False,True,False,True
cart_001724,cust_000487,2026-02-01T00:56:00,5193.77,1,desktop,False,720,0,460,True,2,2,technical_friction,send_reminder_whatsapp,True,True,True,True,True,True
cart_001725,cust_000431,2026-05-25T03:43:00,16149.57,4,desktop,False,720,3,886,False,0,0,comparison_shopping,send_reminder_email,False,False,False,False,False,False
cart_001726,cust_001173,2026-05-22T11:51:00,2541.69,1,mobile,True,30,11,392,True,0,0,comparison_shopping,send_reminder_email,False,False,False,False,True,True
cart_001727,cust_001178,2026-02-05T09:26:00,1822.77,3,mobile,False,180,9,298,True,0,0,price_sensitivity,send_reminder_email,True,False,True,False,False,False
cart_001728,cust_000246,2026-03-14T23:23:00,11165.05,2,mobile,False,10,23,464,False,0,0,high_cart_hesitation,offer_bounded_discount@5,False,False,False,False,False,False
cart_001729,cust_000915,2026-02-04T22:44:00,5744.36,3,desktop,True,720,22,448,False,1,0,comparison_shopping,offer_bounded_discount@5,False,False,True,False,False,False
cart_001730,cust_000751,2026-05-02T16:51:00,8952.53,2,mobile,True,60,16,821,True,0,0,high_cart_hesitation,send_reminder_whatsapp,True,False,False,True,True,True
cart_001731,cust_001094,2026-04-11T17:00:00,899.07,1,mobile,True,30,17,200,False,0,0,price_sensitivity,offer_bounded_discount@5,True,True,True,True,True,True
cart_001732,cust_001451,2026-05-11T00:09:00,26592.96,1,tablet,True,720,0,736,True,0,0,high_cart_hesitation,offer_bounded_discount@10,False,False,False,False,False,False
cart_001733,cust_001068,2026-02-02T18:33:00,1484.1,3,mobile,True,30,18,255,False,0,0,price_sensitivity,offer_bounded_discount@5,True,True,False,True,True,True
cart_001734,cust_000695,2026-05-29T14:04:00,4817.29,2,mobile,True,10,14,368,False,0,0,price_sensitivity,offer_bounded_discount@10,False,False,False,True,True,False
cart_001735,cust_000605,2026-06-21T03:36:00,955.53,6,desktop,True,180,3,223,False,0,0,price_sensitivity,send_reminder_email,False,False,False,False,False,False
cart_001736,cust_000380,2026-03-12T05:12:00,2366.97,2,tablet,False,180,5,479,False,0,0,comparison_shopping,offer_bounded_discount@5,False,False,False,False,False,False
cart_001737,cust_000845,2026-07-19T16:16:00,4726.71,2,mobile,True,720,16,525,False,0,0,comparison_shopping,send_reminder_email,False,False,False,False,False,False
cart_001738,cust_000548,2026-04-25T21:51:00,8718.78,4,mobile,True,1440,21,632,True,0,0,comparison_shopping,send_reminder_email,False,False,False,True,True,True
cart_001739,cust_000547,2026-04-25T16:44:00,1596.12,2,mobile,False,30,16,406,False,0,0,price_sensitivity,offer_bounded_discount@5,False,False,False,True,False,False
cart_001740,cust_000494,2026-04-27T21:29:00,2042.69,2,mobile,False,60,21,97,False,0,0,price_sensitivity,send_reminder_whatsapp,False,False,False,False,False,False
cart_001741,cust_001335,2026-04-06T12:20:00,2614.29,5,mobile,True,60,12,528,False,0,0,comparison_shopping,offer_bounded_discount@5,False,False,True,False,False,False
cart_001742,cust_001167,2026-02-14T04:37:00,1760.15,4,mobile,False,180,4,177,False,0,0,price_sensitivity,offer_bounded_discount@5,True,False,True,False,True,True
cart_001743,cust_000297,2026-03-02T01:34:00,1349.42,2,desktop,True,180,1,297,False,0,0,comparison_shopping,offer_bounded_discount@5,False,False,False,True,False,True
cart_001744,cust_000458,2026-03-01T10:45:00,11840.1,3,mobile,True,180,10,935,False,0,0,high_cart_hesitation,offer_bounded_discount@5,False,False,False,False,False,False
cart_001745,cust_001096,2026-02-01T23:57:00,2399.09,5,mobile,False,60,23,102,False,0,0,price_sensitivity,offer_bounded_discount@5,True,True,False,False,True,False
cart_001746,cust_000554,2026-07-04T20:55:00,1487.52,1,desktop,False,60,20,469,False,1,0,comparison_shopping,send_reminder_email,False,False,False,False,False,False
cart_001747,cust_000320,2026-02-27T16:27:00,16344.33,2,desktop,False,720,16,608,True,0,0,high_cart_hesitation,send_reminder_whatsapp,False,False,False,False,False,False
cart_001748,cust_001209,2026-02-11T12:32:00,24533.45,2,mobile,False,10,12,572,False,0,1,high_cart_hesitation,offer_bounded_discount@5,False,False,False,True,False,False
cart_001749,cust_000817,2026-06-15T17:34:00,3451.93,1,mobile,False,60,17,573,True,0,0,comparison_shopping,offer_bounded_discount@10,False,False,False,False,False,False
cart_001750,cust_001164,2026-03-10T14:08:00,919.43,5,mobile,True,30,14,60,True,1,0,price_sensitivity,offer_bounded_discount@10,False,False,True,False,True,False
cart_001751,cust_001095,2026-02-12T18:18:00,5430.73,2,mobile,True,720,18,352,True,1,1,technical_friction,do_nothing,False,False,True,False,True,False
cart_001752,cust_001243,2026-02-19T12:15:00,18971.76,2,desktop,True,720,12,93,False,0,1,high_cart_hesitation,send_reminder_email,False,False,False,False,False,False
cart_001753,cust_001294,2026-02-11T19:24:00,371.2,5,mobile,True,10,19,606,False,0,0,comparison_shopping,send_reminder_whatsapp,False,False,False,False,True,True
cart_001754,cust_001263,2026-02-27T00:44:00,11688.73,4,mobile,True,30,0,238,True,2,1,technical_friction,offer_bounded_discount@5,True,False,True,True,True,True
cart_001755,cust_000655,2026-04-25T00:43:00,8320.23,2,desktop,True,10,0,557,True,0,0,high_cart_hesitation,send_reminder_email,False,False,False,True,False,True
cart_001756,cust_000915,2026-05-04T12:02:00,6344.51,1,mobile,True,60,12,578,False,0,0,high_cart_hesitation,offer_bounded_discount@10,False,False,True,False,False,False
cart_001757,cust_001307,2026-02-11T02:31:00,1185.09,3,mobile,True,60,2,38,False,0,0,price_sensitivity,offer_bounded_discount@5,False,False,False,False,False,False
cart_001758,cust_000845,2026-07-04T22:55:00,934.77,4,mobile,True,180,22,203,True,1,0,price_sensitivity,send_reminder_email,False,False,False,False,True,True
cart_001759,cust_000460,2026-03-25T12:26:00,2005.4,4,mobile,False,1440,12,201,True,1,0,price_sensitivity,offer_bounded_discount@5,False,False,False,False,False,True
cart_001760,cust_001369,2026-07-07T17:23:00,394.66,2,desktop,True,60,17,231,False,0,0,price_sensitivity,offer_bounded_discount@5,True,False,False,False,True,True
cart_001761,cust_001439,2026-03-22T19:40:00,1656.07,3,mobile,False,1440,19,221,False,0,0,price_sensitivity,do_nothing,False,False,False,False,False,False
cart_001762,cust_000458,2026-06-01T11:33:00,15401.34,2,mobile,False,720,11,636,False,0,0,high_cart_hesitation,offer_bounded_discount@10,False,False,False,False,False,False
cart_001763,cust_001225,2026-05-29T11:11:00,4552.31,3,tablet,True,10,11,469,False,0,0,comparison_shopping,send_reminder_email,True,False,True,False,True,False
cart_001764,cust_000966,2026-07-11T14:27:00,2114.8,2,mobile,False,60,14,714,True,0,0,high_cart_hesitation,offer_bounded_discount@5,True,True,False,True,True,False
cart_001765,cust_000660,2026-04-07T05:55:00,7263.94,1,mobile,True,180,5,319,True,3,1,technical_friction,send_reminder_whatsapp,True,False,False,True,True,False
cart_001766,cust_000834,2026-03-21T12:26:00,1358.22,1,desktop,True,10,12,156,False,0,0,price_sensitivity,offer_bounded_discount@5,False,False,False,False,False,True
cart_001767,cust_000069,2026-02-14T14:55:00,1162.21,2,tablet,False,10,14,386,True,0,0,comparison_shopping,do_nothing,False,False,True,True,True,True
cart_001768,cust_000682,2026-04-11T17:35:00,12710.09,2,mobile,True,720,17,439,True,2,2,technical_friction,do_nothing,False,False,False,False,False,True
cart_001769,cust_001174,2026-04-23T16:20:00,3570.72,2,mobile,True,720,16,354,True,3,0,technical_friction,offer_bounded_discount@10,True,False,True,True,True,True
cart_001770,cust_000338,2026-06-14T22:05:00,720.36,1,mobile,True,30,22,454,False,0,0,comparison_shopping,send_reminder_whatsapp,True,False,False,True,True,False
cart_001771,cust_000831,2026-02-28T11:49:00,722.86,7,desktop,True,1440,11,213,False,0,0,price_sensitivity,do_nothing,False,False,False,False,True,True
cart_001772,cust_001420,2026-06-28T20:05:00,12004.53,2,desktop,True,180,20,620,True,1,1,technical_friction,send_reminder_email,False,False,False,True,True,True
cart_001773,cust_000859,2026-02-18T20:01:00,11204.85,2,mobile,True,720,20,764,False,0,0,high_cart_hesitation,send_reminder_whatsapp,False,False,False,False,False,True
cart_001774,cust_000827,2026-03-07T05:57:00,19286.02,1,mobile,True,720,5,567,False,0,0,high_cart_hesitation,offer_bounded_discount@10,False,False,False,False,False,False
cart_001775,cust_001317,2026-07-02T19:25:00,4756.72,6,mobile,False,30,19,263,True,0,1,technical_friction,do_nothing,False,False,True,True,True,True
cart_001776,cust_000993,2026-06-29T07:09:00,11761.11,1,desktop,True,720,7,387,False,0,0,high_cart_hesitation,offer_bounded_discount@10,False,False,False,False,False,False
cart_001777,cust_001017,2026-07-11T17:25:00,18398.35,2,mobile,True,180,17,930,True,0,0,high_cart_hesitation,do_nothing,True,True,True,True,True,True
cart_001778,cust_000666,2026-06-20T12:05:00,2535.03,2,mobile,False,60,12,663,False,0,0,comparison_shopping,send_reminder_whatsapp,True,False,False,True,False,True
cart_001779,cust_000170,2026-04-24T12:10:00,809.77,4,tablet,False,30,12,295,False,1,0,comparison_shopping,send_reminder_whatsapp,True,False,True,True,True,True
cart_001780,cust_000568,2026-04-30T21:34:00,3393.36,5,desktop,True,10,21,215,False,0,0,price_sensitivity,offer_bounded_discount@10,False,False,False,False,True,False
cart_001781,cust_000577,2026-02-28T10:09:00,1327.56,4,mobile,False,10,10,219,False,1,0,price_sensitivity,offer_bounded_discount@10,True,True,False,True,False,True
cart_001782,cust_001414,2026-06-12T22:05:00,6725.8,2,mobile,True,30,22,608,True,0,0,high_cart_hesitation,offer_bounded_discount@10,True,False,True,True,True,True
cart_001783,cust_001174,2026-06-12T18:14:00,3288.68,4,mobile,True,30,18,154,False,0,0,comparison_shopping,offer_bounded_discount@5,False,False,True,False,False,True
cart_001784,cust_000160,2026-04-04T04:42:00,3133.88,3,mobile,True,720,4,627,False,0,0,comparison_shopping,do_nothing,False,False,False,True,True,True
cart_001785,cust_000929,2026-01-26T14:52:00,535.99,5,mobile,False,10,14,891,False,0,0,comparison_shopping,offer_bounded_discount@10,True,False,False,True,True,True
cart_001786,cust_000048,2026-03-02T14:14:00,9571.62,1,desktop,False,10,14,416,True,0,1,high_cart_hesitation,send_reminder_email,False,False,False,True,True,True
cart_001787,cust_000457,2026-04-21T08:17:00,5335.27,1,mobile,True,10,8,111,True,1,0,price_sensitivity,offer_bounded_discount@10,True,False,False,True,True,True
cart_001788,cust_000542,2026-04-09T03:02:00,2816.45,1,mobile,True,180,3,198,True,0,0,price_sensitivity,send_reminder_email,True,True,True,True,False,True
cart_001789,cust_001152,2026-07-16T01:10:00,2667.99,2,mobile,True,180,1,576,True,0,0,comparison_shopping,send_reminder_email,False,False,False,True,False,False
cart_001790,cust_000773,2026-05-26T04:56:00,423.9,4,tablet,True,720,4,32,True,0,0,price_sensitivity,send_reminder_email,False,False,False,False,False,False
cart_001791,cust_000256,2026-05-13T09:35:00,2948.66,2,mobile,True,10,9,430,False,0,0,comparison_shopping,offer_bounded_discount@10,False,False,False,False,True,False
cart_001792,cust_001484,2026-04-13T16:40:00,5353.84,4,desktop,True,720,16,402,True,1,1,technical_friction,send_reminder_email,False,False,False,True,False,False
cart_001793,cust_000469,2026-07-15T11:51:00,1057.92,3,mobile,True,720,11,274,False,0,0,price_sensitivity,send_reminder_whatsapp,True,False,True,True,True,True
cart_001794,cust_001192,2026-07-15T12:20:00,40403.54,1,desktop,True,180,12,517,True,0,1,high_cart_hesitation,send_reminder_whatsapp,False,False,False,False,False,False
cart_001795,cust_001323,2026-05-13T23:15:00,6158.45,2,mobile,True,60,23,998,False,0,0,high_cart_hesitation,offer_bounded_discount@10,False,True,True,False,True,False
cart_001796,cust_000896,2026-03-18T22:52:00,29988.39,2,mobile,True,180,22,790,True,0,0,high_cart_hesitation,send_reminder_email,False,False,False,False,False,False
cart_001797,cust_000639,2026-02-28T16:51:00,6696.76,2,desktop,False,30,16,590,False,0,0,high_cart_hesitation,send_reminder_whatsapp,False,False,False,False,False,False
cart_001798,cust_000104,2026-07-12T19:19:00,1014.84,3,desktop,False,180,19,270,False,0,0,price_sensitivity,send_reminder_email,False,False,False,False,False,True
cart_001799,cust_001101,2026-03-21T14:06:00,9682.97,3,mobile,True,10,14,530,False,0,0,high_cart_hesitation,offer_bounded_discount@10,False,False,False,False,False,False
cart_001800,cust_000229,2026-01-16T05:32:00,3373.79,1,mobile,True,180,5,474,False,0,0,comparison_shopping,do_nothing,False,False,False,True,True,False
cart_001801,cust_000126,2026-04-17T06:57:00,1075.44,5,desktop,True,1440,6,440,True,1,2,technical_friction,do_nothing,False,False,True,True,True,True
cart_001802,cust_000928,2026-06-01T12:56:00,13801.71,2,mobile,True,1440,12,882,False,0,0,high_cart_hesitation,offer_bounded_discount@5,False,False,False,False,False,False
cart_001803,cust_000579,2026-04-06T02:15:00,11393.56,3,mobile,False,180,2,1363,False,0,0,high_cart_hesitation,offer_bounded_discount@5,False,False,False,False,False,True
cart_001804,cust_000767,2026-03-03T05:46:00,25699.23,2,mobile,True,180,5,575,False,0,0,high_cart_hesitation,send_reminder_email,False,False,False,False,False,False
cart_001805,cust_001003,2026-03-25T11:45:00,3372.03,4,desktop,True,10,11,252,False,0,0,price_sensitivity,do_nothing,False,False,False,True,True,True
cart_001806,cust_000636,2026-05-01T19:24:00,25212.05,1,mobile,True,180,19,528,True,0,0,technical_friction,send_reminder_whatsapp,True,False,True,True,False,True
cart_001807,cust_001157,2026-07-10T00:00:00,15350.34,2,mobile,True,30,0,899,False,0,0,high_cart_hesitation,offer_bounded_discount@5,False,False,False,False,False,False
cart_001808,cust_001466,2026-06-25T17:21:00,10201.59,2,mobile,False,30,17,546,True,3,2,technical_friction,send_reminder_email,False,False,False,False,False,False
cart_001809,cust_001209,2026-01-25T05:03:00,4227.1,5,desktop,True,1440,5,811,False,0,0,comparison_shopping,send_reminder_whatsapp,False,False,False,False,False,False
cart_001810,cust_001072,2026-01-06T18:51:00,56204.23,1,desktop,True,720,18,1456,False,1,0,high_cart_hesitation,offer_bounded_discount@5,False,True,True,False,False,True
cart_001811,cust_000242,2026-01-20T08:37:00,1553.72,4,desktop,False,60,8,462,False,0,0,comparison_shopping,do_nothing,False,False,True,True,True,True
cart_001812,cust_000530,2026-06-09T16:06:00,4368.49,3,mobile,True,10,16,694,True,2,2,technical_friction,offer_bounded_discount@10,False,False,False,True,False,False
cart_001813,cust_000857,2026-02-03T07:04:00,2577.1,3,mobile,True,180,7,642,True,1,2,technical_friction,send_reminder_whatsapp,True,False,True,True,True,True
cart_001814,cust_001024,2026-01-29T14:28:00,5126.37,1,desktop,True,10,14,491,True,1,1,technical_friction,send_reminder_whatsapp,True,False,False,True,False,False
cart_001815,cust_001214,2026-06-07T21:19:00,9779.15,2,desktop,True,180,21,447,True,0,0,comparison_shopping,do_nothing,False,False,True,False,False,False
cart_001816,cust_000817,2026-02-22T04:09:00,2327.85,5,mobile,False,10,4,426,True,0,0,comparison_shopping,do_nothing,False,False,False,False,True,True
cart_001817,cust_000274,2026-06-24T17:32:00,6584.24,2,desktop,True,10,17,697,True,0,0,high_cart_hesitation,do_nothing,False,False,False,False,False,False
cart_001818,cust_001447,2026-05-26T04:09:00,25466.67,2,mobile,True,720,4,228,True,0,0,high_cart_hesitation,offer_bounded_discount@5,False,False,False,False,False,True
cart_001819,cust_000946,2026-02-10T18:28:00,3572.76,4,mobile,False,720,18,849,False,0,0,comparison_shopping,offer_bounded_discount@5,False,False,False,False,False,False
cart_001820,cust_000101,2026-04-11T23:43:00,1298.79,4,mobile,False,720,23,345,True,2,0,technical_friction,send_reminder_whatsapp,True,False,True,True,True,True
cart_001821,cust_001088,2026-03-05T07:43:00,3075.98,3,mobile,False,180,7,117,False,1,0,price_sensitivity,offer_bounded_discount@10,False,False,False,False,True,False
cart_001822,cust_001294,2026-05-23T02:50:00,6373.83,3,desktop,True,30,2,159,False,0,0,price_sensitivity,offer_bounded_discount@5,True,False,True,False,True,True
cart_001823,cust_000202,2026-01-02T08:54:00,430.87,2,mobile,False,180,8,125,False,0,0,price_sensitivity,offer_bounded_discount@5,False,False,False,False,False,True
cart_001824,cust_000704,2026-04-21T11:17:00,3707.01,2,tablet,True,30,11,553,False,0,0,comparison_shopping,send_reminder_whatsapp,False,False,False,False,True,True
cart_001825,cust_000874,2026-07-12T11:24:00,25346.08,1,mobile,True,30,11,615,False,0,1,high_cart_hesitation,send_reminder_whatsapp,False,False,True,False,True,False
cart_001826,cust_000500,2026-07-18T03:32:00,20115.53,3,mobile,True,30,3,1064,False,0,0,high_cart_hesitation,send_reminder_whatsapp,False,False,False,False,False,True
cart_001827,cust_000871,2026-04-11T15:20:00,3496.65,1,desktop,True,180,15,457,True,2,1,technical_friction,offer_bounded_discount@5,False,False,True,True,False,True
cart_001828,cust_000812,2026-07-16T21:48:00,628.56,2,mobile,True,60,21,582,False,0,0,comparison_shopping,send_reminder_email,False,False,False,False,True,True
cart_001829,cust_000531,2026-03-07T00:05:00,18750.01,3,mobile,True,1440,0,251,False,0,0,comparison_shopping,offer_bounded_discount@10,True,False,False,False,True,True
cart_001830,cust_001158,2026-02-18T16:08:00,1947.96,3,desktop,True,60,16,520,True,1,2,technical_friction,send_reminder_email,True,False,True,True,True,True
cart_001831,cust_001185,2026-04-03T14:04:00,3651.04,1,desktop,True,720,14,275,True,0,0,price_sensitivity,send_reminder_email,False,False,False,False,True,True
cart_001832,cust_000838,2026-07-09T11:26:00,11065.94,1,desktop,True,10,11,139,True,1,0,price_sensitivity,offer_bounded_discount@5,False,False,False,False,False,False
cart_001833,cust_001357,2026-05-18T00:09:00,24327.19,2,mobile,True,10,0,599,False,0,0,high_cart_hesitation,send_reminder_whatsapp,True,False,False,True,False,False
cart_001834,cust_000453,2026-04-13T18:34:00,1295.53,1,mobile,True,60,18,263,False,0,0,price_sensitivity,send_reminder_whatsapp,False,False,True,False,True,True
cart_001835,cust_001365,2026-03-02T19:48:00,1203.47,3,desktop,True,180,19,222,False,0,0,price_sensitivity,do_nothing,False,False,False,False,True,False
cart_001836,cust_001412,2026-03-22T17:29:00,2784.03,1,desktop,True,60,17,183,True,3,0,technical_friction,send_reminder_whatsapp,True,True,True,True,True,False
cart_001837,cust_000689,2026-06-22T03:25:00,23733.46,2,mobile,False,30,3,585,True,0,0,high_cart_hesitation,do_nothing,False,False,False,False,True,False
cart_001838,cust_000797,2026-02-23T03:16:00,1954.69,3,desktop,False,10,3,178,False,0,0,price_sensitivity,do_nothing,False,False,True,False,True,True
cart_001839,cust_000906,2026-07-17T16:29:00,4141.67,4,mobile,False,180,16,210,False,0,0,price_sensitivity,send_reminder_email,False,False,False,False,True,False
cart_001840,cust_001126,2026-02-26T15:42:00,2594.36,1,tablet,True,60,15,868,False,1,0,comparison_shopping,offer_bounded_discount@10,True,False,True,True,True,True
cart_001841,cust_000779,2026-01-24T08:19:00,15838.6,3,mobile,True,1440,8,1064,True,0,0,high_cart_hesitation,offer_bounded_discount@5,False,False,False,False,False,False
cart_001842,cust_001213,2026-07-20T12:09:00,1020.79,1,mobile,True,60,12,208,False,1,0,price_sensitivity,offer_bounded_discount@5,False,False,True,False,False,True
cart_001843,cust_000343,2026-05-04T04:30:00,13106.94,1,desktop,False,720,4,1234,True,0,1,high_cart_hesitation,send_reminder_whatsapp,False,False,False,False,False,False
cart_001844,cust_000693,2026-04-20T11:07:00,15641.37,1,mobile,True,180,11,838,True,0,0,high_cart_hesitation,send_reminder_whatsapp,False,False,False,False,False,False
cart_001845,cust_000882,2026-04-17T12:38:00,2882.95,3,mobile,True,180,12,328,False,0,0,price_sensitivity,offer_bounded_discount@5,True,False,False,False,True,True
cart_001846,cust_001318,2026-05-09T18:14:00,2513.94,2,mobile,True,60,18,313,False,0,0,price_sensitivity,send_reminder_email,False,False,False,False,True,True
cart_001847,cust_000951,2026-06-25T23:16:00,10009.88,2,mobile,True,180,23,808,False,0,0,high_cart_hesitation,offer_bounded_discount@5,False,False,False,False,False,False
cart_001848,cust_001109,2026-03-27T17:41:00,3189.9,3,mobile,False,1440,17,141,False,0,0,price_sensitivity,do_nothing,False,False,False,False,False,False
cart_001849,cust_000076,2026-04-06T03:00:00,19493.28,1,desktop,True,720,3,922,False,0,1,high_cart_hesitation,send_reminder_whatsapp,False,False,False,False,False,False
cart_001850,cust_001421,2026-06-03T04:50:00,3164.65,3,mobile,True,60,4,807,True,0,0,comparison_shopping,offer_bounded_discount@5,True,False,False,True,True,False
cart_001851,cust_000409,2026-04-03T02:36:00,10212.27,4,mobile,False,720,2,708,True,0,0,comparison_shopping,offer_bounded_discount@10,False,True,False,False,True,False
cart_001852,cust_000091,2026-07-09T07:18:00,2119.02,3,tablet,True,180,7,387,True,3,2,technical_friction,do_nothing,False,False,True,True,False,True
cart_001853,cust_000583,2026-02-22T07:11:00,5777.7,2,mobile,False,60,7,765,True,0,0,comparison_shopping,offer_bounded_discount@10,False,False,False,False,False,False
cart_001854,cust_000105,2026-01-09T16:49:00,11763.1,2,mobile,False,10,16,272,False,0,0,comparison_shopping,send_reminder_email,True,False,True,True,True,True
cart_001855,cust_000688,2026-06-28T23:35:00,1271.89,2,mobile,True,1440,23,211,False,0,0,price_sensitivity,send_reminder_email,False,False,False,False,False,False
cart_001856,cust_000267,2026-03-09T13:54:00,3578.61,4,desktop,True,30,13,688,False,0,0,comparison_shopping,send_reminder_email,True,False,True,True,True,False
cart_001857,cust_001086,2026-02-01T11:12:00,11324.38,3,mobile,True,30,11,1186,True,1,1,high_cart_hesitation,offer_bounded_discount@5,True,False,False,False,True,False
cart_001858,cust_000794,2026-03-25T13:46:00,7388.01,2,mobile,True,720,13,683,False,1,0,high_cart_hesitation,offer_bounded_discount@10,False,False,False,False,False,False
cart_001859,cust_000107,2026-02-12T05:53:00,6919.78,3,desktop,False,60,5,553,False,0,0,comparison_shopping,send_reminder_email,False,False,False,False,False,False
cart_001860,cust_001266,2026-05-11T06:19:00,2711.77,2,mobile,True,720,6,185,True,0,0,price_sensitivity,offer_bounded_discount@5,True,False,True,True,True,True
cart_001861,cust_001267,2026-01-11T15:37:00,8497.39,2,mobile,True,720,15,498,True,3,2,technical_friction,offer_bounded_discount@5,True,True,False,True,True,True
cart_001862,cust_000581,2026-07-17T14:37:00,2752.92,3,mobile,True,60,14,383,False,0,0,comparison_shopping,send_reminder_whatsapp,False,False,False,False,False,False
cart_001863,cust_000914,2026-05-25T21:48:00,1422.26,1,desktop,True,10,21,203,True,0,0,price_sensitivity,offer_bounded_discount@10,False,False,False,False,False,False
cart_001864,cust_000449,2026-05-16T21:23:00,2030.85,4,desktop,False,180,21,573,True,2,2,technical_friction,offer_bounded_discount@10,True,False,True,True,True,True
cart_001865,cust_000927,2026-04-25T08:48:00,486.4,3,mobile,False,30,8,127,False,1,0,price_sensitivity,offer_bounded_discount@10,False,False,False,False,True,False
cart_001866,cust_000023,2026-03-26T08:35:00,647.07,5,desktop,False,30,8,284,False,0,0,price_sensitivity,offer_bounded_discount@5,False,False,False,False,False,False
cart_001867,cust_000315,2026-02-22T03:30:00,191.16,1,mobile,True,1440,3,283,True,2,2,technical_friction,do_nothing,False,False,False,False,True,True
cart_001868,cust_001460,2026-01-03T07:58:00,11210.15,1,mobile,True,60,7,628,False,0,1,high_cart_hesitation,offer_bounded_discount@5,False,False,False,True,False,False
cart_001869,cust_000495,2026-04-20T13:31:00,30186.39,2,mobile,True,1440,13,920,True,0,0,high_cart_hesitation,send_reminder_email,False,False,False,False,False,False
cart_001870,cust_001425,2026-01-06T09:57:00,8209.51,4,mobile,True,30,9,522,True,0,0,comparison_shopping,offer_bounded_discount@5,True,False,False,True,True,False
cart_001871,cust_001460,2026-06-23T08:38:00,10636.16,1,mobile,True,10,8,274,False,0,1,technical_friction,offer_bounded_discount@5,False,False,False,True,False,True
cart_001872,cust_001279,2026-02-01T04:53:00,11709.14,2,desktop,False,60,4,849,True,0,0,high_cart_hesitation,send_reminder_whatsapp,True,False,False,True,False,False
cart_001873,cust_000466,2026-06-13T23:57:00,4410.51,1,mobile,True,10,23,1363,True,0,1,high_cart_hesitation,do_nothing,False,False,True,True,True,True
cart_001874,cust_000669,2026-03-26T09:19:00,1104.74,8,desktop,True,10,9,118,True,0,0,price_sensitivity,send_reminder_email,True,False,True,False,True,True
cart_001875,cust_000275,2026-03-19T12:14:00,3378.77,2,mobile,False,30,12,399,True,2,0,technical_friction,offer_bounded_discount@5,False,False,True,False,False,True
cart_001876,cust_000407,2026-07-17T22:07:00,1603.27,5,mobile,True,10,22,215,True,0,0,price_sensitivity,send_reminder_email,False,False,False,True,True,False
cart_001877,cust_000178,2026-02-18T13:00:00,15557.1,2,mobile,True,30,13,523,False,0,0,comparison_shopping,do_nothing,False,False,False,False,False,False
cart_001878,cust_001371,2026-01-28T15:52:00,3482.32,5,mobile,True,10,15,673,True,3,2,technical_friction,send_reminder_email,True,True,True,True,True,True
cart_001879,cust_000062,2026-03-27T21:42:00,6315.66,3,mobile,False,10,21,374,True,2,1,technical_friction,send_reminder_email,True,True,True,True,True,True
cart_001880,cust_001415,2026-03-26T09:17:00,1538.41,4,mobile,True,180,9,260,False,0,0,comparison_shopping,send_reminder_whatsapp,True,True,True,True,True,True
cart_001881,cust_000157,2026-01-30T18:05:00,1215.2,1,desktop,True,1440,18,395,False,0,0,price_sensitivity,offer_bounded_discount@10,True,False,False,True,True,True
cart_001882,cust_000001,2026-06-03T23:54:00,2296.77,2,mobile,True,60,23,549,True,1,1,technical_friction,send_reminder_email,False,False,False,False,False,False
cart_001883,cust_001231,2026-07-08T12:07:00,812.61,3,mobile,True,60,12,136,True,0,0,price_sensitivity,offer_bounded_discount@10,False,False,False,False,True,False
cart_001884,cust_001222,2026-05-10T09:01:00,1589.03,7,desktop,True,60,9,583,True,2,1,technical_friction,do_nothing,False,False,False,True,True,False
cart_001885,cust_000698,2026-01-06T20:45:00,1024.73,1,desktop,False,10,20,246,True,0,0,price_sensitivity,send_reminder_whatsapp,False,False,False,False,False,False
cart_001886,cust_000647,2026-01-23T16:54:00,6569.41,2,mobile,False,60,16,149,True,0,1,high_cart_hesitation,offer_bounded_discount@5,False,False,False,True,False,False
cart_001887,cust_001354,2026-04-07T12:44:00,4353.36,1,mobile,True,10,12,570,False,0,0,comparison_shopping,do_nothing,False,False,False,False,False,False
cart_001888,cust_000147,2026-01-16T09:19:00,12455.93,3,mobile,True,10,9,362,True,2,1,technical_friction,offer_bounded_discount@10,False,False,True,True,False,False
cart_001889,cust_001071,2026-04-16T19:28:00,15673.13,1,mobile,True,10,19,633,True,0,0,high_cart_hesitation,do_nothing,False,False,False,False,True,False
cart_001890,cust_001001,2026-04-04T05:18:00,2775.7,6,desktop,False,1440,5,49,False,0,0,price_sensitivity,do_nothing,False,False,False,False,False,False
cart_001891,cust_000381,2026-03-10T22:05:00,2240.31,2,mobile,True,60,22,168,True,0,0,price_sensitivity,do_nothing,False,False,True,False,True,False
cart_001892,cust_001324,2026-02-13T13:58:00,2306.89,8,mobile,True,720,13,604,True,2,2,technical_friction,send_reminder_whatsapp,True,False,True,True,True,False
cart_001893,cust_001460,2026-05-18T16:06:00,1598.38,6,mobile,True,30,16,224,False,0,0,price_sensitivity,send_reminder_email,False,False,False,False,False,False
cart_001894,cust_000754,2026-04-18T09:05:00,10902.78,3,mobile,True,180,9,401,False,1,0,high_cart_hesitation,offer_bounded_discount@5,True,False,False,False,True,True
cart_001895,cust_000948,2026-03-14T22:59:00,2994.66,4,mobile,True,30,22,482,True,1,0,comparison_shopping,send_reminder_email,False,False,False,True,False,True
cart_001896,cust_000121,2026-04-06T16:57:00,1075.08,6,desktop,True,30,16,210,True,2,2,technical_friction,send_reminder_email,True,False,True,True,False,False
cart_001897,cust_001298,2026-03-19T11:05:00,3369.89,4,mobile,True,180,11,714,True,1,1,technical_friction,send_reminder_email,False,False,False,False,True,False
cart_001898,cust_000397,2026-02-25T15:22:00,2603.74,5,desktop,True,1440,15,312,True,0,0,comparison_shopping,do_nothing,False,False,False,True,False,False
cart_001899,cust_001254,2026-05-22T15:45:00,8437.42,1,mobile,True,720,15,606,True,0,0,high_cart_hesitation,send_reminder_email,False,False,False,False,False,True
cart_001900,cust_000635,2026-06-14T09:23:00,6707.74,1,tablet,False,10,9,624,True,0,0,high_cart_hesitation,offer_bounded_discount@5,False,False,False,False,False,False
cart_001901,cust_001271,2026-02-09T06:19:00,4584.51,2,desktop,False,180,6,185,True,0,0,price_sensitivity,offer_bounded_discount@5,True,False,False,True,True,False
cart_001902,cust_000872,2026-05-29T18:02:00,11383.22,6,desktop,True,180,18,282,False,0,0,comparison_shopping,offer_bounded_discount@10,True,False,False,False,False,True
cart_001903,cust_000398,2026-01-01T19:15:00,520.62,4,mobile,True,60,19,811,True,0,0,comparison_shopping,send_reminder_whatsapp,False,False,False,False,False,False
cart_001904,cust_000380,2026-05-07T21:38:00,1172.22,1,desktop,False,720,21,32,False,1,0,price_sensitivity,offer_bounded_discount@5,False,False,False,False,False,True
cart_001905,cust_000353,2026-04-29T20:42:00,8576.63,2,tablet,True,180,20,540,False,1,0,high_cart_hesitation,offer_bounded_discount@5,False,False,False,False,False,False
cart_001906,cust_000395,2026-07-01T09:59:00,25169.48,1,mobile,False,60,9,488,False,0,0,comparison_shopping,send_reminder_email,False,False,False,False,True,True
cart_001907,cust_000490,2026-05-02T23:24:00,743.62,3,mobile,False,30,23,89,False,0,0,price_sensitivity,do_nothing,False,False,False,False,False,False
cart_001908,cust_000930,2026-07-09T12:51:00,1767.99,4,mobile,True,1440,12,65,False,0,0,price_sensitivity,offer_bounded_discount@10,False,True,False,False,False,False
cart_001909,cust_001156,2026-06-10T16:42:00,6530.59,6,mobile,True,30,16,171,True,2,2,technical_friction,send_reminder_email,False,False,False,False,False,False
cart_001910,cust_001407,2026-05-08T14:18:00,2265.33,1,mobile,True,720,14,668,False,0,1,high_cart_hesitation,do_nothing,False,False,True,True,True,True
cart_001911,cust_001062,2026-06-04T13:11:00,376.72,1,desktop,False,60,13,149,False,0,0,price_sensitivity,offer_bounded_discount@10,True,False,False,False,True,True
cart_001912,cust_001225,2026-06-26T23:03:00,1837.77,1,mobile,True,180,23,136,False,0,0,price_sensitivity,offer_bounded_discount@5,False,False,False,False,False,True
cart_001913,cust_000743,2026-06-27T20:53:00,3671.13,2,mobile,False,60,20,680,True,0,0,high_cart_hesitation,send_reminder_email,False,False,False,True,False,False
cart_001914,cust_001425,2026-02-13T06:58:00,1002.01,1,mobile,True,10,6,25,False,0,0,price_sensitivity,offer_bounded_discount@10,False,False,False,False,False,False
cart_001915,cust_001294,2026-02-19T10:47:00,3668.03,1,mobile,True,10,10,397,True,3,2,technical_friction,offer_bounded_discount@10,False,False,True,True,True,False
cart_001916,cust_000254,2026-07-10T04:32:00,696.35,3,mobile,False,60,4,20,True,3,1,technical_friction,send_reminder_whatsapp,True,False,False,True,True,True
cart_001917,cust_000888,2026-03-23T14:24:00,24616.12,2,mobile,False,720,14,818,True,1,0,high_cart_hesitation,offer_bounded_discount@5,False,False,False,False,False,False
cart_001918,cust_000413,2026-07-12T15:21:00,1420.85,4,mobile,True,60,15,179,False,0,0,price_sensitivity,offer_bounded_discount@10,True,False,True,True,True,True
cart_001919,cust_001012,2026-02-17T19:34:00,2213.87,5,desktop,True,60,19,190,False,0,0,price_sensitivity,offer_bounded_discount@10,False,False,False,False,True,False
cart_001920,cust_000803,2026-01-09T06:18:00,35345.08,3,desktop,True,180,6,336,True,2,1,technical_friction,send_reminder_email,True,False,True,False,True,True
cart_001921,cust_001090,2026-07-01T11:40:00,12741.92,1,mobile,True,1440,11,366,True,1,0,high_cart_hesitation,offer_bounded_discount@5,False,False,False,False,False,False
cart_001922,cust_000823,2026-03-31T09:49:00,4164.47,1,mobile,False,30,9,139,False,0,0,price_sensitivity,send_reminder_whatsapp,False,False,False,False,False,False
cart_001923,cust_000443,2026-03-06T19:49:00,6363.3,2,mobile,False,30,19,1016,False,1,0,high_cart_hesitation,offer_bounded_discount@5,False,False,False,False,False,False
cart_001924,cust_000936,2026-01-25T23:12:00,8355.8,4,mobile,False,1440,23,734,True,2,1,technical_friction,send_reminder_email,True,False,True,True,True,True
cart_001925,cust_000369,2026-02-19T00:03:00,3389.54,4,desktop,False,60,0,336,False,0,0,comparison_shopping,offer_bounded_discount@10,False,True,False,True,True,False
cart_001926,cust_001476,2026-07-20T20:37:00,11132.06,3,mobile,True,180,20,299,False,0,0,comparison_shopping,offer_bounded_discount@10,True,False,False,True,True,True
cart_001927,cust_000962,2026-07-16T17:19:00,3482.36,1,mobile,True,1440,17,310,True,0,0,price_sensitivity,offer_bounded_discount@5,False,False,False,False,False,True
cart_001928,cust_000815,2026-01-14T22:24:00,47619.68,2,desktop,False,1440,22,1224,False,0,0,high_cart_hesitation,send_reminder_email,False,False,False,False,False,False
cart_001929,cust_000358,2026-01-11T10:26:00,2781.9,2,desktop,True,60,10,309,False,0,0,price_sensitivity,send_reminder_email,False,False,False,False,True,True
cart_001930,cust_001075,2026-02-28T07:36:00,24020.4,1,mobile,False,30,7,866,True,0,0,high_cart_hesitation,send_reminder_email,False,False,False,False,False,False
cart_001931,cust_000367,2026-01-05T22:25:00,1194.5,4,desktop,False,60,22,291,False,0,0,price_sensitivity,send_reminder_email,False,False,False,False,False,True
cart_001932,cust_000229,2026-03-26T05:16:00,7677.3,2,desktop,True,60,5,912,False,0,0,high_cart_hesitation,send_reminder_whatsapp,False,True,False,False,True,False
cart_001933,cust_000292,2026-01-23T11:08:00,2102.67,1,mobile,True,30,11,480,True,2,2,technical_friction,offer_bounded_discount@5,True,True,True,True,True,True
cart_001934,cust_001405,2026-06-09T01:09:00,3008.19,4,desktop,True,60,1,1039,False,0,0,comparison_shopping,offer_bounded_discount@10,False,False,False,False,False,False
cart_001935,cust_000666,2026-05-05T14:38:00,4554.85,1,mobile,False,720,14,222,False,0,1,high_cart_hesitation,do_nothing,False,False,False,False,False,False
cart_001936,cust_001428,2026-01-27T03:49:00,9863.43,5,mobile,False,180,3,721,False,0,0,comparison_shopping,offer_bounded_discount@10,False,False,False,False,True,False
cart_001937,cust_000249,2026-01-26T16:59:00,344.09,1,desktop,True,1440,16,175,True,0,0,price_sensitivity,do_nothing,False,False,False,False,False,False
cart_001938,cust_000264,2026-02-08T21:49:00,25031.9,2,desktop,True,60,21,455,True,0,0,high_cart_hesitation,do_nothing,False,False,True,False,True,False
cart_001939,cust_000403,2026-04-01T07:14:00,2461.56,3,mobile,True,720,7,203,False,0,0,comparison_shopping,send_reminder_email,True,False,True,True,True,False
cart_001940,cust_000677,2026-07-19T00:11:00,2745.58,4,mobile,True,10,0,510,True,0,0,comparison_shopping,offer_bounded_discount@5,True,False,False,False,True,False
cart_001941,cust_001371,2026-07-09T18:42:00,7131.24,2,mobile,True,10,18,483,True,0,0,high_cart_hesitation,offer_bounded_discount@5,True,False,False,True,True,False
cart_001942,cust_000078,2026-06-20T13:20:00,3884.6,2,mobile,False,1440,13,341,False,0,0,price_sensitivity,offer_bounded_discount@10,True,False,False,False,False,True
cart_001943,cust_001096,2026-02-24T08:56:00,1100.66,2,mobile,True,10,8,307,True,0,0,price_sensitivity,send_reminder_whatsapp,False,True,False,False,True,True
cart_001944,cust_001093,2026-03-09T02:35:00,1935.95,3,desktop,False,30,2,166,False,0,0,price_sensitivity,do_nothing,False,False,False,True,True,False
cart_001945,cust_000047,2026-07-04T05:07:00,2083.07,3,desktop,False,60,5,481,True,0,2,technical_friction,offer_bounded_discount@10,False,False,False,False,False,False
cart_001946,cust_000823,2026-04-15T08:51:00,1504.3,2,mobile,True,30,8,202,False,1,0,price_sensitivity,offer_bounded_discount@5,False,False,False,False,False,False
cart_001947,cust_000445,2026-03-12T03:22:00,2303.4,7,mobile,True,30,3,169,True,1,0,technical_friction,do_nothing,False,False,True,True,False,True
cart_001948,cust_000657,2026-07-20T16:12:00,11641.86,1,mobile,True,1440,16,564,True,2,2,technical_friction,offer_bounded_discount@10,True,False,False,False,True,True
cart_001949,cust_000749,2026-04-22T15:34:00,1104.75,3,mobile,False,10,15,295,False,0,0,price_sensitivity,send_reminder_email,False,False,False,False,True,True
cart_001950,cust_000520,2026-03-14T07:00:00,2538.86,2,mobile,False,180,7,227,False,1,0,price_sensitivity,do_nothing,False,False,True,False,False,False
cart_001951,cust_000652,2026-03-08T15:01:00,8601.45,1,desktop,False,720,15,857,True,0,0,high_cart_hesitation,send_reminder_whatsapp,False,False,False,False,False,False
cart_001952,cust_000336,2026-01-15T23:34:00,920.17,1,desktop,False,1440,23,232,True,1,0,price_sensitivity,send_reminder_email,False,False,False,False,True,False
cart_001953,cust_000138,2026-04-04T21:25:00,1192.2,3,mobile,True,60,21,183,False,0,0,price_sensitivity,offer_bounded_discount@5,True,False,False,True,True,False
cart_001954,cust_001100,2026-05-28T02:07:00,6905.3,3,desktop,True,30,2,531,False,3,2,technical_friction,send_reminder_whatsapp,True,False,True,True,False,False
cart_001955,cust_000035,2026-07-18T08:59:00,13852.07,2,desktop,True,60,8,360,False,0,0,high_cart_hesitation,send_reminder_whatsapp,False,False,False,False,False,False
cart_001956,cust_000190,2026-03-17T08:04:00,9638.85,1,mobile,True,10,8,369,True,0,0,high_cart_hesitation,send_reminder_whatsapp,True,False,False,True,True,True
cart_001957,cust_000083,2026-02-16T05:16:00,4279.33,4,desktop,False,60,5,770,True,0,0,comparison_shopping,offer_bounded_discount@5,False,False,False,False,False,False
cart_001958,cust_001273,2026-01-15T19:04:00,2286.71,2,mobile,True,30,19,521,False,0,0,comparison_shopping,send_reminder_email,False,False,False,True,False,True
cart_001959,cust_000491,2026-04-29T16:22:00,19595.76,4,mobile,False,60,16,315,False,0,0,comparison_shopping,offer_bounded_discount@5,True,False,True,False,True,True
cart_001960,cust_000904,2026-03-17T00:28:00,223.75,4,mobile,False,10,0,259,False,0,0,price_sensitivity,send_reminder_email,False,False,False,True,False,False
cart_001961,cust_001075,2026-06-11T22:37:00,1143.05,4,tablet,False,1440,22,505,True,3,1,technical_friction,send_reminder_email,True,False,True,False,True,False
cart_001962,cust_001137,2026-01-09T18:50:00,943.52,4,desktop,False,10,18,72,False,0,0,price_sensitivity,send_reminder_whatsapp,False,False,True,False,True,False
cart_001963,cust_001104,2026-06-13T11:10:00,723.99,5,mobile,True,1440,11,143,True,0,0,price_sensitivity,send_reminder_email,False,False,False,False,False,False
cart_001964,cust_000627,2026-05-29T04:04:00,1739.13,1,mobile,True,30,4,531,True,3,0,technical_friction,do_nothing,False,False,True,True,True,True
cart_001965,cust_000192,2026-02-02T04:28:00,24456.66,2,mobile,True,30,4,347,False,1,0,comparison_shopping,send_reminder_whatsapp,True,False,False,True,False,False
cart_001966,cust_001478,2026-06-20T06:33:00,293.45,2,tablet,True,180,6,283,False,0,0,price_sensitivity,send_reminder_email,True,True,True,True,True,False
cart_001967,cust_000821,2026-04-07T18:29:00,9979.91,2,desktop,True,30,18,902,False,0,0,high_cart_hesitation,send_reminder_whatsapp,True,False,False,True,False,True
cart_001968,cust_000982,2026-02-22T13:40:00,21759.76,2,mobile,False,10,13,539,False,0,1,high_cart_hesitation,offer_bounded_discount@5,False,False,False,False,False,False
cart_001969,cust_000037,2026-05-10T10:57:00,5909.27,1,desktop,False,10,10,773,True,0,0,high_cart_hesitation,send_reminder_email,False,False,False,False,True,False
cart_001970,cust_001315,2026-04-12T07:05:00,864.45,1,mobile,True,10,7,378,True,1,0,price_sensitivity,offer_bounded_discount@10,False,False,True,True,True,False
cart_001971,cust_000526,2026-07-09T12:05:00,6477.09,3,mobile,True,60,12,1129,True,0,0,high_cart_hesitation,send_reminder_whatsapp,False,False,True,False,False,False
cart_001972,cust_001450,2026-01-16T12:31:00,11752.16,1,mobile,True,1440,12,384,False,0,0,comparison_shopping,offer_bounded_discount@5,True,False,False,True,True,False
cart_001973,cust_000163,2026-06-21T05:02:00,2828.65,4,mobile,True,1440,5,570,True,2,1,technical_friction,offer_bounded_discount@5,False,False,True,True,False,True
cart_001974,cust_001412,2026-03-03T03:20:00,3769.27,2,tablet,True,30,3,415,False,0,0,comparison_shopping,do_nothing,False,False,True,True,False,True
cart_001975,cust_000452,2026-05-10T22:15:00,1508.28,4,mobile,True,10,22,225,False,0,0,price_sensitivity,offer_bounded_discount@10,True,False,False,True,True,True
cart_001976,cust_000935,2026-06-28T15:14:00,14986.67,2,mobile,True,180,15,655,False,0,0,high_cart_hesitation,do_nothing,False,False,False,False,False,False
cart_001977,cust_001218,2026-02-16T11:39:00,1174.54,1,mobile,False,10,11,308,False,0,0,price_sensitivity,offer_bounded_discount@5,False,False,True,False,False,False
cart_001978,cust_000148,2026-05-22T16:19:00,3791.59,3,mobile,True,10,16,402,False,0,0,comparison_shopping,do_nothing,False,False,False,False,True,True
cart_001979,cust_001452,2026-06-27T07:32:00,4153.74,3,mobile,False,30,7,551,False,0,0,comparison_shopping,offer_bounded_discount@10,False,False,False,False,False,False
cart_001980,cust_000382,2026-01-28T19:17:00,2614.65,2,desktop,True,10,19,554,True,0,0,comparison_shopping,offer_bounded_discount@5,False,False,False,False,False,False
cart_001981,cust_000406,2026-04-19T10:01:00,1368.32,1,desktop,False,60,10,201,False,0,0,comparison_shopping,offer_bounded_discount@10,False,False,False,False,False,False
cart_001982,cust_000459,2026-07-07T13:07:00,5044.84,3,mobile,True,1440,13,444,False,0,0,comparison_shopping,send_reminder_whatsapp,True,False,False,True,False,True
cart_001983,cust_000540,2026-05-02T08:59:00,1913.95,3,mobile,True,720,8,354,False,0,0,comparison_shopping,offer_bounded_discount@10,True,False,True,False,True,True
cart_001984,cust_001068,2026-05-21T10:31:00,1826.4,4,mobile,True,60,10,135,False,0,0,price_sensitivity,do_nothing,True,True,False,True,False,True
cart_001985,cust_000841,2026-07-08T02:39:00,1604.56,3,mobile,True,180,2,77,False,0,0,price_sensitivity,offer_bounded_discount@5,True,True,False,True,True,False
cart_001986,cust_000533,2026-06-03T20:55:00,1322.57,3,desktop,False,10,20,237,False,0,0,price_sensitivity,send_reminder_email,False,False,False,False,True,False
cart_001987,cust_000768,2026-03-20T03:03:00,9771.84,1,mobile,True,10,3,509,False,0,0,comparison_shopping,offer_bounded_discount@5,True,False,True,True,True,False
cart_001988,cust_000397,2026-01-03T05:17:00,8639.58,1,mobile,True,10,5,385,False,0,0,high_cart_hesitation,send_reminder_whatsapp,False,False,False,False,False,False
cart_001989,cust_000059,2026-03-12T13:58:00,10020.75,2,desktop,False,30,13,134,True,2,2,technical_friction,send_reminder_email,False,False,False,True,True,True
cart_001990,cust_000941,2026-03-12T23:15:00,2999.19,2,tablet,True,10,23,589,True,1,0,comparison_shopping,offer_bounded_discount@10,True,True,True,True,True,True
cart_001991,cust_000363,2026-03-16T02:39:00,1718.41,7,tablet,True,30,2,486,False,1,0,comparison_shopping,do_nothing,True,True,True,True,False,True
cart_001992,cust_001458,2026-01-18T16:22:00,2202.58,2,mobile,True,30,16,200,True,2,2,technical_friction,send_reminder_email,True,False,True,True,True,True
cart_001993,cust_001426,2026-01-22T15:54:00,6389.58,2,mobile,True,10,15,750,True,1,0,high_cart_hesitation,offer_bounded_discount@10,True,True,True,False,True,True
cart_001994,cust_001280,2026-07-01T02:35:00,16999.27,1,desktop,True,180,2,540,True,0,0,comparison_shopping,offer_bounded_discount@5,True,False,True,True,True,True
cart_001995,cust_001087,2026-02-27T01:16:00,8836.91,3,desktop,True,10,1,764,True,0,0,high_cart_hesitation,offer_bounded_discount@5,True,False,False,False,True,False
cart_001996,cust_000576,2026-02-26T09:54:00,1175.05,3,tablet,True,60,9,651,False,0,0,comparison_shopping,do_nothing,False,False,False,False,False,True
cart_001997,cust_001270,2026-03-12T19:44:00,6793.05,2,desktop,False,180,19,265,True,2,1,technical_friction,offer_bounded_discount@10,False,False,False,False,False,False
cart_001998,cust_000970,2026-01-15T14:15:00,5099.22,1,desktop,True,180,14,913,True,0,0,high_cart_hesitation,offer_bounded_discount@10,False,False,False,False,False,False
cart_001999,cust_000412,2026-02-19T21:21:00,18270.74,1,mobile,False,10,21,535,True,0,1,high_cart_hesitation,do_nothing,False,False,False,False,False,False
cart_002000,cust_000247,2026-02-20T09:49:00,4002.91,1,desktop,True,10,9,366,False,1,0,comparison_shopping,offer_bounded_discount@5,True,False,False,False,True,True
cart_002001,cust_001007,2026-01-11T14:57:00,741.02,4,mobile,True,180,14,609,False,2,2,technical_friction,offer_bounded_discount@5,True,False,True,False,True,True
cart_002002,cust_001204,2026-07-07T09:25:00,2214.49,6,mobile,True,10,9,291,False,0,0,price_sensitivity,send_reminder_email,True,False,True,False,False,True
cart_002003,cust_000199,2026-07-12T07:15:00,1988.54,3,tablet,True,180,7,276,True,0,0,price_sensitivity,offer_bounded_discount@5,False,True,True,True,False,True
cart_002004,cust_001481,2026-05-13T06:40:00,1122.0,1,mobile,True,180,6,406,False,0,0,price_sensitivity,offer_bounded_discount@5,True,False,False,False,True,True
cart_002005,cust_001131,2026-04-12T10:14:00,12539.78,5,mobile,True,10,10,408,True,2,0,technical_friction,send_reminder_whatsapp,False,False,True,False,True,True
cart_002006,cust_000349,2026-04-13T08:02:00,10844.11,3,desktop,False,60,8,586,False,0,0,high_cart_hesitation,do_nothing,False,False,True,False,False,False
cart_002007,cust_001478,2026-02-23T19:17:00,9645.19,3,desktop,True,60,19,361,True,1,1,technical_friction,offer_bounded_discount@10,True,False,True,True,True,True
cart_002008,cust_001089,2026-03-20T06:52:00,1427.12,1,mobile,True,720,6,34,False,0,0,price_sensitivity,send_reminder_whatsapp,False,False,False,False,False,False
cart_002009,cust_000000,2026-03-30T04:54:00,1862.5,4,mobile,True,60,4,203,False,0,0,price_sensitivity,send_reminder_email,False,False,False,False,False,True
cart_002010,cust_000103,2026-03-29T08:27:00,3192.81,1,mobile,True,10,8,505,True,1,0,technical_friction,send_reminder_whatsapp,True,False,True,True,False,True
cart_002011,cust_000596,2026-02-14T08:45:00,22667.72,2,desktop,True,10,8,201,True,0,0,high_cart_hesitation,do_nothing,False,False,False,False,True,False
cart_002012,cust_000324,2026-05-19T14:28:00,14372.15,2,desktop,False,10,14,493,True,0,1,high_cart_hesitation,do_nothing,False,False,False,False,False,False
cart_002013,cust_000514,2026-05-28T08:48:00,1406.74,1,mobile,True,180,8,605,False,0,0,comparison_shopping,offer_bounded_discount@5,False,False,False,False,False,True
cart_002014,cust_001046,2026-07-11T13:26:00,816.1,2,mobile,True,60,13,243,False,0,0,price_sensitivity,offer_bounded_discount@10,False,False,True,False,False,False
cart_002015,cust_000650,2026-04-06T16:12:00,1901.4,2,mobile,True,1440,16,199,False,0,0,price_sensitivity,offer_bounded_discount@5,True,True,False,False,True,True
cart_002016,cust_001358,2026-02-16T16:34:00,16247.42,3,mobile,False,180,16,849,True,0,0,high_cart_hesitation,do_nothing,False,False,False,False,False,False
cart_002017,cust_000600,2026-04-17T12:40:00,10025.34,4,desktop,True,30,12,372,True,2,1,technical_friction,offer_bounded_discount@5,False,False,True,True,False,False
cart_002018,cust_001313,2026-01-05T12:33:00,1312.39,1,tablet,True,60,12,545,False,0,0,comparison_shopping,send_reminder_email,False,False,False,True,True,True
cart_002019,cust_000870,2026-04-21T13:42:00,1737.63,1,mobile,False,30,13,74,True,1,0,price_sensitivity,offer_bounded_discount@10,False,False,False,False,False,False
cart_002020,cust_000583,2026-01-25T12:53:00,14877.95,1,mobile,True,1440,12,379,True,1,0,high_cart_hesitation,offer_bounded_discount@5,False,True,False,False,False,False
cart_002021,cust_000730,2026-02-18T07:22:00,980.16,1,mobile,True,1440,7,213,False,0,0,price_sensitivity,send_reminder_whatsapp,True,False,False,True,False,False
cart_002022,cust_001023,2026-04-14T17:28:00,1446.19,4,desktop,True,30,17,170,True,0,0,price_sensitivity,offer_bounded_discount@10,False,False,False,False,False,False
cart_002023,cust_001058,2026-02-07T03:00:00,4105.93,4,mobile,True,30,3,425,True,1,2,technical_friction,offer_bounded_discount@10,True,True,True,True,True,True
cart_002024,cust_001024,2026-06-05T19:11:00,2905.36,1,mobile,True,180,19,493,True,2,1,technical_friction,do_nothing,False,False,False,False,True,True
cart_002025,cust_001236,2026-01-18T05:00:00,8695.79,1,mobile,True,180,5,652,False,1,0,comparison_shopping,send_reminder_email,False,False,False,True,True,False
cart_002026,cust_001115,2026-04-03T10:58:00,14558.47,4,mobile,True,60,10,391,True,2,1,technical_friction,offer_bounded_discount@5,True,False,False,True,True,True
cart_002027,cust_000416,2026-06-20T17:23:00,7045.61,4,mobile,True,10,17,485,True,0,1,technical_friction,do_nothing,False,False,False,True,True,True
cart_002028,cust_000157,2026-07-17T23:52:00,322.05,4,desktop,False,720,23,564,False,0,0,comparison_shopping,do_nothing,False,False,True,True,False,False
cart_002029,cust_000218,2026-05-29T01:39:00,12929.98,3,mobile,True,180,1,567,True,0,0,high_cart_hesitation,send_reminder_email,True,True,True,True,True,True
cart_002030,cust_000242,2026-02-10T17:12:00,1793.72,5,mobile,False,720,17,549,False,0,0,comparison_shopping,do_nothing,True,True,False,False,True,True
cart_002031,cust_001169,2026-03-30T04:56:00,2744.63,1,desktop,True,10,4,588,False,0,0,comparison_shopping,send_reminder_whatsapp,False,False,False,False,False,False
cart_002032,cust_000876,2026-02-22T22:26:00,716.66,6,tablet,True,30,22,248,True,0,0,price_sensitivity,offer_bounded_discount@10,True,False,True,True,True,True
cart_002033,cust_001245,2026-04-18T02:31:00,13315.5,2,mobile,True,1440,2,772,False,0,1,high_cart_hesitation,send_reminder_whatsapp,False,False,False,False,False,False
cart_002034,cust_000873,2026-02-12T11:40:00,8448.86,2,desktop,True,60,11,844,False,0,0,high_cart_hesitation,do_nothing,False,False,True,False,False,False
cart_002035,cust_000995,2026-01-29T21:17:00,2446.13,3,mobile,True,720,21,704,True,1,1,technical_friction,offer_bounded_discount@5,True,False,True,True,True,True
cart_002036,cust_000788,2026-07-01T01:00:00,7498.97,1,mobile,False,10,1,454,True,0,0,comparison_shopping,send_reminder_whatsapp,False,False,False,False,False,False
cart_002037,cust_000861,2026-06-13T22:32:00,1023.93,5,mobile,False,30,22,255,False,0,0,price_sensitivity,send_reminder_whatsapp,True,False,False,True,True,True
cart_002038,cust_001324,2026-06-22T00:52:00,1656.44,2,desktop,True,720,0,841,False,0,0,comparison_shopping,send_reminder_email,False,False,False,True,True,True
cart_002039,cust_000526,2026-02-25T15:44:00,1056.48,2,mobile,False,1440,15,72,False,0,0,price_sensitivity,send_reminder_whatsapp,False,False,False,False,True,False
cart_002040,cust_000606,2026-06-18T03:52:00,678.86,4,mobile,False,60,3,216,True,0,0,price_sensitivity,send_reminder_whatsapp,False,False,False,False,False,True
cart_002041,cust_000458,2026-06-17T11:06:00,1246.61,2,tablet,False,60,11,287,False,1,0,price_sensitivity,offer_bounded_discount@5,True,False,True,True,True,True
cart_002042,cust_000666,2026-03-10T13:02:00,3853.97,1,desktop,False,720,13,294,True,2,1,technical_friction,send_reminder_whatsapp,False,False,True,False,True,False
cart_002043,cust_000474,2026-02-09T18:46:00,6308.44,2,mobile,False,10,18,392,True,1,1,technical_friction,send_reminder_email,True,False,True,True,True,True
cart_002044,cust_001277,2026-06-03T06:18:00,3817.23,2,mobile,True,30,6,683,False,0,1,high_cart_hesitation,send_reminder_email,True,False,True,False,True,True
cart_002045,cust_001152,2026-04-04T12:29:00,2610.76,4,mobile,False,10,12,548,False,0,0,comparison_shopping,do_nothing,False,False,False,True,True,True
cart_002046,cust_001467,2026-01-27T04:30:00,2480.01,3,desktop,True,60,4,517,True,1,0,technical_friction,do_nothing,False,False,False,True,True,True
cart_002047,cust_001002,2026-07-06T12:57:00,7309.09,1,desktop,True,30,12,465,True,0,0,high_cart_hesitation,offer_bounded_discount@5,False,True,False,True,False,True
cart_002048,cust_000093,2026-02-07T14:44:00,1254.73,1,desktop,False,30,14,271,False,0,0,price_sensitivity,do_nothing,False,False,False,False,False,False
cart_002049,cust_000279,2026-03-09T14:01:00,1571.3,4,tablet,False,720,14,797,False,0,0,comparison_shopping,offer_bounded_discount@10,False,False,False,False,False,False
cart_002050,cust_001248,2026-04-08T08:40:00,1795.17,2,mobile,True,720,8,76,True,0,0,price_sensitivity,send_reminder_whatsapp,True,True,True,True,True,True
cart_002051,cust_000014,2026-01-28T21:06:00,3802.54,1,mobile,False,180,21,117,False,0,0,comparison_shopping,offer_bounded_discount@5,False,False,False,False,False,False
cart_002052,cust_001214,2026-01-26T21:54:00,11070.92,3,mobile,False,60,21,656,False,0,0,comparison_shopping,send_reminder_email,False,False,False,False,False,False
cart_002053,cust_000868,2026-01-02T23:41:00,4391.57,2,desktop,True,60,23,811,False,0,0,comparison_shopping,do_nothing,True,True,True,True,True,True
cart_002054,cust_000800,2026-06-21T15:35:00,4649.83,5,mobile,True,180,15,470,True,0,0,comparison_shopping,send_reminder_whatsapp,True,False,False,True,False,False
cart_002055,cust_000561,2026-05-12T13:56:00,150.0,4,desktop,True,60,13,110,True,0,0,price_sensitivity,offer_bounded_discount@5,False,False,False,False,False,True
cart_002056,cust_000014,2026-03-05T00:04:00,1376.99,7,desktop,True,60,0,466,False,0,0,comparison_shopping,send_reminder_email,True,True,True,True,True,True
cart_002057,cust_000588,2026-01-28T15:14:00,613.92,2,desktop,False,10,15,733,True,0,0,comparison_shopping,send_reminder_whatsapp,True,False,True,True,False,True
cart_002058,cust_000800,2026-06-23T14:51:00,1372.39,1,tablet,True,30,14,335,False,0,0,price_sensitivity,do_nothing,False,False,False,False,False,True
cart_002059,cust_001103,2026-06-29T01:14:00,3064.01,3,mobile,False,180,1,407,False,0,0,comparison_shopping,do_nothing,False,False,True,False,False,False
cart_002060,cust_000641,2026-01-17T09:43:00,743.81,1,desktop,True,60,9,192,False,0,0,price_sensitivity,offer_bounded_discount@5,True,False,False,True,True,True
cart_002061,cust_000438,2026-04-28T18:37:00,3263.07,3,desktop,True,1440,18,616,True,3,2,technical_friction,send_reminder_email,True,True,True,False,True,True
cart_002062,cust_000782,2026-02-01T06:09:00,13768.78,1,mobile,True,720,6,480,False,0,0,high_cart_hesitation,do_nothing,False,False,False,False,False,False
cart_002063,cust_000993,2026-02-05T15:55:00,2058.52,2,mobile,True,30,15,160,False,0,0,comparison_shopping,do_nothing,False,False,True,True,True,True
cart_002064,cust_001245,2026-07-05T03:43:00,1020.05,1,mobile,True,180,3,849,True,0,0,comparison_shopping,send_reminder_whatsapp,True,True,False,True,True,True
cart_002065,cust_000315,2026-03-13T22:59:00,1605.6,1,mobile,True,180,22,382,False,0,0,price_sensitivity,do_nothing,False,False,False,False,False,False
cart_002066,cust_001422,2026-03-03T16:39:00,4259.55,1,mobile,True,30,16,614,True,2,1,technical_friction,offer_bounded_discount@5,False,False,False,True,False,False
cart_002067,cust_000640,2026-05-30T16:41:00,2097.91,4,mobile,True,10,16,61,False,1,0,price_sensitivity,offer_bounded_discount@10,False,False,False,False,False,False
cart_002068,cust_000375,2026-06-14T16:56:00,2507.41,2,mobile,True,60,16,332,False,0,0,comparison_shopping,offer_bounded_discount@10,True,False,False,True,False,True
cart_002069,cust_000139,2026-01-10T21:53:00,5416.24,1,mobile,True,10,21,641,False,0,0,high_cart_hesitation,send_reminder_email,True,False,True,True,False,True
cart_002070,cust_000653,2026-03-24T06:26:00,11932.13,2,desktop,True,30,6,246,False,0,0,comparison_shopping,send_reminder_whatsapp,True,False,False,True,True,True
cart_002071,cust_000044,2026-02-02T16:05:00,4192.41,6,mobile,True,180,16,228,False,0,0,price_sensitivity,do_nothing,False,False,False,False,True,True
cart_002072,cust_001089,2026-04-21T03:04:00,3438.42,1,mobile,True,10,3,360,True,1,0,comparison_shopping,offer_bounded_discount@10,True,False,False,False,True,True
cart_002073,cust_000489,2026-03-22T18:44:00,417.65,4,desktop,True,180,18,136,True,0,0,price_sensitivity,offer_bounded_discount@10,False,False,False,False,False,False
cart_002074,cust_001430,2026-04-02T01:03:00,1854.0,2,mobile,True,1440,1,392,True,2,2,technical_friction,offer_bounded_discount@5,True,False,False,False,True,False
cart_002075,cust_001373,2026-03-05T08:22:00,1275.59,3,desktop,False,60,8,756,False,0,0,comparison_shopping,offer_bounded_discount@5,False,False,False,False,False,False
cart_002076,cust_001427,2026-05-05T20:44:00,388.61,1,desktop,False,30,20,257,False,1,0,price_sensitivity,do_nothing,True,True,True,True,True,True
cart_002077,cust_000774,2026-02-28T21:59:00,1152.9,3,mobile,True,720,21,241,False,0,0,price_sensitivity,do_nothing,False,False,False,False,False,True
cart_002078,cust_001114,2026-06-04T03:51:00,2457.8,1,mobile,True,10,3,959,False,0,0,comparison_shopping,do_nothing,False,False,False,False,True,False
cart_002079,cust_000799,2026-07-17T05:21:00,866.53,5,mobile,False,720,5,193,False,0,0,price_sensitivity,send_reminder_whatsapp,False,False,False,False,False,True
cart_002080,cust_000421,2026-03-13T17:47:00,14641.46,2,mobile,True,30,17,790,False,0,0,high_cart_hesitation,offer_bounded_discount@10,True,True,True,True,True,True
cart_002081,cust_000295,2026-03-31T05:06:00,1916.5,2,mobile,False,10,5,390,True,1,2,technical_friction,do_nothing,False,False,False,True,False,False
cart_002082,cust_001122,2026-06-10T21:08:00,807.27,3,mobile,False,180,21,280,False,0,0,price_sensitivity,offer_bounded_discount@5,True,False,False,False,True,False
cart_002083,cust_001148,2026-06-12T14:28:00,729.46,3,mobile,True,10,14,303,False,0,0,price_sensitivity,offer_bounded_discount@5,True,True,True,True,True,True
cart_002084,cust_000919,2026-04-22T00:47:00,45225.87,2,mobile,True,720,0,564,False,1,0,high_cart_hesitation,offer_bounded_discount@5,False,False,False,False,False,False
cart_002085,cust_000598,2026-02-24T09:57:00,3142.56,2,mobile,True,10,9,431,True,1,2,technical_friction,offer_bounded_discount@5,True,True,False,True,True,False
cart_002086,cust_000406,2026-06-25T12:28:00,16660.2,3,mobile,False,60,12,452,False,0,0,high_cart_hesitation,offer_bounded_discount@5,False,False,False,False,False,False
cart_002087,cust_001347,2026-01-02T04:20:00,681.54,5,mobile,True,1440,4,160,True,0,0,price_sensitivity,do_nothing,True,True,False,False,False,False
cart_002088,cust_000960,2026-05-31T07:23:00,1377.04,3,desktop,False,30,7,897,True,2,2,technical_friction,offer_bounded_discount@10,False,False,True,False,False,False
cart_002089,cust_001090,2026-01-31T03:09:00,1275.2,1,mobile,False,180,3,228,False,0,0,price_sensitivity,send_reminder_whatsapp,False,False,False,False,False,True
cart_002090,cust_001498,2026-01-24T22:54:00,44308.77,1,mobile,True,1440,22,775,False,0,0,high_cart_hesitation,do_nothing,False,False,False,False,False,False
cart_002091,cust_000950,2026-07-04T06:06:00,2791.84,1,desktop,True,1440,6,204,True,0,0,price_sensitivity,offer_bounded_discount@5,True,True,True,False,True,True
cart_002092,cust_001016,2026-03-25T19:23:00,11641.79,1,mobile,True,1440,19,763,False,0,0,high_cart_hesitation,offer_bounded_discount@10,True,True,False,False,True,True
cart_002093,cust_000672,2026-02-22T15:19:00,19918.26,1,mobile,True,60,15,167,True,0,0,comparison_shopping,offer_bounded_discount@10,False,False,False,False,False,False
cart_002094,cust_000936,2026-01-10T20:31:00,2878.77,3,mobile,False,30,20,210,True,1,0,comparison_shopping,offer_bounded_discount@5,True,False,False,False,True,True
cart_002095,cust_000436,2026-07-17T18:42:00,25973.13,2,desktop,True,10,18,754,True,0,0,high_cart_hesitation,send_reminder_whatsapp,False,False,False,False,False,False
cart_002096,cust_001210,2026-07-19T15:28:00,1103.76,4,desktop,False,30,15,427,False,0,0,comparison_shopping,offer_bounded_discount@5,False,False,True,True,False,True
cart_002097,cust_001012,2026-01-21T13:21:00,718.28,3,mobile,True,60,13,134,False,0,0,price_sensitivity,send_reminder_whatsapp,True,False,False,True,True,True
cart_002098,cust_000302,2026-05-22T04:05:00,1501.39,6,desktop,True,10,4,217,False,0,0,price_sensitivity,send_reminder_whatsapp,True,False,False,True,False,False
cart_002099,cust_001229,2026-06-17T06:40:00,12927.48,2,mobile,False,720,6,935,False,0,0,high_cart_hesitation,do_nothing,False,False,False,False,False,False
cart_002100,cust_001079,2026-05-28T04:20:00,7700.86,1,mobile,True,10,4,563,False,0,0,high_cart_hesitation,send_reminder_email,False,False,False,False,False,False
cart_002101,cust_000540,2026-03-09T11:53:00,1292.3,1,mobile,True,60,11,45,False,0,0,price_sensitivity,send_reminder_whatsapp,False,False,False,False,True,True
cart_002102,cust_001016,2026-02-13T20:11:00,786.05,1,desktop,False,180,20,451,False,0,0,comparison_shopping,send_reminder_email,True,False,True,False,True,False
cart_002103,cust_000914,2026-06-03T18:15:00,8315.23,1,desktop,False,30,18,292,True,1,2,technical_friction,offer_bounded_discount@10,True,True,True,True,True,True
cart_002104,cust_001215,2026-01-28T03:37:00,1606.0,2,tablet,True,10,3,262,False,1,0,price_sensitivity,offer_bounded_discount@5,False,False,False,False,False,False
cart_002105,cust_000005,2026-02-19T09:42:00,2985.08,1,tablet,True,10,9,621,True,3,2,technical_friction,do_nothing,False,False,True,True,False,True
cart_002106,cust_001428,2026-03-17T10:39:00,9405.93,3,mobile,False,30,10,342,False,0,0,comparison_shopping,offer_bounded_discount@10,False,False,True,True,True,False
cart_002107,cust_001396,2026-02-13T04:54:00,3490.23,3,mobile,False,180,4,493,True,2,2,technical_friction,offer_bounded_discount@10,True,True,False,True,True,True
cart_002108,cust_000749,2026-04-21T10:29:00,14596.99,1,mobile,False,60,10,1081,True,0,0,high_cart_hesitation,do_nothing,False,False,False,False,False,True
cart_002109,cust_000851,2026-03-24T02:07:00,1976.81,1,mobile,True,720,2,317,True,0,0,price_sensitivity,offer_bounded_discount@10,True,False,False,False,True,True
cart_002110,cust_000237,2026-01-28T01:49:00,1057.92,2,desktop,False,180,1,176,True,0,0,price_sensitivity,send_reminder_whatsapp,False,False,False,False,True,False
cart_002111,cust_001283,2026-02-20T13:00:00,13949.43,1,mobile,True,60,13,997,True,1,0,high_cart_hesitation,offer_bounded_discount@10,False,False,False,True,False,False
cart_002112,cust_000652,2026-03-25T22:28:00,6595.0,5,tablet,False,10,22,363,False,1,0,comparison_shopping,send_reminder_whatsapp,True,False,True,True,True,True
cart_002113,cust_000019,2026-01-06T02:36:00,8598.39,2,mobile,True,30,2,1073,True,0,0,high_cart_hesitation,offer_bounded_discount@10,False,False,False,True,False,False
cart_002114,cust_001360,2026-04-04T00:20:00,14524.01,2,mobile,True,720,0,731,True,1,2,technical_friction,do_nothing,False,False,False,True,False,True
cart_002115,cust_001335,2026-04-08T15:50:00,809.99,3,mobile,True,30,15,130,False,0,0,price_sensitivity,send_reminder_email,True,True,True,True,True,True
cart_002116,cust_000964,2026-04-28T18:01:00,4827.44,3,tablet,False,1440,18,80,False,0,0,comparison_shopping,send_reminder_email,True,False,True,False,False,False
cart_002117,cust_000848,2026-02-28T16:46:00,1164.53,4,mobile,True,30,16,101,False,0,0,price_sensitivity,offer_bounded_discount@10,True,False,True,False,False,True
cart_002118,cust_000783,2026-03-21T07:11:00,1518.03,1,mobile,True,30,7,1011,False,0,0,comparison_shopping,offer_bounded_discount@10,True,False,False,True,False,True
cart_002119,cust_000776,2026-01-16T14:51:00,4960.89,3,mobile,True,720,14,565,True,2,2,technical_friction,send_reminder_whatsapp,True,True,True,True,True,True
cart_002120,cust_000538,2026-03-05T15:39:00,7214.3,1,mobile,True,1440,15,1223,False,0,0,high_cart_hesitation,send_reminder_whatsapp,True,False,False,True,False,True
cart_002121,cust_000958,2026-04-02T22:26:00,9201.68,1,mobile,True,30,22,534,False,0,0,high_cart_hesitation,offer_bounded_discount@10,True,False,False,False,True,True
cart_002122,cust_000424,2026-04-22T02:55:00,5070.04,3,desktop,True,720,2,732,False,0,0,comparison_shopping,offer_bounded_discount@10,True,False,False,False,False,True
cart_002123,cust_001491,2026-01-08T22:36:00,34355.96,1,mobile,False,720,22,578,False,1,0,high_cart_hesitation,offer_bounded_discount@5,False,False,False,False,False,False
cart_002124,cust_000279,2026-06-29T20:50:00,523.8,6,mobile,True,720,20,171,False,0,0,comparison_shopping,do_nothing,True,True,False,True,True,True
cart_002125,cust_000690,2026-03-08T03:29:00,15605.92,2,mobile,True,30,3,562,True,0,0,high_cart_hesitation,offer_bounded_discount@5,True,False,True,True,True,False
cart_002126,cust_000749,2026-04-11T22:16:00,1848.73,1,desktop,False,30,22,215,False,0,0,price_sensitivity,offer_bounded_discount@10,True,False,True,True,True,True
cart_002127,cust_001311,2026-04-01T04:23:00,9442.59,1,desktop,True,10,4,535,False,0,0,comparison_shopping,offer_bounded_discount@10,False,True,False,True,True,False
cart_002128,cust_000100,2026-02-10T17:31:00,891.27,6,mobile,True,10,17,238,True,0,0,price_sensitivity,offer_bounded_discount@5,False,False,False,False,False,False
cart_002129,cust_001074,2026-06-28T20:22:00,45107.07,3,desktop,True,30,20,550,True,0,0,comparison_shopping,offer_bounded_discount@5,False,False,False,False,False,False
cart_002130,cust_000250,2026-04-11T20:15:00,10615.12,2,mobile,True,180,20,764,False,0,0,high_cart_hesitation,send_reminder_email,False,False,False,False,False,False
cart_002131,cust_000515,2026-04-28T09:09:00,3494.79,2,desktop,True,180,9,312,True,1,1,technical_friction,send_reminder_whatsapp,True,False,False,True,True,False
cart_002132,cust_000428,2026-04-19T09:12:00,1375.96,2,desktop,True,1440,9,203,True,0,0,price_sensitivity,send_reminder_whatsapp,False,False,False,False,False,False
cart_002133,cust_000870,2026-03-29T09:46:00,12360.64,4,desktop,False,30,9,555,True,1,0,comparison_shopping,send_reminder_email,False,False,False,False,False,True
cart_002134,cust_000296,2026-06-01T09:36:00,550.6,1,mobile,True,60,9,91,True,1,0,price_sensitivity,send_reminder_whatsapp,True,False,False,True,True,True
cart_002135,cust_000337,2026-02-01T14:24:00,759.98,4,desktop,True,720,14,73,False,0,0,price_sensitivity,offer_bounded_discount@5,False,True,False,False,False,False
cart_002136,cust_000035,2026-04-18T22:03:00,3167.06,4,mobile,True,180,22,191,False,0,0,price_sensitivity,offer_bounded_discount@5,False,False,False,False,False,False
cart_002137,cust_001240,2026-01-29T14:22:00,1017.73,1,mobile,True,720,14,803,False,0,0,comparison_shopping,offer_bounded_discount@10,False,False,False,False,False,False
cart_002138,cust_001100,2026-03-24T19:01:00,5712.4,2,desktop,True,720,19,710,True,0,0,comparison_shopping,do_nothing,False,False,False,True,False,False
cart_002139,cust_001339,2026-02-06T21:56:00,11462.58,3,mobile,False,30,21,511,False,0,0,comparison_shopping,send_reminder_whatsapp,False,False,False,False,False,False
cart_002140,cust_000939,2026-03-13T08:18:00,5857.47,2,mobile,True,180,8,679,True,3,2,technical_friction,offer_bounded_discount@10,True,True,True,True,True,True
cart_002141,cust_000147,2026-05-30T14:28:00,1451.78,2,desktop,True,30,14,124,False,1,0,price_sensitivity,offer_bounded_discount@5,True,False,True,True,True,True
cart_002142,cust_000161,2026-05-24T03:31:00,1954.84,4,mobile,False,720,3,390,True,0,0,technical_friction,send_reminder_whatsapp,True,False,False,True,True,False
cart_002143,cust_001388,2026-06-24T15:21:00,3367.67,6,mobile,True,30,15,363,True,0,0,comparison_shopping,offer_bounded_discount@10,True,False,False,False,False,True
cart_002144,cust_000759,2026-01-06T13:35:00,8915.83,3,tablet,True,30,13,979,True,0,0,high_cart_hesitation,send_reminder_email,True,False,True,False,True,False
cart_002145,cust_000920,2026-06-13T12:19:00,719.09,3,mobile,True,30,12,228,False,0,0,price_sensitivity,do_nothing,False,False,True,True,True,True
cart_002146,cust_000075,2026-06-14T09:06:00,3180.85,4,mobile,True,30,9,220,False,0,0,price_sensitivity,do_nothing,False,False,True,False,True,True
cart_002147,cust_001446,2026-01-02T23:15:00,4501.62,4,mobile,True,1440,23,20,True,2,1,technical_friction,offer_bounded_discount@10,True,False,True,True,True,True
cart_002148,cust_000845,2026-04-29T21:10:00,3838.07,6,tablet,False,30,21,305,False,0,0,price_sensitivity,offer_bounded_discount@5,True,False,True,True,True,True
cart_002149,cust_000870,2026-01-10T02:32:00,3450.75,2,desktop,False,30,2,581,True,1,1,technical_friction,offer_bounded_discount@10,True,False,False,True,False,True
cart_002150,cust_000904,2026-07-09T06:16:00,1178.18,3,mobile,True,10,6,298,False,0,0,price_sensitivity,offer_bounded_discount@10,True,False,False,False,True,True
cart_002151,cust_000279,2026-06-21T14:03:00,4851.78,3,desktop,True,60,14,96,False,0,0,price_sensitivity,send_reminder_whatsapp,False,True,True,False,True,True
cart_002152,cust_000468,2026-03-28T06:04:00,443.49,1,desktop,False,10,6,103,False,0,0,price_sensitivity,offer_bounded_discount@10,False,False,False,False,False,False
cart_002153,cust_001272,2026-07-09T07:21:00,14648.47,2,desktop,True,180,7,593,True,0,0,high_cart_hesitation,send_reminder_whatsapp,False,False,False,False,False,False
cart_002154,cust_000689,2026-06-13T08:30:00,3399.3,1,desktop,False,60,8,362,False,0,0,price_sensitivity,send_reminder_email,False,False,False,False,True,False
cart_002155,cust_000095,2026-02-18T18:44:00,3272.88,3,desktop,True,10,18,538,False,0,0,comparison_shopping,offer_bounded_discount@5,False,False,False,False,False,False
cart_002156,cust_001109,2026-05-24T08:15:00,8675.89,3,mobile,True,60,8,367,False,0,0,comparison_shopping,send_reminder_email,True,False,True,False,False,False
cart_002157,cust_000201,2026-05-19T00:35:00,8908.43,2,mobile,True,60,0,489,False,0,0,high_cart_hesitation,send_reminder_email,False,False,False,False,False,True
cart_002158,cust_000259,2026-03-24T20:47:00,11237.11,5,desktop,True,180,20,646,True,2,0,technical_friction,do_nothing,False,False,True,True,True,False
cart_002159,cust_000596,2026-07-02T06:57:00,725.62,5,mobile,True,720,6,358,False,0,0,price_sensitivity,offer_bounded_discount@10,False,False,False,False,False,False
cart_002160,cust_000072,2026-02-19T17:08:00,8651.92,4,mobile,True,10,17,164,False,0,0,comparison_shopping,send_reminder_whatsapp,True,False,False,True,False,False
cart_002161,cust_000269,2026-06-11T06:01:00,3718.91,3,mobile,True,720,6,206,True,0,0,price_sensitivity,offer_bounded_discount@5,False,False,True,False,False,False
cart_002162,cust_000911,2026-02-06T10:13:00,4950.07,1,mobile,True,10,10,981,False,0,1,high_cart_hesitation,offer_bounded_discount@10,True,False,True,False,False,True
cart_002163,cust_000074,2026-03-25T02:42:00,4247.88,3,mobile,True,30,2,283,True,3,0,technical_friction,send_reminder_whatsapp,True,False,False,True,True,True
cart_002164,cust_001384,2026-06-10T05:27:00,1049.08,2,mobile,True,60,5,270,False,0,0,price_sensitivity,send_reminder_whatsapp,True,True,False,True,True,True
cart_002165,cust_001072,2026-01-09T11:07:00,35917.48,1,mobile,True,1440,11,419,True,0,1,high_cart_hesitation,offer_bounded_discount@10,False,False,False,False,False,False
cart_002166,cust_001233,2026-01-23T03:50:00,2220.18,1,mobile,True,720,3,264,False,0,0,price_sensitivity,do_nothing,False,False,False,False,False,False
cart_002167,cust_000988,2026-07-02T23:52:00,2311.97,3,mobile,True,1440,23,356,False,0,0,comparison_shopping,offer_bounded_discount@5,False,False,False,False,False,False
cart_002168,cust_000606,2026-06-08T09:21:00,1683.91,5,mobile,True,720,9,195,True,0,0,price_sensitivity,send_reminder_whatsapp,False,False,False,False,False,False
cart_002169,cust_001046,2026-03-31T19:31:00,8586.16,1,mobile,True,180,19,452,True,0,0,high_cart_hesitation,do_nothing,False,False,False,False,False,False
cart_002170,cust_000754,2026-07-07T05:54:00,13206.74,2,mobile,True,10,5,816,False,0,0,high_cart_hesitation,offer_bounded_discount@5,False,False,False,False,False,False
cart_002171,cust_000000,2026-07-10T00:27:00,10547.98,4,tablet,True,60,0,379,True,1,2,technical_friction,offer_bounded_discount@10,False,True,True,True,True,False
cart_002172,cust_001435,2026-01-12T14:20:00,24244.48,2,desktop,True,30,14,1062,False,0,0,high_cart_hesitation,offer_bounded_discount@10,False,False,False,True,False,False
cart_002173,cust_001083,2026-05-26T18:14:00,7540.08,1,mobile,True,10,18,521,True,0,1,technical_friction,send_reminder_whatsapp,True,False,False,True,False,True
cart_002174,cust_000335,2026-07-04T06:07:00,5342.91,7,desktop,False,1440,6,108,True,3,0,technical_friction,send_reminder_email,True,True,True,True,True,True
cart_002175,cust_000999,2026-01-31T06:49:00,5288.81,1,desktop,True,180,6,20,True,0,0,high_cart_hesitation,offer_bounded_discount@5,False,False,False,False,False,True
cart_002176,cust_000188,2026-01-12T02:47:00,650.31,2,mobile,False,30,2,195,True,0,0,price_sensitivity,offer_bounded_discount@5,True,False,False,True,True,True
cart_002177,cust_000809,2026-01-07T04:55:00,6843.43,1,desktop,True,720,4,845,True,0,0,high_cart_hesitation,send_reminder_email,False,False,False,False,False,False
cart_002178,cust_000680,2026-06-28T15:38:00,1260.54,2,mobile,True,60,15,81,True,0,0,price_sensitivity,offer_bounded_discount@5,False,False,False,False,False,True
cart_002179,cust_001320,2026-06-24T03:02:00,4997.12,1,mobile,True,30,3,709,False,0,0,comparison_shopping,do_nothing,False,False,False,True,False,True
cart_002180,cust_000770,2026-03-10T07:18:00,20880.52,2,mobile,True,720,7,728,True,1,0,high_cart_hesitation,offer_bounded_discount@5,False,False,False,False,False,False
cart_002181,cust_000859,2026-04-24T12:37:00,1988.46,2,desktop,True,180,12,121,True,0,0,price_sensitivity,send_reminder_whatsapp,False,False,False,False,True,True
cart_002182,cust_000036,2026-01-31T22:54:00,12492.3,2,desktop,True,60,22,404,True,0,1,technical_friction,do_nothing,False,False,True,True,True,True
cart_002183,cust_001478,2026-03-26T14:26:00,6742.21,2,desktop,True,10,14,595,True,0,0,high_cart_hesitation,send_reminder_whatsapp,False,False,False,False,False,False
cart_002184,cust_000626,2026-07-14T08:43:00,6654.42,2,mobile,True,180,8,105,False,1,0,price_sensitivity,send_reminder_email,False,False,False,False,True,False
cart_002185,cust_000639,2026-05-18T04:12:00,2797.42,2,mobile,True,30,4,378,True,0,0,price_sensitivity,offer_bounded_discount@10,True,False,False,False,True,True
cart_002186,cust_001415,2026-05-30T16:14:00,678.29,3,mobile,True,1440,16,268,True,0,0,price_sensitivity,offer_bounded_discount@5,False,False,False,False,False,False
cart_002187,cust_000055,2026-01-25T09:09:00,1688.55,3,desktop,True,60,9,564,True,0,0,comparison_shopping,offer_bounded_discount@5,False,False,False,False,False,False
cart_002188,cust_001226,2026-02-22T08:06:00,1785.03,1,tablet,True,180,8,169,False,0,0,price_sensitivity,offer_bounded_discount@5,True,True,True,True,True,True
cart_002189,cust_000854,2026-03-16T01:58:00,6714.8,1,tablet,True,60,1,483,True,0,1,high_cart_hesitation,send_reminder_whatsapp,False,False,False,False,False,False
cart_002190,cust_001181,2026-02-09T18:51:00,595.8,5,mobile,True,180,18,230,False,1,0,price_sensitivity,offer_bounded_discount@5,False,False,False,False,False,False
cart_002191,cust_000379,2026-06-13T11:08:00,3212.81,1,mobile,False,60,11,20,True,0,0,price_sensitivity,offer_bounded_discount@10,False,False,False,False,False,False
cart_002192,cust_000775,2026-05-29T05:58:00,14904.41,3,mobile,False,30,5,823,True,0,0,high_cart_hesitation,send_reminder_email,False,False,False,False,False,False
cart_002193,cust_000340,2026-03-20T10:59:00,3854.52,5,desktop,True,1440,10,470,False,0,0,comparison_shopping,send_reminder_email,False,False,False,True,False,True
cart_002194,cust_001203,2026-04-12T11:24:00,945.32,4,desktop,True,30,11,187,False,0,0,price_sensitivity,send_reminder_whatsapp,False,False,False,False,True,False
cart_002195,cust_001351,2026-05-08T20:05:00,13464.84,2,mobile,False,60,20,696,False,1,0,high_cart_hesitation,send_reminder_whatsapp,False,False,True,False,True,True
cart_002196,cust_000132,2026-01-09T02:38:00,2946.69,2,desktop,True,60,2,564,True,1,1,technical_friction,do_nothing,False,False,True,True,True,True
cart_002197,cust_000056,2026-01-14T07:15:00,4833.44,3,desktop,False,60,7,632,False,0,0,high_cart_hesitation,offer_bounded_discount@5,False,False,False,False,False,False
cart_002198,cust_001070,2026-06-17T07:22:00,58284.95,3,desktop,False,30,7,650,False,0,0,comparison_shopping,offer_bounded_discount@5,False,False,False,False,False,False
cart_002199,cust_001007,2026-06-09T17:42:00,2374.77,2,mobile,True,10,17,464,True,1,0,technical_friction,send_reminder_email,True,True,True,True,True,True
cart_002200,cust_001250,2026-01-21T11:26:00,1217.98,2,mobile,True,180,11,347,True,1,0,technical_friction,offer_bounded_discount@5,False,False,True,False,False,True
cart_002201,cust_001318,2026-04-06T11:25:00,3160.69,3,mobile,True,10,11,486,True,0,1,high_cart_hesitation,offer_bounded_discount@5,True,False,False,True,True,True
cart_002202,cust_000621,2026-04-11T20:59:00,10287.42,1,mobile,True,1440,20,993,True,0,0,high_cart_hesitation,offer_bounded_discount@5,False,False,False,False,False,False
cart_002203,cust_001318,2026-03-30T16:01:00,1874.92,1,tablet,True,30,16,166,False,0,0,price_sensitivity,offer_bounded_discount@5,True,False,False,False,True,True
cart_002204,cust_000447,2026-01-23T19:57:00,1028.37,1,desktop,True,1440,19,92,False,0,0,price_sensitivity,offer_bounded_discount@10,False,False,True,True,False,False
cart_002205,cust_001303,2026-01-10T05:17:00,15079.96,1,mobile,False,720,5,654,True,0,0,high_cart_hesitation,offer_bounded_discount@5,False,False,False,False,False,True
cart_002206,cust_000929,2026-06-26T15:03:00,4846.09,1,mobile,False,60,15,149,True,3,1,technical_friction,offer_bounded_discount@10,False,False,False,True,False,False
cart_002207,cust_001101,2026-06-22T04:30:00,10171.05,1,desktop,True,720,4,975,True,0,1,high_cart_hesitation,offer_bounded_discount@10,True,False,True,False,False,True
cart_002208,cust_001059,2026-03-26T14:04:00,13486.32,2,mobile,True,1440,14,354,True,3,2,technical_friction,send_reminder_whatsapp,True,False,False,True,False,True
cart_002209,cust_001219,2026-03-05T16:07:00,1884.29,2,mobile,True,720,16,226,False,0,0,comparison_shopping,offer_bounded_discount@5,False,False,False,False,False,True
cart_002210,cust_000612,2026-01-25T12:35:00,5058.5,3,mobile,False,180,12,643,True,1,2,technical_friction,do_nothing,False,False,True,True,False,True
cart_002211,cust_001371,2026-04-17T23:43:00,14217.21,3,mobile,True,10,23,956,False,0,0,high_cart_hesitation,send_reminder_whatsapp,False,False,False,False,False,False
cart_002212,cust_001275,2026-05-09T08:44:00,1614.04,2,mobile,False,60,8,304,False,1,0,price_sensitivity,send_reminder_whatsapp,True,False,False,True,True,True
cart_002213,cust_001247,2026-03-27T04:50:00,2189.2,3,mobile,True,180,4,254,False,0,0,price_sensitivity,send_reminder_whatsapp,False,False,False,False,False,False
cart_002214,cust_000274,2026-07-08T12:33:00,419.4,4,desktop,True,30,12,227,True,1,0,price_sensitivity,offer_bounded_discount@10,True,False,False,False,True,True
cart_002215,cust_000295,2026-06-22T01:03:00,7207.97,1,desktop,True,1440,1,551,False,0,0,high_cart_hesitation,offer_bounded_discount@5,False,False,False,False,False,False
cart_002216,cust_000488,2026-07-11T19:58:00,12111.68,1,mobile,True,720,19,831,True,0,0,high_cart_hesitation,send_reminder_email,False,False,False,False,False,False
cart_002217,cust_000129,2026-02-02T19:20:00,3420.54,1,desktop,False,720,19,433,True,1,0,technical_friction,offer_bounded_discount@10,True,False,False,False,False,True
cart_002218,cust_001052,2026-05-14T10:53:00,14634.18,1,mobile,True,720,10,743,False,0,0,high_cart_hesitation,offer_bounded_discount@5,False,False,False,False,False,False
cart_002219,cust_001057,2026-04-06T15:35:00,14223.19,1,desktop,True,60,15,1048,False,1,0,high_cart_hesitation,do_nothing,False,False,True,False,False,True
cart_002220,cust_000217,2026-04-02T20:03:00,797.21,2,tablet,True,10,20,610,False,1,0,comparison_shopping,send_reminder_whatsapp,True,False,True,True,True,False
cart_002221,cust_001393,2026-03-11T17:48:00,10080.79,7,desktop,True,720,17,479,True,1,2,technical_friction,offer_bounded_discount@10,True,False,True,True,True,True
cart_002222,cust_000228,2026-06-26T19:13:00,9118.86,1,mobile,False,10,19,224,True,1,1,technical_friction,send_reminder_whatsapp,True,False,True,True,False,False
cart_002223,cust_000966,2026-05-08T14:03:00,502.77,1,desktop,True,180,14,135,False,0,0,price_sensitivity,send_reminder_email,False,False,False,False,False,False
cart_002224,cust_000565,2026-01-07T10:23:00,871.75,1,desktop,True,10,10,632,True,0,0,comparison_shopping,offer_bounded_discount@5,False,False,False,False,False,False
cart_002225,cust_001072,2026-04-14T02:29:00,3883.46,3,mobile,True,1440,2,449,True,0,0,high_cart_hesitation,offer_bounded_discount@10,False,False,False,True,False,False
cart_002226,cust_000584,2026-01-08T20:07:00,3173.54,2,mobile,True,10,20,138,False,0,0,comparison_shopping,do_nothing,False,False,False,False,False,False
cart_002227,cust_000732,2026-01-05T23:41:00,10857.4,1,mobile,True,180,23,935,True,0,0,high_cart_hesitation,send_reminder_whatsapp,False,False,False,False,False,False
cart_002228,cust_000786,2026-03-08T11:38:00,5416.11,5,desktop,True,180,11,120,True,0,0,price_sensitivity,offer_bounded_discount@5,True,False,False,False,True,True
cart_002229,cust_001438,2026-06-25T22:58:00,1661.33,1,mobile,True,720,22,213,False,0,0,price_sensitivity,send_reminder_whatsapp,False,False,False,False,False,False
cart_002230,cust_000276,2026-04-28T13:44:00,4121.98,2,mobile,True,1440,13,381,False,1,0,comparison_shopping,offer_bounded_discount@5,True,False,False,True,True,False
cart_002231,cust_001119,2026-01-17T20:59:00,5266.46,2,mobile,True,720,20,334,True,1,2,technical_friction,send_reminder_whatsapp,True,True,True,True,True,True
cart_002232,cust_001419,2026-01-11T08:36:00,5312.0,2,mobile,True,30,8,888,True,1,0,high_cart_hesitation,offer_bounded_discount@5,False,False,False,False,False,False
cart_002233,cust_000670,2026-04-01T00:30:00,3236.01,1,mobile,True,720,0,170,True,0,0,price_sensitivity,send_reminder_whatsapp,False,False,False,False,False,False
cart_002234,cust_000996,2026-04-25T19:02:00,1407.34,2,mobile,False,60,19,222,True,0,0,price_sensitivity,do_nothing,False,False,False,False,True,False
cart_002235,cust_001467,2026-03-23T18:07:00,18060.98,6,mobile,True,720,18,198,True,2,2,technical_friction,offer_bounded_discount@5,True,True,True,False,True,True
cart_002236,cust_000202,2026-02-11T21:20:00,944.15,1,mobile,False,60,21,291,True,0,0,price_sensitivity,offer_bounded_discount@10,True,False,True,True,False,True
cart_002237,cust_000417,2026-01-17T06:13:00,1280.1,4,mobile,True,60,6,403,False,0,0,price_sensitivity,do_nothing,False,False,False,False,True,False
cart_002238,cust_000426,2026-03-11T02:25:00,2793.38,3,desktop,True,30,2,164,False,0,0,price_sensitivity,offer_bounded_discount@10,True,False,False,True,False,True
cart_002239,cust_001280,2026-01-29T02:28:00,1406.47,3,desktop,True,180,2,290,False,0,0,price_sensitivity,do_nothing,False,False,False,False,False,False
cart_002240,cust_000602,2026-03-03T15:16:00,13611.61,3,mobile,True,1440,15,803,False,1,0,high_cart_hesitation,do_nothing,False,False,False,False,False,False
cart_002241,cust_000426,2026-01-16T20:49:00,1103.13,2,tablet,True,1440,20,450,True,2,1,technical_friction,offer_bounded_discount@10,True,True,False,True,False,True
cart_002242,cust_001293,2026-05-17T12:28:00,222.01,4,desktop,True,10,12,171,False,0,0,price_sensitivity,send_reminder_whatsapp,True,False,False,True,False,False
cart_002243,cust_000878,2026-04-25T20:54:00,1844.24,1,desktop,False,180,20,122,False,0,0,comparison_shopping,offer_bounded_discount@10,True,False,True,False,False,True
cart_002244,cust_000621,2026-06-25T10:44:00,2139.38,5,mobile,False,1440,10,826,True,0,0,comparison_shopping,offer_bounded_discount@10,True,False,False,True,True,True
cart_002245,cust_000879,2026-04-26T09:40:00,4713.56,1,desktop,True,720,9,367,False,0,0,comparison_shopping,offer_bounded_discount@5,True,False,False,False,True,True
cart_002246,cust_000607,2026-02-20T00:50:00,2156.94,5,desktop,True,60,0,606,False,0,0,comparison_shopping,send_reminder_whatsapp,True,False,False,True,True,True
cart_002247,cust_001229,2026-03-29T08:04:00,11191.1,1,mobile,False,180,8,347,True,0,0,comparison_shopping,send_reminder_whatsapp,False,False,False,False,False,False
cart_002248,cust_001353,2026-03-10T07:41:00,1056.04,2,desktop,True,30,7,277,False,0,0,comparison_shopping,offer_bounded_discount@10,False,False,False,False,True,False
cart_002249,cust_001124,2026-07-16T23:00:00,5702.16,4,mobile,False,1440,23,643,False,0,0,comparison_shopping,send_reminder_whatsapp,False,False,False,False,False,True
cart_002250,cust_001358,2026-07-19T15:33:00,14661.08,3,mobile,False,1440,15,636,False,0,0,high_cart_hesitation,send_reminder_whatsapp,False,False,False,False,True,True
cart_002251,cust_000610,2026-05-22T05:02:00,2507.93,4,desktop,False,60,5,259,True,0,0,comparison_shopping,send_reminder_email,False,False,False,False,True,True
cart_002252,cust_001342,2026-01-01T06:05:00,4691.52,2,mobile,True,60,6,623,False,1,0,high_cart_hesitation,offer_bounded_discount@10,False,False,False,False,False,False
cart_002253,cust_000729,2026-05-02T22:25:00,20227.34,1,mobile,True,10,22,603,True,0,0,high_cart_hesitation,send_reminder_whatsapp,True,False,True,True,False,True
cart_002254,cust_001498,2026-02-22T01:16:00,1784.85,1,mobile,False,60,1,658,False,0,0,comparison_shopping,offer_bounded_discount@5,False,False,False,False,False,False
cart_002255,cust_000835,2026-01-21T13:47:00,3532.25,1,tablet,True,60,13,118,False,1,0,price_sensitivity,send_reminder_email,False,False,False,False,False,False
cart_002256,cust_000573,2026-02-05T16:16:00,56537.75,3,mobile,False,180,16,543,True,3,2,technical_friction,do_nothing,False,False,True,True,False,True
cart_002257,cust_000178,2026-01-30T06:14:00,4222.88,4,mobile,True,30,6,467,False,0,0,comparison_shopping,offer_bounded_discount@5,False,False,False,False,False,False
cart_002258,cust_000688,2026-07-13T13:30:00,3673.23,4,desktop,True,10,13,193,False,1,0,price_sensitivity,send_reminder_email,False,False,False,False,False,True
cart_002259,cust_000422,2026-04-09T04:03:00,5335.02,4,mobile,True,180,4,595,False,1,0,comparison_shopping,send_reminder_whatsapp,False,False,True,False,False,False
cart_002260,cust_000204,2026-01-15T13:56:00,1728.72,1,mobile,False,1440,13,769,True,0,0,comparison_shopping,offer_bounded_discount@10,False,False,False,False,False,False
cart_002261,cust_001098,2026-02-03T18:43:00,2265.48,3,desktop,True,30,18,536,False,0,0,comparison_shopping,send_reminder_email,False,True,False,True,True,False
cart_002262,cust_001175,2026-07-17T21:12:00,1751.23,4,mobile,False,30,21,376,True,2,0,technical_friction,offer_bounded_discount@10,True,False,False,True,True,True
cart_002263,cust_000608,2026-03-20T11:53:00,710.52,2,desktop,False,30,11,101,False,0,0,price_sensitivity,send_reminder_email,False,False,False,False,True,True
cart_002264,cust_000287,2026-01-12T05:40:00,16148.32,1,mobile,True,60,5,589,False,0,0,high_cart_hesitation,offer_bounded_discount@10,False,False,False,False,False,False
cart_002265,cust_000356,2026-05-20T16:33:00,20277.17,3,desktop,True,60,16,955,False,0,0,high_cart_hesitation,offer_bounded_discount@5,False,False,False,False,False,False
cart_002266,cust_000358,2026-03-28T15:18:00,1023.88,5,mobile,True,1440,15,374,False,1,0,comparison_shopping,send_reminder_whatsapp,False,False,False,False,False,False
cart_002267,cust_000331,2026-05-23T18:40:00,13551.96,1,desktop,False,60,18,553,True,1,0,comparison_shopping,do_nothing,False,False,False,False,False,True
cart_002268,cust_000005,2026-05-02T16:05:00,8617.67,2,mobile,True,10,16,740,True,0,0,high_cart_hesitation,offer_bounded_discount@10,True,False,False,False,False,True
cart_002269,cust_000493,2026-02-11T07:59:00,282.95,2,desktop,True,30,7,461,True,1,1,technical_friction,offer_bounded_discount@10,False,False,False,False,False,False
cart_002270,cust_001360,2026-07-19T08:28:00,5328.07,4,mobile,False,10,8,142,True,0,0,price_sensitivity,send_reminder_email,True,False,True,False,True,True
cart_002271,cust_000568,2026-02-08T21:18:00,848.87,1,mobile,True,180,21,363,False,0,0,price_sensitivity,offer_bounded_discount@5,False,False,False,False,False,False
cart_002272,cust_000986,2026-05-31T16:36:00,5986.88,5,mobile,True,720,16,682,True,1,1,technical_friction,offer_bounded_discount@10,True,False,True,True,True,True
cart_002273,cust_001324,2026-02-24T07:50:00,6283.23,2,mobile,False,720,7,640,True,0,1,high_cart_hesitation,do_nothing,False,False,False,False,False,False
cart_002274,cust_000079,2026-01-21T16:26:00,4025.9,2,mobile,False,60,16,628,True,2,1,technical_friction,offer_bounded_discount@10,False,False,False,True,False,False
cart_002275,cust_001076,2026-05-09T08:43:00,1795.82,3,desktop,True,30,8,245,False,0,0,price_sensitivity,offer_bounded_discount@5,False,False,False,False,False,True
cart_002276,cust_000717,2026-03-31T14:39:00,11019.56,1,mobile,False,180,14,630,False,0,0,high_cart_hesitation,do_nothing,False,False,False,False,False,False
cart_002277,cust_000706,2026-04-23T02:28:00,6661.8,2,desktop,False,720,2,907,False,0,0,high_cart_hesitation,send_reminder_whatsapp,False,False,False,False,False,False
cart_002278,cust_001386,2026-03-30T23:11:00,2141.21,1,mobile,True,180,23,382,True,2,2,technical_friction,send_reminder_whatsapp,False,False,False,False,False,False
cart_002279,cust_001046,2026-07-03T09:52:00,182.7,1,mobile,True,1440,9,267,False,0,0,price_sensitivity,offer_bounded_discount@5,False,False,False,False,False,False
cart_002280,cust_001381,2026-07-15T21:31:00,19015.37,4,desktop,False,10,21,282,True,2,1,technical_friction,do_nothing,False,False,True,True,True,True
cart_002281,cust_001438,2026-03-19T06:56:00,10500.32,2,mobile,False,720,6,673,True,0,0,high_cart_hesitation,offer_bounded_discount@10,False,False,False,False,False,False
cart_002282,cust_001342,2026-06-13T06:35:00,581.31,6,mobile,True,30,6,99,True,0,0,price_sensitivity,offer_bounded_discount@5,True,False,False,True,True,False
cart_002283,cust_000485,2026-03-22T19:24:00,8735.44,1,mobile,True,720,19,553,False,2,2,technical_friction,send_reminder_email,False,False,False,True,True,False
cart_002284,cust_000527,2026-01-18T23:29:00,429.79,3,mobile,False,30,23,244,True,0,0,price_sensitivity,offer_bounded_discount@5,True,False,True,True,True,True
cart_002285,cust_000363,2026-03-08T02:46:00,1259.29,5,mobile,False,1440,2,164,False,0,0,comparison_shopping,offer_bounded_discount@10,False,False,False,False,False,False
cart_002286,cust_001180,2026-02-11T22:29:00,1435.39,4,mobile,False,720,22,348,True,0,0,price_sensitivity,offer_bounded_discount@5,True,False,True,True,True,True
cart_002287,cust_000230,2026-02-24T07:32:00,18496.73,4,mobile,False,60,7,650,False,1,0,comparison_shopping,offer_bounded_discount@5,False,False,False,False,False,False
cart_002288,cust_000103,2026-05-13T12:16:00,738.7,3,mobile,True,10,12,128,True,0,0,price_sensitivity,do_nothing,False,False,True,False,True,True
cart_002289,cust_000435,2026-05-29T14:52:00,3906.2,2,mobile,True,1440,14,429,True,0,0,comparison_shopping,offer_bounded_discount@10,False,False,False,False,False,False
cart_002290,cust_000899,2026-05-28T23:10:00,19937.11,1,desktop,True,60,23,849,True,0,0,high_cart_hesitation,offer_bounded_discount@5,False,False,False,False,False,False
cart_002291,cust_000554,2026-07-18T10:05:00,5300.31,3,mobile,False,60,10,783,False,0,0,comparison_shopping,offer_bounded_discount@5,False,False,False,False,False,False
cart_002292,cust_001467,2026-02-06T18:08:00,13626.52,1,desktop,True,30,18,823,False,0,0,high_cart_hesitation,offer_bounded_discount@5,True,False,False,False,True,True
cart_002293,cust_000717,2026-03-18T22:00:00,556.61,5,mobile,False,10,22,232,True,0,0,price_sensitivity,send_reminder_whatsapp,False,False,False,False,False,False
cart_002294,cust_000408,2026-05-06T18:51:00,2236.06,4,tablet,False,60,18,224,False,0,0,price_sensitivity,send_reminder_whatsapp,False,False,True,False,False,False
cart_002295,cust_001298,2026-06-23T07:31:00,3629.26,3,mobile,True,1440,7,259,False,1,0,price_sensitivity,do_nothing,False,False,False,False,True,True
cart_002296,cust_001182,2026-02-01T21:09:00,6675.5,1,desktop,True,60,21,325,True,0,0,comparison_shopping,send_reminder_email,True,False,True,False,True,False
cart_002297,cust_000653,2026-06-10T09:56:00,13617.98,3,mobile,True,30,9,1342,True,0,0,high_cart_hesitation,send_reminder_whatsapp,False,False,False,False,True,True
cart_002298,cust_000595,2026-01-15T08:52:00,3313.99,1,mobile,True,720,8,297,True,0,0,price_sensitivity,do_nothing,False,False,True,True,True,True
cart_002299,cust_000225,2026-01-04T15:05:00,2292.66,3,mobile,True,60,15,574,False,0,0,comparison_shopping,send_reminder_whatsapp,False,False,False,False,False,True
cart_002300,cust_000697,2026-03-02T07:09:00,11943.29,1,mobile,True,1440,7,697,True,1,1,technical_friction,do_nothing,False,False,True,True,True,True
cart_002301,cust_000734,2026-02-08T18:03:00,419.39,3,desktop,True,30,18,124,False,0,0,price_sensitivity,send_reminder_whatsapp,True,True,True,True,True,True
cart_002302,cust_000926,2026-05-29T19:40:00,10436.62,2,mobile,True,1440,19,546,False,0,0,comparison_shopping,send_reminder_email,False,False,False,True,False,False
cart_002303,cust_001377,2026-06-25T14:19:00,7869.68,4,desktop,False,180,14,440,True,2,1,technical_friction,send_reminder_whatsapp,True,False,False,True,False,False
cart_002304,cust_000566,2026-05-29T11:16:00,609.6,4,mobile,True,60,11,92,True,0,0,price_sensitivity,send_reminder_email,True,False,True,True,False,True
cart_002305,cust_000745,2026-03-04T02:26:00,2799.23,2,mobile,False,30,2,859,False,0,0,comparison_shopping,do_nothing,False,False,False,True,True,True
cart_002306,cust_000715,2026-04-08T11:57:00,3443.95,4,mobile,True,720,11,984,True,0,0,comparison_shopping,send_reminder_email,False,True,False,True,True,False
cart_002307,cust_000716,2026-01-30T06:59:00,367.32,6,desktop,True,10,6,76,False,0,0,price_sensitivity,offer_bounded_discount@5,False,False,False,False,False,False
cart_002308,cust_001083,2026-03-22T09:08:00,1332.2,4,mobile,False,720,9,232,True,0,2,technical_friction,do_nothing,False,False,True,True,True,True
cart_002309,cust_000007,2026-07-19T00:37:00,8427.18,2,mobile,True,10,0,341,True,3,1,technical_friction,offer_bounded_discount@10,True,False,True,True,True,True
cart_002310,cust_000759,2026-03-30T03:15:00,3985.26,1,desktop,True,180,3,281,False,0,0,comparison_shopping,offer_bounded_discount@5,False,False,True,False,False,False
cart_002311,cust_000379,2026-02-11T16:08:00,3223.44,6,desktop,False,720,16,263,False,0,0,comparison_shopping,send_reminder_email,False,False,False,True,True,False
cart_002312,cust_000179,2026-04-24T13:05:00,22156.59,4,mobile,True,720,13,471,True,1,2,technical_friction,send_reminder_whatsapp,False,False,False,False,True,True
cart_002313,cust_001353,2026-06-22T20:48:00,270.62,2,mobile,False,180,20,157,True,0,0,price_sensitivity,do_nothing,False,False,False,False,False,False
cart_002314,cust_001171,2026-06-08T06:26:00,615.81,1,tablet,True,30,6,103,True,0,0,price_sensitivity,send_reminder_whatsapp,False,False,False,False,False,False
cart_002315,cust_000798,2026-04-15T04:41:00,35689.82,3,mobile,False,720,4,473,True,2,1,technical_friction,offer_bounded_discount@10,True,False,True,False,True,True
cart_002316,cust_001093,2026-01-07T10:35:00,3213.09,7,mobile,True,60,10,642,True,3,1,technical_friction,offer_bounded_discount@5,False,False,True,False,False,True
cart_002317,cust_001396,2026-01-27T16:38:00,3073.86,1,mobile,False,180,16,190,False,0,0,price_sensitivity,send_reminder_whatsapp,False,False,False,False,False,False
cart_002318,cust_000851,2026-04-07T10:52:00,3973.04,1,mobile,True,1440,10,257,True,0,0,price_sensitivity,offer_bounded_discount@10,False,False,False,False,False,False
cart_002319,cust_000636,2026-02-28T16:25:00,3075.69,3,mobile,True,60,16,493,False,0,0,comparison_shopping,offer_bounded_discount@10,False,True,False,True,False,False
cart_002320,cust_000460,2026-07-04T13:30:00,12710.05,3,desktop,False,60,13,843,False,0,1,high_cart_hesitation,offer_bounded_discount@10,True,False,False,True,False,True
cart_002321,cust_000807,2026-06-10T11:55:00,5158.42,1,mobile,False,30,11,904,False,1,0,high_cart_hesitation,offer_bounded_discount@10,True,False,False,False,False,True
cart_002322,cust_001480,2026-03-03T09:00:00,710.77,6,mobile,True,30,9,303,False,1,0,price_sensitivity,offer_bounded_discount@5,True,False,False,False,True,False
cart_002323,cust_000398,2026-02-02T03:10:00,3869.83,1,mobile,True,720,3,403,True,1,2,technical_friction,do_nothing,True,True,True,True,True,True
cart_002324,cust_001045,2026-04-27T20:24:00,4937.3,2,desktop,True,30,20,463,True,0,0,high_cart_hesitation,offer_bounded_discount@10,False,False,False,False,False,False
cart_002325,cust_001067,2026-01-20T08:28:00,5750.85,2,mobile,True,10,8,890,False,0,0,high_cart_hesitation,send_reminder_email,False,False,False,False,False,False
cart_002326,cust_000966,2026-05-26T16:31:00,34885.77,6,mobile,True,60,16,417,True,2,1,technical_friction,offer_bounded_discount@10,True,False,True,True,True,True
cart_002327,cust_000674,2026-04-22T09:45:00,1115.93,1,mobile,False,180,9,200,True,1,0,price_sensitivity,do_nothing,False,False,True,False,False,False
cart_002328,cust_001014,2026-07-16T14:29:00,2687.57,4,desktop,False,720,14,404,True,3,1,technical_friction,do_nothing,False,False,True,True,True,False
cart_002329,cust_000159,2026-07-19T12:28:00,3299.43,3,mobile,False,180,12,160,False,0,0,price_sensitivity,offer_bounded_discount@10,False,False,False,True,True,False
cart_002330,cust_000688,2026-01-24T07:49:00,3246.98,1,mobile,False,720,7,123,False,1,0,price_sensitivity,do_nothing,False,False,False,False,False,False
cart_002331,cust_000158,2026-05-26T01:48:00,533.0,2,desktop,False,180,1,364,False,0,0,price_sensitivity,do_nothing,False,False,False,False,True,False
cart_002332,cust_000043,2026-07-14T00:41:00,24974.4,2,tablet,True,180,0,554,True,0,0,high_cart_hesitation,offer_bounded_discount@10,False,False,False,False,False,False
cart_002333,cust_001452,2026-07-17T13:35:00,3633.28,4,desktop,False,30,13,807,False,0,0,comparison_shopping,send_reminder_whatsapp,False,False,False,False,False,False
cart_002334,cust_000010,2026-04-27T04:32:00,1090.14,5,tablet,False,60,4,194,False,0,0,price_sensitivity,offer_bounded_discount@5,False,False,False,False,False,True
cart_002335,cust_000435,2026-04-09T05:57:00,18316.16,2,desktop,True,10,5,1081,False,0,0,high_cart_hesitation,do_nothing,False,False,False,True,False,False
cart_002336,cust_000561,2026-02-01T17:47:00,3607.42,1,desktop,True,30,17,571,False,0,0,comparison_shopping,do_nothing,False,False,True,True,False,True
cart_002337,cust_000154,2026-02-07T12:41:00,1657.68,2,mobile,True,30,12,328,True,2,1,technical_friction,do_nothing,False,False,False,True,True,False
cart_002338,cust_001137,2026-01-05T08:35:00,45155.51,2,mobile,False,60,8,643,False,0,0,high_cart_hesitation,send_reminder_whatsapp,False,False,True,False,False,False
cart_002339,cust_000008,2026-07-05T12:20:00,3992.8,1,mobile,True,10,12,219,True,0,0,price_sensitivity,send_reminder_whatsapp,True,False,False,True,True,True
cart_002340,cust_001254,2026-03-13T01:20:00,10507.83,1,mobile,True,720,1,672,False,0,0,high_cart_hesitation,send_reminder_email,True,False,True,True,False,False
cart_002341,cust_000511,2026-03-03T19:42:00,4683.33,2,mobile,False,720,19,519,True,1,2,technical_friction,do_nothing,True,True,True,True,False,True
cart_002342,cust_001452,2026-05-25T16:55:00,2836.23,2,mobile,True,1440,16,307,False,0,0,price_sensitivity,send_reminder_email,False,False,False,True,False,False
cart_002343,cust_001091,2026-05-16T03:17:00,4272.11,2,mobile,True,720,3,156,True,0,0,comparison_shopping,do_nothing,True,True,False,False,False,True
cart_002344,cust_001099,2026-05-07T00:24:00,9485.44,3,tablet,True,1440,0,925,False,0,0,high_cart_hesitation,send_reminder_email,False,False,False,False,False,False
cart_002345,cust_000648,2026-02-14T09:59:00,8665.75,1,mobile,True,60,9,859,False,0,0,comparison_shopping,do_nothing,True,True,True,True,True,True
cart_002346,cust_001455,2026-01-16T12:01:00,1075.6,5,mobile,True,10,12,338,False,0,0,comparison_shopping,offer_bounded_discount@10,True,False,True,True,False,True
cart_002347,cust_000024,2026-05-05T13:40:00,12989.68,1,mobile,True,60,13,628,False,0,0,high_cart_hesitation,send_reminder_email,False,False,False,False,False,False
cart_002348,cust_000515,2026-06-06T04:37:00,3186.15,3,desktop,True,10,4,525,True,0,0,comparison_shopping,offer_bounded_discount@5,False,False,False,False,False,False
cart_002349,cust_001234,2026-02-27T06:01:00,5261.81,3,mobile,True,1440,6,589,True,2,2,technical_friction,offer_bounded_discount@5,False,False,True,True,False,False
cart_002350,cust_000750,2026-02-05T11:35:00,5852.92,5,desktop,True,180,11,362,True,0,0,comparison_shopping,send_reminder_email,False,False,False,False,False,False
cart_002351,cust_001371,2026-04-18T20:14:00,2974.13,1,mobile,True,60,20,180,True,0,0,price_sensitivity,offer_bounded_discount@5,True,False,False,True,True,True
cart_002352,cust_000173,2026-04-27T04:14:00,3138.12,4,tablet,True,30,4,222,True,0,0,price_sensitivity,send_reminder_email,True,False,True,True,False,True
cart_002353,cust_000304,2026-04-15T19:35:00,7993.5,2,mobile,True,10,19,850,False,0,0,comparison_shopping,do_nothing,False,False,True,True,True,True
cart_002354,cust_001464,2026-02-04T23:55:00,2620.36,1,mobile,True,180,23,554,True,2,0,technical_friction,offer_bounded_discount@5,False,False,True,False,False,False
cart_002355,cust_001474,2026-01-27T04:54:00,16772.33,1,mobile,False,720,4,20,False,1,0,high_cart_hesitation,do_nothing,False,False,False,False,False,False
cart_002356,cust_000080,2026-02-26T17:16:00,1273.56,4,mobile,True,30,17,141,False,0,0,price_sensitivity,offer_bounded_discount@5,True,False,False,False,True,True
cart_002357,cust_001047,2026-02-10T01:44:00,2535.59,2,mobile,False,10,1,532,False,0,0,comparison_shopping,offer_bounded_discount@10,False,True,False,True,True,False
cart_002358,cust_000935,2026-03-24T16:19:00,7911.83,1,tablet,False,1440,16,359,False,0,0,price_sensitivity,offer_bounded_discount@5,True,False,True,True,True,True
cart_002359,cust_000153,2026-02-08T12:56:00,308.5,4,mobile,True,180,12,257,False,0,0,price_sensitivity,send_reminder_email,False,False,False,False,False,False
cart_002360,cust_001483,2026-07-14T03:58:00,10051.83,3,mobile,False,720,3,588,False,0,0,comparison_shopping,do_nothing,False,False,True,False,False,False
cart_002361,cust_000440,2026-04-08T11:08:00,2910.78,1,mobile,True,180,11,719,False,0,0,comparison_shopping,offer_bounded_discount@5,False,False,True,True,False,True
cart_002362,cust_000649,2026-04-22T15:23:00,34075.09,1,mobile,True,10,15,707,False,0,0,high_cart_hesitation,send_reminder_whatsapp,False,False,False,False,False,False
cart_002363,cust_000466,2026-06-12T21:15:00,6057.7,3,mobile,True,30,21,535,True,2,2,technical_friction,send_reminder_whatsapp,True,False,True,True,True,True
cart_002364,cust_000080,2026-06-12T13:13:00,12484.55,1,tablet,True,180,13,294,False,0,0,high_cart_hesitation,send_reminder_whatsapp,False,False,False,False,False,False
cart_002365,cust_000796,2026-03-10T18:57:00,5298.27,1,desktop,True,60,18,463,False,3,1,technical_friction,send_reminder_email,True,False,True,True,False,False
cart_002366,cust_000100,2026-04-22T19:18:00,16577.59,1,tablet,True,720,19,411,True,1,0,high_cart_hesitation,do_nothing,False,False,True,True,True,True
cart_002367,cust_000833,2026-01-04T11:57:00,10758.99,3,mobile,True,1440,11,881,False,0,0,high_cart_hesitation,offer_bounded_discount@10,False,True,False,False,False,False
cart_002368,cust_000913,2026-03-11T05:43:00,11301.12,1,desktop,True,30,5,1139,True,0,0,high_cart_hesitation,offer_bounded_discount@5,False,False,False,True,False,False
cart_002369,cust_000276,2026-03-15T02:40:00,14189.08,2,mobile,True,30,2,981,False,0,0,high_cart_hesitation,send_reminder_email,False,False,False,False,False,False
cart_002370,cust_000955,2026-03-04T09:39:00,6104.32,5,mobile,False,180,9,383,False,0,0,price_sensitivity,send_reminder_whatsapp,True,False,False,True,True,True
cart_002371,cust_000952,2026-01-17T14:03:00,2337.54,5,mobile,False,30,14,723,False,0,0,comparison_shopping,offer_bounded_discount@10,False,False,False,True,True,False
cart_002372,cust_001245,2026-05-18T02:17:00,2572.19,3,mobile,True,60,2,140,False,1,0,comparison_shopping,do_nothing,False,False,False,False,False,False
cart_002373,cust_000772,2026-03-29T18:03:00,943.68,3,mobile,True,30,18,234,False,0,0,price_sensitivity,send_reminder_email,False,False,False,True,True,True
cart_002374,cust_000363,2026-02-25T01:09:00,7572.32,1,mobile,False,60,1,568,True,0,0,high_cart_hesitation,offer_bounded_discount@10,False,False,False,False,False,False
cart_002375,cust_000379,2026-02-28T06:39:00,40745.09,1,desktop,True,720,6,873,False,0,0,high_cart_hesitation,send_reminder_email,False,False,False,False,False,False
cart_002376,cust_000206,2026-06-01T23:37:00,8290.87,4,tablet,False,60,23,412,True,1,1,technical_friction,offer_bounded_discount@5,False,False,False,False,False,False
cart_002377,cust_000955,2026-05-05T22:38:00,21794.86,3,mobile,False,60,22,844,False,0,0,high_cart_hesitation,offer_bounded_discount@10,False,False,False,False,False,False
cart_002378,cust_001146,2026-01-01T09:46:00,11504.96,3,mobile,True,180,9,967,True,0,0,high_cart_hesitation,do_nothing,False,False,False,False,False,False
cart_002379,cust_000671,2026-01-23T21:23:00,707.03,2,desktop,True,60,21,323,True,0,0,price_sensitivity,send_reminder_email,True,False,True,True,False,True
cart_002380,cust_001038,2026-01-02T00:46:00,766.71,4,mobile,False,180,0,519,False,0,0,comparison_shopping,send_reminder_whatsapp,True,False,False,True,True,False
cart_002381,cust_001238,2026-06-01T19:22:00,20421.05,4,desktop,True,720,19,679,False,0,0,comparison_shopping,send_reminder_whatsapp,False,False,False,False,False,False
cart_002382,cust_001395,2026-01-15T20:13:00,1395.55,2,desktop,True,180,20,457,True,1,1,technical_friction,send_reminder_email,True,True,True,True,True,False
cart_002383,cust_000955,2026-05-15T13:23:00,4717.36,2,mobile,False,180,13,563,True,0,0,high_cart_hesitation,send_reminder_email,False,False,False,False,False,False
cart_002384,cust_000176,2026-04-28T03:01:00,841.98,2,desktop,True,30,3,252,False,0,0,price_sensitivity,do_nothing,False,False,True,False,True,False
cart_002385,cust_001288,2026-07-16T18:06:00,1091.28,4,tablet,False,180,18,55,False,1,0,price_sensitivity,do_nothing,False,False,False,False,False,False
cart_002386,cust_000906,2026-05-29T07:21:00,16993.35,1,desktop,True,180,7,774,False,0,0,high_cart_hesitation,offer_bounded_discount@5,False,False,False,False,False,False
cart_002387,cust_000573,2026-06-26T22:11:00,7560.9,2,mobile,True,180,22,787,False,0,0,high_cart_hesitation,send_reminder_email,False,True,False,True,False,False
cart_002388,cust_000548,2026-04-27T08:20:00,558.75,2,tablet,False,180,8,36,True,0,0,price_sensitivity,send_reminder_whatsapp,False,False,False,False,False,False
cart_002389,cust_000347,2026-01-05T08:21:00,4529.65,1,mobile,True,10,8,825,False,0,0,high_cart_hesitation,offer_bounded_discount@10,True,False,False,False,False,True
cart_002390,cust_000542,2026-05-18T14:16:00,10263.68,1,desktop,True,180,14,425,False,1,1,high_cart_hesitation,send_reminder_email,False,False,False,False,False,False
cart_002391,cust_000566,2026-06-03T17:35:00,7047.29,2,tablet,True,180,17,650,True,0,0,high_cart_hesitation,offer_bounded_discount@5,True,False,False,False,True,False
cart_002392,cust_000305,2026-07-02T19:23:00,2565.72,2,mobile,True,10,19,323,True,0,0,price_sensitivity,offer_bounded_discount@10,True,False,True,True,True,True
cart_002393,cust_001414,2026-07-01T22:05:00,13606.18,2,mobile,False,30,22,758,False,0,0,comparison_shopping,do_nothing,False,False,False,False,False,False
cart_002394,cust_001048,2026-02-16T14:37:00,37562.84,1,desktop,True,1440,14,327,True,0,0,high_cart_hesitation,send_reminder_whatsapp,False,False,False,False,False,False
cart_002395,cust_000096,2026-02-26T17:40:00,194.26,2,mobile,False,180,17,398,False,0,0,price_sensitivity,send_reminder_whatsapp,True,False,False,True,True,False
cart_002396,cust_000755,2026-05-08T18:37:00,2010.59,5,mobile,False,30,18,562,True,0,1,technical_friction,offer_bounded_discount@5,False,False,True,True,False,False
cart_002397,cust_001477,2026-06-12T09:55:00,1149.66,4,mobile,True,30,9,103,False,0,0,price_sensitivity,send_reminder_email,True,True,True,True,True,True
cart_002398,cust_000330,2026-03-14T15:13:00,5513.96,5,mobile,True,720,15,304,False,1,0,price_sensitivity,send_reminder_email,False,True,False,True,False,True
cart_002399,cust_001473,2026-03-17T19:11:00,27799.92,1,mobile,True,720,19,335,True,0,0,high_cart_hesitation,offer_bounded_discount@10,True,False,False,False,False,True
cart_002400,cust_000470,2026-03-22T07:49:00,1933.15,3,tablet,True,720,7,212,False,0,0,price_sensitivity,offer_bounded_discount@10,True,True,True,True,True,True
cart_002401,cust_001293,2026-02-14T14:29:00,6512.59,2,mobile,True,10,14,177,True,1,0,price_sensitivity,send_reminder_whatsapp,True,False,False,True,False,True
cart_002402,cust_000201,2026-05-04T19:17:00,10726.49,2,mobile,True,180,19,832,True,2,1,technical_friction,send_reminder_email,True,False,True,True,True,True
cart_002403,cust_000146,2026-06-07T13:35:00,8246.22,6,desktop,False,720,13,1021,False,0,0,comparison_shopping,offer_bounded_discount@10,False,False,False,True,False,False
cart_002404,cust_001383,2026-02-19T20:32:00,13661.8,3,mobile,True,60,20,833,True,0,0,high_cart_hesitation,offer_bounded_discount@5,True,False,True,True,True,True
cart_002405,cust_001298,2026-07-16T06:35:00,2386.94,5,mobile,True,1440,6,375,False,0,0,comparison_shopping,offer_bounded_discount@5,False,False,False,False,False,False
cart_002406,cust_001167,2026-06-16T10:07:00,1308.3,5,mobile,False,180,10,239,True,0,0,price_sensitivity,send_reminder_whatsapp,False,False,False,False,False,False
cart_002407,cust_001470,2026-01-21T04:27:00,24218.59,1,mobile,True,1440,4,683,False,1,0,high_cart_hesitation,offer_bounded_discount@5,False,False,True,False,False,False
cart_002408,cust_000154,2026-03-19T15:48:00,2224.92,2,mobile,True,30,15,177,True,1,1,technical_friction,send_reminder_email,True,False,True,True,True,True
cart_002409,cust_000643,2026-04-14T17:39:00,11628.04,1,mobile,True,1440,17,511,False,0,0,high_cart_hesitation,do_nothing,False,False,False,False,False,True
cart_002410,cust_001327,2026-06-04T07:12:00,7933.28,3,mobile,True,1440,7,846,False,0,0,high_cart_hesitation,offer_bounded_discount@5,True,False,False,True,True,False
cart_002411,cust_001388,2026-07-13T12:29:00,395.35,1,mobile,True,1440,12,361,False,0,0,comparison_shopping,offer_bounded_discount@10,False,False,False,False,False,False
cart_002412,cust_000555,2026-07-12T20:02:00,6974.54,1,mobile,False,180,20,668,True,1,1,technical_friction,offer_bounded_discount@10,False,False,True,True,True,False
cart_002413,cust_000370,2026-06-29T07:41:00,1532.5,1,desktop,True,180,7,203,True,0,0,price_sensitivity,send_reminder_email,False,False,False,False,False,True
cart_002414,cust_000885,2026-01-13T07:40:00,1164.56,1,mobile,True,180,7,192,True,0,0,price_sensitivity,send_reminder_email,False,False,False,False,True,True
cart_002415,cust_000840,2026-03-14T13:58:00,3245.16,2,mobile,True,30,13,295,True,3,1,technical_friction,offer_bounded_discount@5,False,False,True,True,False,True
cart_002416,cust_000696,2026-05-09T17:00:00,10023.18,1,mobile,True,1440,17,825,False,1,0,high_cart_hesitation,offer_bounded_discount@5,False,False,False,False,False,False
cart_002417,cust_000179,2026-04-26T19:49:00,11137.28,3,mobile,False,720,19,794,False,0,0,high_cart_hesitation,send_reminder_email,False,False,False,False,False,False
cart_002418,cust_000930,2026-03-18T16:19:00,7083.31,1,desktop,True,1440,16,340,True,0,0,high_cart_hesitation,do_nothing,False,False,False,False,False,False
cart_002419,cust_000494,2026-06-09T10:53:00,2483.64,4,desktop,False,1440,10,306,False,0,0,price_sensitivity,offer_bounded_discount@5,True,False,False,False,True,True
cart_002420,cust_001078,2026-01-01T14:51:00,861.77,2,mobile,True,720,14,207,False,0,0,price_sensitivity,do_nothing,False,False,False,False,False,True
cart_002421,cust_000606,2026-07-20T21:07:00,8909.91,3,desktop,True,30,21,620,False,1,0,comparison_shopping,offer_bounded_discount@10,False,False,False,True,False,False
cart_002422,cust_000732,2026-07-02T11:57:00,426.74,2,desktop,True,60,11,193,False,0,0,price_sensitivity,offer_bounded_discount@10,True,True,False,True,False,True
cart_002423,cust_000722,2026-06-28T18:03:00,8132.5,1,mobile,True,720,18,378,True,0,0,comparison_shopping,send_reminder_email,False,False,False,False,False,False
cart_002424,cust_001446,2026-04-13T22:36:00,2015.05,2,mobile,True,1440,22,528,False,0,0,comparison_shopping,offer_bounded_discount@10,False,False,False,False,True,False
cart_002425,cust_000341,2026-05-13T15:13:00,964.35,1,mobile,True,30,15,448,False,0,0,comparison_shopping,send_reminder_whatsapp,True,False,True,True,True,True
cart_002426,cust_001276,2026-07-05T07:23:00,2226.6,4,mobile,False,720,7,358,False,0,0,price_sensitivity,offer_bounded_discount@10,False,False,False,False,False,False
cart_002427,cust_000065,2026-07-11T16:57:00,3129.63,2,mobile,True,30,16,329,True,0,0,price_sensitivity,send_reminder_whatsapp,False,False,True,False,False,True
cart_002428,cust_000276,2026-06-29T17:58:00,3535.12,3,mobile,True,180,17,409,True,1,2,technical_friction,offer_bounded_discount@5,False,False,False,True,False,False
cart_002429,cust_000528,2026-01-17T15:41:00,2868.52,4,mobile,False,60,15,188,False,0,0,price_sensitivity,send_reminder_email,True,False,True,False,True,True
cart_002430,cust_000707,2026-02-22T19:53:00,4403.21,4,mobile,True,10,19,252,True,0,0,price_sensitivity,offer_bounded_discount@5,True,False,False,False,True,False
cart_002431,cust_000510,2026-02-18T07:30:00,10505.74,1,mobile,True,1440,7,65,True,0,0,high_cart_hesitation,offer_bounded_discount@10,False,False,False,False,False,False
cart_002432,cust_001485,2026-01-28T03:34:00,1242.45,1,mobile,True,720,3,334,True,0,0,price_sensitivity,send_reminder_whatsapp,False,False,False,False,False,True
cart_002433,cust_000762,2026-06-12T08:51:00,1849.86,4,desktop,False,1440,8,561,False,0,0,comparison_shopping,send_reminder_whatsapp,False,False,False,False,False,False
cart_002434,cust_000829,2026-03-08T08:20:00,2278.19,4,mobile,False,1440,8,1030,False,0,0,comparison_shopping,offer_bounded_discount@5,False,False,False,False,False,False
cart_002435,cust_001458,2026-03-23T20:19:00,9463.06,4,desktop,False,60,20,626,False,0,0,comparison_shopping,offer_bounded_discount@10,False,False,False,False,False,False
cart_002436,cust_000050,2026-05-07T09:16:00,4995.35,4,mobile,True,10,9,650,True,1,1,technical_friction,send_reminder_email,False,False,False,True,True,True
cart_002437,cust_000751,2026-04-02T16:39:00,6313.9,2,desktop,True,10,16,364,False,0,0,price_sensitivity,send_reminder_email,False,False,False,False,True,False
cart_002438,cust_001425,2026-02-21T01:03:00,7316.94,2,mobile,True,1440,1,1033,True,0,0,high_cart_hesitation,send_reminder_whatsapp,True,True,False,True,False,True
cart_002439,cust_001137,2026-01-04T09:16:00,8362.17,4,desktop,True,10,9,730,False,0,0,comparison_shopping,offer_bounded_discount@5,False,False,False,True,False,False
cart_002440,cust_001038,2026-05-20T11:35:00,7608.37,4,mobile,True,180,11,182,False,0,0,comparison_shopping,offer_bounded_discount@10,True,False,False,False,True,True
cart_002441,cust_000638,2026-01-29T02:00:00,10048.5,1,desktop,True,60,2,610,True,0,0,high_cart_hesitation,send_reminder_whatsapp,False,False,False,False,False,False
cart_002442,cust_000492,2026-02-06T13:34:00,2295.12,4,mobile,True,30,13,194,False,0,0,price_sensitivity,offer_bounded_discount@10,False,False,True,True,False,False
cart_002443,cust_000434,2026-07-07T12:49:00,3730.98,4,mobile,True,180,12,330,True,0,0,price_sensitivity,offer_bounded_discount@5,False,False,False,False,False,False
cart_002444,cust_001211,2026-04-18T15:12:00,4202.96,2,tablet,True,60,15,420,False,0,0,comparison_shopping,offer_bounded_discount@10,False,False,False,False,True,False
cart_002445,cust_000177,2026-06-29T06:06:00,7576.4,4,desktop,False,180,6,746,True,0,0,comparison_shopping,offer_bounded_discount@10,True,False,False,True,True,True
cart_002446,cust_000873,2026-07-11T01:14:00,4306.2,1,mobile,True,10,1,647,True,0,0,high_cart_hesitation,do_nothing,False,False,False,False,False,False
cart_002447,cust_000318,2026-02-01T08:59:00,11732.41,2,mobile,False,720,8,685,False,0,0,comparison_shopping,send_reminder_email,False,True,False,True,True,True
cart_002448,cust_000196,2026-02-14T04:01:00,7575.87,1,desktop,True,180,4,908,True,0,0,high_cart_hesitation,send_reminder_whatsapp,False,False,True,False,False,False
cart_002449,cust_001247,2026-05-05T02:10:00,8161.79,1,desktop,True,10,2,896,False,0,0,high_cart_hesitation,do_nothing,False,False,False,False,False,False
cart_002450,cust_000784,2026-07-08T16:58:00,7247.58,3,desktop,False,720,16,718,True,0,0,high_cart_hesitation,offer_bounded_discount@10,False,False,False,False,False,False
cart_002451,cust_000643,2026-02-08T19:21:00,1602.21,3,mobile,False,30,19,872,False,0,0,comparison_shopping,do_nothing,False,False,False,False,False,False
cart_002452,cust_000671,2026-01-21T21:58:00,1464.64,5,desktop,True,60,21,220,True,1,0,price_sensitivity,send_reminder_email,True,True,True,True,True,False
cart_002453,cust_001147,2026-01-31T21:51:00,8193.01,1,mobile,True,10,21,904,True,0,0,high_cart_hesitation,offer_bounded_discount@5,True,False,False,True,True,True
cart_002454,cust_001323,2026-01-15T18:10:00,22631.27,6,desktop,False,30,18,426,True,1,1,technical_friction,do_nothing,False,False,True,True,True,True
cart_002455,cust_001353,2026-04-05T17:47:00,10184.67,3,mobile,True,180,17,119,False,0,0,high_cart_hesitation,do_nothing,False,False,False,False,False,True
cart_002456,cust_000741,2026-02-06T14:43:00,4450.26,5,mobile,False,720,14,489,True,1,2,technical_friction,send_reminder_email,False,False,False,False,False,False
cart_002457,cust_001442,2026-03-19T21:07:00,1299.49,4,mobile,True,1440,21,683,False,0,0,comparison_shopping,send_reminder_email,False,True,False,True,True,True
cart_002458,cust_000978,2026-05-17T12:58:00,15820.13,2,mobile,True,60,12,476,True,0,0,high_cart_hesitation,send_reminder_whatsapp,True,False,False,True,True,False
cart_002459,cust_000219,2026-05-21T17:10:00,1157.05,3,desktop,True,1440,17,506,True,3,1,technical_friction,do_nothing,False,False,True,True,True,True
cart_002460,cust_000180,2026-06-10T18:52:00,1836.07,4,desktop,True,60,18,695,True,0,0,comparison_shopping,send_reminder_email,True,False,True,True,True,True
cart_002461,cust_000018,2026-04-01T04:14:00,10739.16,4,mobile,True,180,4,498,False,0,0,comparison_shopping,offer_bounded_discount@5,True,False,True,True,True,True
cart_002462,cust_000478,2026-02-16T23:29:00,3656.98,1,mobile,True,60,23,727,False,0,0,comparison_shopping,send_reminder_email,False,False,False,False,False,False
cart_002463,cust_000226,2026-06-05T06:50:00,2050.01,1,mobile,True,30,6,115,False,0,0,comparison_shopping,offer_bounded_discount@10,True,False,False,True,False,True
cart_002464,cust_000357,2026-06-14T20:29:00,8710.21,4,tablet,True,10,20,374,False,0,0,comparison_shopping,offer_bounded_discount@5,True,False,False,True,True,False
cart_002465,cust_001219,2026-02-17T08:01:00,8443.54,2,desktop,True,60,8,620,True,2,1,technical_friction,do_nothing,False,False,False,True,False,False
cart_002466,cust_001110,2026-05-21T01:58:00,4633.66,3,mobile,True,1440,1,233,True,0,0,price_sensitivity,offer_bounded_discount@10,True,False,False,False,False,True
cart_002467,cust_000548,2026-05-18T22:07:00,564.15,4,tablet,False,720,22,479,True,2,1,technical_friction,send_reminder_whatsapp,True,False,False,True,False,True
cart_002468,cust_000258,2026-03-04T23:34:00,10485.4,3,mobile,True,720,23,807,False,0,0,high_cart_hesitation,offer_bounded_discount@10,False,True,False,False,True,False
cart_002469,cust_001146,2026-07-10T19:39:00,1614.49,5,desktop,True,30,19,20,False,1,0,comparison_shopping,send_reminder_email,True,True,True,False,True,True
cart_002470,cust_001232,2026-07-06T21:28:00,4433.27,2,tablet,False,180,21,336,True,0,0,price_sensitivity,do_nothing,True,True,True,True,False,True
cart_002471,cust_000442,2026-05-09T15:34:00,15730.97,1,mobile,True,720,15,480,False,0,0,high_cart_hesitation,send_reminder_email,False,False,False,False,True,False
cart_002472,cust_000055,2026-05-08T18:47:00,14269.12,3,desktop,True,720,18,518,True,2,1,technical_friction,offer_bounded_discount@10,True,False,True,True,True,True
cart_002473,cust_000566,2026-06-29T01:08:00,1371.65,5,desktop,True,180,1,509,False,1,0,comparison_shopping,send_reminder_whatsapp,True,False,True,True,False,True
cart_002474,cust_000397,2026-04-02T22:56:00,8304.45,2,mobile,True,30,22,316,False,0,0,comparison_shopping,do_nothing,False,False,False,True,True,False
cart_002475,cust_001014,2026-04-07T02:29:00,1035.39,3,desktop,True,180,2,544,True,2,2,technical_friction,do_nothing,False,False,True,True,True,True
cart_002476,cust_001392,2026-03-12T10:32:00,15892.62,1,mobile,True,10,10,413,True,3,1,technical_friction,send_reminder_email,False,False,False,False,True,False
cart_002477,cust_000977,2026-01-15T21:54:00,1671.43,3,mobile,True,720,21,711,False,0,0,comparison_shopping,send_reminder_whatsapp,False,False,False,False,False,False
cart_002478,cust_000764,2026-01-20T13:49:00,7560.32,1,desktop,True,30,13,458,False,0,0,high_cart_hesitation,offer_bounded_discount@10,False,False,True,False,False,False
cart_002479,cust_001270,2026-02-06T15:40:00,984.59,3,mobile,False,60,15,191,False,0,0,price_sensitivity,send_reminder_email,False,False,False,False,False,True
cart_002480,cust_000745,2026-03-18T05:26:00,1440.82,2,mobile,True,720,5,334,False,0,0,price_sensitivity,do_nothing,False,False,False,False,False,False
cart_002481,cust_001039,2026-07-19T04:35:00,8557.87,1,mobile,True,60,4,600,True,2,1,technical_friction,do_nothing,False,False,True,True,True,True
cart_002482,cust_000793,2026-02-08T03:21:00,5599.24,1,mobile,True,10,3,827,False,0,0,high_cart_hesitation,offer_bounded_discount@5,False,False,True,False,False,False
cart_002483,cust_000668,2026-04-28T22:48:00,8110.7,2,mobile,True,720,22,825,True,0,0,high_cart_hesitation,offer_bounded_discount@5,False,False,True,False,False,False
cart_002484,cust_000508,2026-01-23T08:48:00,1182.55,5,desktop,True,30,8,266,True,1,0,price_sensitivity,send_reminder_email,False,False,False,False,True,True
cart_002485,cust_000467,2026-01-09T19:49:00,34571.75,1,desktop,True,10,19,277,True,1,1,technical_friction,send_reminder_email,False,False,False,True,False,False
cart_002486,cust_000733,2026-03-31T23:04:00,2049.83,1,desktop,True,180,23,168,True,0,0,price_sensitivity,send_reminder_whatsapp,True,True,True,True,True,True
cart_002487,cust_001237,2026-04-27T20:01:00,9865.94,2,mobile,True,30,20,164,False,0,0,comparison_shopping,offer_bounded_discount@5,True,False,True,False,True,False
cart_002488,cust_000075,2026-03-16T09:01:00,808.05,5,mobile,False,30,9,74,False,0,0,price_sensitivity,do_nothing,False,False,True,False,True,True
cart_002489,cust_000961,2026-07-01T16:48:00,24629.16,2,tablet,False,10,16,872,True,0,1,high_cart_hesitation,send_reminder_whatsapp,False,True,True,False,True,True
cart_002490,cust_000905,2026-02-11T17:35:00,6919.08,1,mobile,False,1440,17,390,False,0,0,high_cart_hesitation,send_reminder_email,False,False,False,False,False,False
cart_002491,cust_000054,2026-01-27T18:57:00,2212.25,4,mobile,False,30,18,251,True,0,0,price_sensitivity,offer_bounded_discount@5,True,False,True,True,True,True
cart_002492,cust_000649,2026-06-17T05:42:00,3264.52,5,mobile,False,60,5,312,False,0,0,price_sensitivity,offer_bounded_discount@5,True,False,False,True,True,True
cart_002493,cust_000614,2026-03-17T06:26:00,7641.32,1,desktop,True,180,6,353,False,0,0,high_cart_hesitation,send_reminder_email,False,False,False,False,False,False
cart_002494,cust_000285,2026-06-23T21:58:00,3743.52,2,desktop,True,1440,21,881,False,0,0,high_cart_hesitation,do_nothing,False,False,True,False,True,True
cart_002495,cust_000211,2026-03-24T08:09:00,887.19,6,mobile,True,10,8,357,True,0,0,price_sensitivity,send_reminder_whatsapp,False,False,False,False,False,False
cart_002496,cust_001120,2026-01-07T20:47:00,1224.19,1,desktop,False,30,20,154,False,0,0,price_sensitivity,send_reminder_email,False,False,False,False,False,False
cart_002497,cust_000383,2026-05-19T17:32:00,1941.56,1,desktop,True,1440,17,153,True,0,0,price_sensitivity,offer_bounded_discount@5,True,False,False,True,True,True
cart_002498,cust_000092,2026-07-09T02:10:00,548.12,4,mobile,True,180,2,395,False,0,0,comparison_shopping,send_reminder_whatsapp,False,False,False,False,False,False
cart_002499,cust_000357,2026-05-05T21:02:00,3836.28,1,mobile,True,10,21,535,False,0,0,comparison_shopping,offer_bounded_discount@10,False,False,False,False,False,False
