customer_id,segment,tenure_months,prior_successful_payments,prior_late_payments,estimated_annual_value_inr,gross_margin_pct,repeat_purchase_probability,prior_coupon_redemptions,contacts_last_7d,hours_since_last_contact,email_consent,whatsapp_consent,sms_consent,dnd_flagged
cust_000000,consumer,1,1,0,29791.24,34.6,0.148,1,0,462.3,True,False,False,False
cust_000001,smb,55,38,3,103767.44,33.8,0.271,2,1,57.8,True,False,True,False
cust_000002,consumer,22,16,0,24347.18,49.8,0.315,1,1,104.3,True,False,False,True
cust_000003,consumer,18,13,1,39416.25,51.1,0.134,0,1,28.2,True,False,False,False
cust_000004,consumer,40,34,3,7259.98,47.7,0.334,1,1,141.8,True,True,True,False
cust_000005,consumer,13,10,0,36568.88,43.3,0.148,0,2,108.4,True,True,False,False
cust_000006,smb,56,47,7,361172.7,30.0,0.129,0,0,1956.8,True,True,True,False
cust_000007,enterprise,70,55,6,5835146.75,27.8,0.259,1,0,947.1,True,True,True,False
cust_000008,enterprise,73,56,4,5839762.16,26.2,0.214,1,0,1247.0,True,False,False,False
cust_000009,consumer,31,19,3,1269.33,53.1,0.08,0,0,2658.4,False,True,False,False
cust_000010,smb,18,11,0,68788.76,31.5,0.28,0,0,2243.8,True,True,False,False
cust_000011,consumer,33,23,2,18333.7,34.7,0.228,1,0,220.1,True,True,True,True
cust_000012,consumer,32,26,2,9901.18,46.1,0.314,0,1,135.9,True,True,False,False
cust_000013,consumer,46,34,2,2639.76,45.6,0.252,2,1,19.2,True,False,True,False
cust_000014,consumer,4,1,0,18003.66,51.3,0.318,6,2,142.7,True,False,True,False
cust_000015,consumer,24,19,3,585.14,38.5,0.094,0,1,123.0,True,False,False,False
cust_000016,consumer,3,2,0,23377.62,42.6,0.08,2,0,2890.2,True,True,False,False
cust_000017,consumer,7,3,0,37693.05,43.4,0.167,0,1,95.4,True,True,False,False
cust_000018,consumer,8,3,2,27031.76,36.1,0.202,6,3,13.2,True,True,False,False
cust_000019,smb,49,41,1,128295.21,30.8,0.298,6,1,89.3,True,True,False,False
cust_000020,smb,35,24,1,63862.89,24.1,0.159,0,1,45.1,True,False,False,False
cust_000021,consumer,17,9,3,2241.43,37.0,0.292,0,0,2175.9,True,True,False,False
cust_000022,consumer,2,2,0,33466.5,43.7,0.097,2,2,151.1,True,True,True,False
cust_000023,smb,54,51,4,390058.07,37.0,0.22,0,1,30.6,True,True,False,False
cust_000024,consumer,42,32,4,34630.53,49.9,0.324,2,0,2486.4,True,True,False,False
cust_000025,consumer,12,14,2,16239.41,35.5,0.196,0,0,2102.7,True,True,True,False
cust_000026,consumer,37,32,3,38520.11,35.2,0.199,1,0,1278.5,True,True,False,True
cust_000027,smb,70,52,4,281005.72,40.8,0.257,0,2,154.8,True,False,True,False
cust_000028,consumer,42,33,3,16631.52,38.9,0.061,1,2,103.8,True,False,True,False
cust_000029,consumer,37,34,0,24463.13,36.7,0.341,1,1,161.3,True,False,True,False
cust_000030,consumer,5,2,0,32827.73,48.3,0.176,0,0,2579.3,True,False,False,False
cust_000031,consumer,31,25,0,16286.29,32.0,0.118,3,2,131.0,True,False,False,False
cust_000032,consumer,7,0,0,18530.24,49.6,0.02,3,0,2214.0,True,False,False,False
cust_000033,smb,62,44,4,191026.51,37.0,0.224,2,0,869.9,True,False,True,False
cust_000034,smb,12,7,0,72582.14,26.6,0.273,1,0,779.1,True,False,False,False
cust_000035,smb,75,61,3,164544.79,22.1,0.467,2,2,71.0,True,True,False,False
cust_000036,consumer,27,18,0,19682.86,38.5,0.233,3,3,90.2,False,False,False,False
cust_000037,consumer,29,15,1,7678.3,35.0,0.314,0,2,47.5,False,False,False,False
cust_000038,smb,8,2,0,399964.97,29.0,0.104,3,0,257.1,True,True,False,False
cust_000039,consumer,44,29,0,10621.63,38.0,0.199,1,1,28.3,True,False,False,False
cust_000040,smb,50,45,3,170728.69,36.3,0.234,2,1,101.3,True,False,False,False
cust_000041,consumer,23,17,2,3223.79,45.5,0.189,0,0,1214.1,False,False,True,False
cust_000042,consumer,41,28,2,11168.25,49.8,0.135,0,1,139.7,True,False,True,False
cust_000043,consumer,24,21,0,13787.67,41.3,0.328,0,0,983.0,True,False,False,False
cust_000044,consumer,15,12,0,28942.95,41.2,0.153,2,0,820.5,True,True,False,False
cust_000045,consumer,27,17,0,39866.94,42.9,0.329,0,0,2219.6,True,False,False,False
cust_000046,consumer,47,42,2,19625.84,47.6,0.27,0,0,702.4,True,False,True,False
cust_000047,consumer,44,37,2,37791.54,45.2,0.229,0,0,1540.4,True,False,True,False
cust_000048,consumer,4,2,0,16327.94,30.0,0.227,0,3,20.8,True,False,False,False
cust_000049,consumer,28,26,0,36385.92,36.0,0.217,1,0,2888.3,True,False,False,False
cust_000050,consumer,15,16,0,7365.64,30.0,0.155,0,1,118.4,True,False,False,False
cust_000051,consumer,42,31,3,32254.27,33.3,0.266,0,0,598.3,True,False,False,False
cust_000052,smb,58,43,0,67254.39,35.8,0.289,0,0,1409.7,True,True,True,False
cust_000053,smb,75,59,4,243106.71,22.4,0.182,1,1,30.3,True,True,True,False
cust_000054,consumer,31,21,2,38777.68,40.7,0.252,0,0,2055.2,True,False,True,False
cust_000055,consumer,7,7,0,38822.3,38.9,0.156,1,0,1357.1,True,True,False,False
cust_000056,smb,28,20,4,121481.37,24.6,0.123,1,1,119.5,True,True,True,False
cust_000057,smb,16,12,1,195350.2,24.3,0.102,1,0,965.6,True,False,True,False
cust_000058,consumer,38,32,1,20575.52,51.7,0.293,3,0,2497.5,True,True,False,False
cust_000059,consumer,9,3,0,18138.62,41.1,0.304,0,2,146.2,False,True,False,False
cust_000060,consumer,20,17,0,29915.85,47.0,0.153,6,0,303.7,True,False,False,False
cust_000061,consumer,33,20,3,36462.45,28.4,0.319,6,0,2388.3,True,False,False,False
cust_000062,consumer,43,31,4,34444.02,38.3,0.212,0,0,1967.3,False,False,False,False
cust_000063,consumer,40,23,2,28303.69,30.7,0.308,0,0,357.1,True,False,True,False
cust_000064,consumer,11,12,0,7214.35,30.1,0.204,0,0,911.1,True,True,False,False
cust_000065,consumer,10,16,1,3417.55,53.5,0.155,6,1,77.3,True,False,False,False
cust_000066,consumer,22,14,4,23205.07,54.8,0.083,1,1,125.4,True,False,False,False
cust_000067,consumer,14,8,0,24479.07,37.5,0.122,1,1,111.1,True,False,False,False
cust_000068,consumer,28,28,3,1817.9,37.9,0.134,0,1,147.4,True,False,True,False
cust_000069,smb,63,54,5,387605.95,27.9,0.147,0,0,2311.6,True,False,False,False
cust_000070,smb,73,63,4,158994.52,37.8,0.207,1,0,2502.8,True,True,True,True
cust_000071,smb,73,60,3,144642.39,34.2,0.261,0,1,109.4,True,True,True,False
cust_000072,consumer,15,6,1,35546.74,31.7,0.172,0,1,26.8,True,True,False,False
cust_000073,enterprise,14,1,0,4234599.78,17.5,0.226,0,3,62.3,True,False,True,False
cust_000074,enterprise,122,90,4,822538.52,17.4,0.586,6,1,35.3,True,True,False,False
cust_000075,consumer,9,8,0,31651.43,44.1,0.413,6,0,2435.8,True,False,True,False
cust_000076,smb,77,67,5,143033.16,25.5,0.177,0,1,86.7,True,True,False,True
cust_000077,smb,68,53,8,134619.53,34.9,0.238,2,0,502.3,True,True,False,False
cust_000078,consumer,8,3,0,11363.13,45.1,0.28,0,0,477.7,True,False,False,False
cust_000079,smb,29,23,0,183426.58,39.8,0.343,0,1,53.2,True,True,False,False
cust_000080,consumer,5,9,1,33354.99,30.5,0.179,1,0,1123.0,True,True,False,False
cust_000081,smb,8,1,0,387991.48,34.0,0.266,0,1,38.4,True,False,True,False
cust_000082,consumer,27,23,0,33883.63,54.3,0.246,3,1,45.7,True,False,True,False
cust_000083,consumer,9,6,1,22869.68,38.8,0.244,0,1,36.9,True,True,False,False
cust_000084,smb,74,62,6,246565.03,39.7,0.297,0,0,1899.8,True,True,False,False
cust_000085,consumer,43,34,2,27300.21,41.1,0.241,0,0,221.5,True,True,True,False
cust_000086,consumer,0,3,1,20146.72,39.6,0.133,1,0,1311.8,True,False,False,False
cust_000087,consumer,27,26,1,23149.29,47.2,0.248,0,0,2443.7,True,False,False,False
cust_000088,smb,33,33,3,185557.08,30.0,0.191,2,0,1973.0,True,True,False,False
cust_000089,enterprise,43,31,3,1646732.44,16.3,0.335,2,1,30.6,True,True,False,False
cust_000090,consumer,36,24,5,25898.18,54.6,0.109,0,1,134.0,True,True,True,False
cust_000091,consumer,23,22,2,33352.02,30.1,0.064,1,0,1495.6,True,False,False,False
cust_000092,smb,26,21,1,142180.17,31.5,0.36,0,1,85.3,True,True,True,False
cust_000093,consumer,10,13,0,14873.97,52.8,0.28,1,0,1966.5,True,True,False,False
cust_000094,consumer,42,34,2,38594.2,44.3,0.166,0,1,111.6,True,False,True,False
cust_000095,consumer,21,9,2,32620.8,46.1,0.059,1,0,2008.9,True,True,False,False
cust_000096,consumer,31,26,2,8084.21,55.0,0.237,1,1,88.9,True,False,False,False
cust_000097,consumer,11,4,0,33338.13,48.8,0.149,0,0,2093.8,True,False,True,False
cust_000098,consumer,34,29,0,9947.16,54.1,0.328,1,0,2354.4,True,False,False,False
cust_000099,consumer,38,36,0,5966.74,34.8,0.176,1,0,2568.5,True,True,False,False
cust_000100,smb,20,22,0,335797.75,23.8,0.368,0,0,1247.1,True,True,True,False
cust_000101,consumer,45,29,3,26173.45,49.4,0.29,2,1,24.2,True,False,True,False
cust_000102,consumer,9,5,0,22177.77,47.6,0.17,0,0,2422.9,True,True,False,False
cust_000103,consumer,32,28,1,23214.37,47.4,0.252,0,0,724.5,True,False,False,False
cust_000104,consumer,32,20,2,22389.0,38.5,0.279,0,1,58.6,True,False,False,False
cust_000105,consumer,2,1,0,14415.81,37.1,0.04,1,3,80.9,True,True,False,False
cust_000106,consumer,12,18,1,2230.35,33.4,0.02,1,0,2309.2,True,True,False,False
cust_000107,consumer,7,4,0,32074.03,39.8,0.229,6,0,723.1,True,True,False,False
cust_000108,consumer,27,23,0,3617.62,44.3,0.244,1,0,1887.3,True,False,False,True
cust_000109,smb,47,39,1,253643.56,30.7,0.199,0,1,68.8,True,False,True,True
cust_000110,smb,58,47,2,33223.61,23.3,0.245,1,1,159.5,True,False,False,False
cust_000111,consumer,41,36,3,11508.25,53.9,0.232,1,2,20.7,True,False,True,False
cust_000112,consumer,31,27,2,8407.04,31.7,0.151,2,3,165.8,True,False,False,False
cust_000113,consumer,10,0,0,28616.46,53.0,0.082,1,0,762.7,True,False,True,False
cust_000114,consumer,35,31,2,5625.96,51.9,0.211,0,0,1809.7,True,True,True,False
cust_000115,consumer,8,1,0,35179.43,49.1,0.143,6,0,2750.0,True,True,True,False
cust_000116,consumer,45,32,2,9406.08,53.6,0.317,6,0,1950.1,True,True,False,False
cust_000117,consumer,10,9,0,26519.95,47.5,0.096,1,1,5.7,True,False,False,False
cust_000118,smb,55,47,2,254881.2,22.6,0.267,0,1,68.8,True,False,True,False
cust_000119,consumer,21,14,0,24463.08,36.4,0.106,3,3,22.8,True,False,True,False
cust_000120,consumer,15,19,0,6064.67,29.4,0.031,3,1,156.9,True,True,True,False
cust_000121,consumer,19,20,0,20146.13,30.4,0.281,0,0,336.2,True,False,False,False
cust_000122,consumer,0,4,0,33963.31,39.6,0.157,0,0,745.0,True,True,False,False
cust_000123,consumer,39,27,3,27375.75,31.2,0.204,2,0,2829.1,True,True,False,False
cust_000124,consumer,8,4,0,28686.88,49.7,0.216,3,0,1300.3,True,False,False,False
cust_000125,consumer,31,23,2,28495.22,36.1,0.144,1,3,98.5,True,False,False,True
cust_000126,consumer,41,27,1,31424.71,49.0,0.242,1,0,2555.3,True,False,True,False
cust_000127,consumer,1,0,0,17921.02,39.3,0.182,1,0,1520.5,True,False,False,False
cust_000128,consumer,42,37,2,19395.65,38.2,0.16,1,2,114.7,True,True,False,False
cust_000129,consumer,19,14,0,9382.25,54.3,0.289,0,1,53.9,True,False,False,False
cust_000130,consumer,43,31,3,21956.04,52.2,0.239,0,2,14.2,False,False,False,False
cust_000131,smb,36,26,3,374549.09,35.9,0.288,1,0,2075.5,True,False,True,False
cust_000132,smb,14,21,0,278852.95,24.7,0.27,3,0,2021.5,True,True,True,False
cust_000133,smb,75,64,4,108243.68,36.8,0.312,3,0,2545.3,True,True,False,False
cust_000134,consumer,47,37,2,38504.19,53.0,0.243,6,0,2969.5,True,False,False,False
cust_000135,consumer,12,8,0,32448.15,36.9,0.083,1,0,1143.9,True,False,True,False
cust_000136,consumer,25,25,2,33166.1,41.9,0.208,0,0,930.2,True,False,False,False
cust_000137,smb,3,4,0,119390.2,29.2,0.28,0,0,2121.0,True,False,False,False
cust_000138,consumer,18,18,0,15017.98,34.0,0.02,0,1,153.4,True,False,False,False
cust_000139,consumer,38,33,0,34988.83,30.2,0.343,0,0,372.9,True,False,False,False
cust_000140,consumer,33,25,0,17952.7,46.4,0.352,0,0,1363.2,True,False,False,False
cust_000141,consumer,16,10,0,32749.9,48.1,0.202,0,0,2983.5,False,True,False,True
cust_000142,consumer,8,3,0,30750.19,54.4,0.26,3,2,63.7,True,False,False,False
cust_000143,consumer,11,8,2,39717.45,38.6,0.293,2,1,164.4,True,False,False,False
cust_000144,consumer,29,29,1,14173.31,35.4,0.347,0,1,148.6,True,True,True,True
cust_000145,consumer,45,40,3,34952.39,34.6,0.264,1,1,130.6,True,False,True,False
cust_000146,consumer,36,27,3,24117.75,46.2,0.277,0,0,370.7,False,False,False,False
cust_000147,consumer,31,29,1,2351.92,37.3,0.183,1,1,69.2,True,True,False,False
cust_000148,consumer,45,39,3,6201.89,40.5,0.155,0,0,1124.7,True,False,False,False
cust_000149,smb,8,8,0,122015.4,35.5,0.084,0,1,122.0,True,True,False,False
cust_000150,enterprise,9,6,0,1507304.3,17.0,0.191,1,1,67.2,True,True,True,False
cust_000151,consumer,19,6,0,10831.68,41.8,0.227,6,0,2551.2,False,True,False,False
cust_000152,consumer,9,1,0,1140.69,42.9,0.171,0,0,888.0,True,False,False,False
cust_000153,consumer,46,39,3,25846.93,41.2,0.368,0,1,82.5,False,False,False,False
cust_000154,consumer,4,3,0,37834.93,46.0,0.198,1,0,1616.1,True,False,False,False
cust_000155,consumer,31,22,1,1121.4,42.4,0.252,2,0,1002.7,True,False,False,False
cust_000156,consumer,6,2,0,21213.22,34.5,0.087,0,2,77.7,True,False,True,False
cust_000157,consumer,41,38,1,30503.64,30.5,0.354,0,0,679.9,True,False,False,False
cust_000158,smb,14,12,3,360020.66,40.4,0.079,0,2,115.3,True,True,False,False
cust_000159,smb,4,0,0,385358.29,33.7,0.04,0,0,654.9,True,False,True,False
cust_000160,consumer,48,37,2,29719.93,49.3,0.28,0,0,412.9,True,False,False,False
cust_000161,consumer,40,28,1,11296.42,54.8,0.284,3,0,2103.1,True,True,False,False
cust_000162,smb,12,10,0,121829.37,29.6,0.14,0,2,75.3,True,True,True,False
cust_000163,consumer,32,28,1,16617.74,28.7,0.276,1,0,1278.7,True,True,True,False
cust_000164,smb,33,24,2,237344.96,25.4,0.193,0,0,1379.1,True,True,True,False
cust_000165,consumer,38,34,2,24858.42,40.4,0.249,0,1,64.4,True,False,False,False
cust_000166,consumer,38,32,2,5876.92,36.7,0.161,6,0,2145.9,True,False,True,False
cust_000167,smb,52,51,4,158705.9,40.6,0.499,0,1,5.5,True,False,True,False
cust_000168,smb,10,4,1,331206.92,37.9,0.12,1,1,132.8,True,False,True,False
cust_000169,consumer,44,32,4,17022.88,29.0,0.181,2,0,2760.3,True,True,False,False
cust_000170,consumer,36,23,3,39352.52,46.3,0.287,0,0,1629.9,True,False,False,False
cust_000171,consumer,43,33,2,23749.3,41.5,0.277,0,0,2892.8,True,False,True,False
cust_000172,consumer,13,15,1,21084.04,37.4,0.143,0,1,4.8,True,True,False,False
cust_000173,smb,68,54,1,86292.23,25.2,0.318,0,0,716.5,True,True,True,False
cust_000174,consumer,37,30,3,17467.34,28.1,0.167,1,1,90.7,True,True,True,False
cust_000175,consumer,40,25,1,12879.46,38.5,0.305,0,0,683.1,True,False,False,False
cust_000176,consumer,20,18,2,5155.54,36.2,0.087,0,0,720.1,True,False,False,False
cust_000177,consumer,31,24,2,11908.97,33.1,0.121,3,2,81.9,True,True,False,False
cust_000178,consumer,31,23,1,16917.4,50.7,0.377,0,0,1705.3,True,False,False,False
cust_000179,consumer,7,6,0,23122.21,35.2,0.112,1,1,127.9,True,True,False,False
cust_000180,consumer,15,8,1,12259.5,55.0,0.215,6,1,40.6,True,False,False,False
cust_000181,consumer,10,4,1,24837.97,49.2,0.027,1,0,1871.2,True,False,True,False
cust_000182,enterprise,137,118,9,5917283.32,24.9,0.468,6,2,22.2,True,True,False,False
cust_000183,smb,52,32,2,205994.32,33.5,0.38,0,1,148.0,True,True,True,False
cust_000184,consumer,31,25,0,13427.93,28.1,0.263,1,0,377.3,True,True,False,False
cust_000185,consumer,18,10,0,13841.33,43.6,0.185,0,1,9.1,True,False,False,False
cust_000186,smb,58,34,5,193476.89,41.8,0.371,0,2,147.4,True,True,True,False
cust_000187,consumer,3,0,0,16155.49,36.2,0.106,1,1,1.2,True,True,True,False
cust_000188,consumer,44,39,1,14071.18,31.3,0.239,0,1,18.2,True,True,False,False
cust_000189,smb,84,67,4,397317.26,24.9,0.364,1,0,2222.8,True,True,True,False
cust_000190,smb,13,15,2,360705.32,24.8,0.092,2,0,2004.9,True,True,False,False
cust_000191,enterprise,12,13,0,5132985.0,24.5,0.29,1,1,50.4,True,False,False,False
cust_000192,consumer,31,25,1,25704.25,29.9,0.199,0,1,71.3,True,True,False,False
cust_000193,consumer,37,32,2,3167.54,35.1,0.245,2,0,1960.0,True,False,False,False
cust_000194,consumer,39,39,3,6530.88,30.3,0.262,0,0,2337.0,True,False,True,False
cust_000195,enterprise,67,53,2,630063.88,15.4,0.393,1,0,2276.7,True,True,False,False
cust_000196,consumer,22,17,0,21158.71,49.1,0.335,0,2,129.8,True,False,True,False
cust_000197,smb,75,64,4,258462.48,31.9,0.328,2,0,640.5,True,False,False,False
cust_000198,smb,2,1,1,36734.4,39.3,0.094,3,1,93.3,True,False,True,False
cust_000199,consumer,46,38,2,13137.44,50.3,0.256,1,0,824.9,True,True,False,False
cust_000200,smb,41,35,2,144374.35,33.1,0.191,1,0,1856.7,True,False,True,False
cust_000201,smb,33,25,3,77215.22,40.6,0.207,1,1,2.6,True,False,True,False
cust_000202,consumer,13,8,0,21427.67,34.4,0.328,0,2,150.8,True,False,False,False
cust_000203,consumer,6,4,0,20464.4,45.2,0.24,0,1,22.8,True,False,False,False
cust_000204,smb,43,36,2,140861.93,27.4,0.282,0,0,1505.0,True,True,False,False
cust_000205,consumer,16,7,1,34173.05,30.4,0.12,1,0,802.1,True,True,False,False
cust_000206,consumer,3,3,0,27248.74,35.0,0.09,2,0,1493.7,True,True,True,False
cust_000207,enterprise,39,33,1,1429358.3,20.4,0.102,0,0,2768.8,True,False,True,False
cust_000208,smb,13,9,1,363929.63,38.6,0.125,1,1,67.0,True,False,True,False
cust_000209,consumer,17,14,0,18117.45,32.0,0.145,1,0,2671.8,True,True,False,False
cust_000210,consumer,33,25,1,10341.34,54.8,0.158,0,1,58.5,True,True,True,True
cust_000211,consumer,1,5,3,35882.71,49.0,0.153,1,1,167.9,False,True,False,False
cust_000212,smb,9,0,0,310338.9,41.0,0.043,6,0,862.3,True,False,True,False
cust_000213,smb,47,43,2,380072.32,33.3,0.258,6,2,83.2,True,True,True,False
cust_000214,consumer,33,20,0,19380.57,37.0,0.255,2,2,10.9,True,False,True,False
cust_000215,consumer,23,20,2,38442.07,38.1,0.153,0,0,582.1,True,False,False,False
cust_000216,consumer,11,13,0,28433.73,43.2,0.12,2,0,2255.2,True,True,True,False
cust_000217,consumer,36,33,4,1779.12,44.3,0.074,0,0,2822.7,True,False,True,False
cust_000218,consumer,5,3,0,32955.64,46.1,0.225,1,0,2403.7,True,True,False,False
cust_000219,consumer,26,20,1,19976.74,38.2,0.213,0,2,109.7,True,True,True,False
cust_000220,consumer,20,11,3,10814.54,30.8,0.157,3,3,57.4,False,False,False,False
cust_000221,consumer,38,31,2,35645.25,32.2,0.274,0,1,121.6,True,True,True,False
cust_000222,consumer,36,29,2,22211.67,41.3,0.361,1,0,471.6,True,False,False,False
cust_000223,consumer,25,23,1,19102.31,52.2,0.334,0,0,1268.0,True,True,False,False
cust_000224,smb,74,58,3,43422.96,37.0,0.3,6,0,1750.1,True,False,True,False
cust_000225,smb,62,53,3,237631.43,26.7,0.384,2,0,1799.4,True,True,False,False
cust_000226,enterprise,120,103,6,1285410.14,29.7,0.509,6,0,2992.4,True,False,True,False
cust_000227,smb,10,10,0,53070.43,33.1,0.139,1,2,3.1,True,True,False,False
cust_000228,consumer,36,37,1,23723.4,48.5,0.23,0,0,1162.8,True,True,False,False
cust_000229,consumer,17,12,0,16417.47,44.7,0.144,0,2,116.3,True,False,True,False
cust_000230,consumer,19,19,0,12782.5,50.8,0.283,0,1,130.3,True,False,False,False
cust_000231,consumer,26,20,3,29767.32,48.5,0.054,1,0,1071.1,True,True,False,False
cust_000232,consumer,12,10,0,35069.63,33.4,0.27,0,0,1499.8,True,False,False,False
cust_000233,consumer,28,23,0,7514.56,51.5,0.223,0,2,126.1,True,True,False,False
cust_000234,consumer,13,9,0,34355.89,45.5,0.188,2,1,2.5,False,False,False,True
cust_000235,consumer,19,15,0,28653.25,47.2,0.394,2,0,811.0,True,False,False,False
cust_000236,consumer,42,28,1,38676.18,50.7,0.263,0,0,974.2,True,True,False,False
cust_000237,consumer,12,15,2,6422.21,48.7,0.053,2,0,2049.5,True,False,False,False
cust_000238,consumer,26,9,0,16481.66,47.9,0.284,1,1,107.6,True,False,False,False
cust_000239,consumer,42,30,3,35121.54,32.9,0.252,0,1,128.4,True,False,False,False
cust_000240,consumer,47,40,2,34921.57,39.4,0.201,0,0,1976.3,True,False,False,False
cust_000241,consumer,43,32,4,15575.93,36.1,0.254,0,0,1345.7,True,False,False,False
cust_000242,smb,12,12,2,205280.72,34.6,0.202,2,0,2340.6,True,False,True,False
cust_000243,consumer,25,20,2,17446.51,40.9,0.193,2,2,150.0,True,False,True,True
cust_000244,smb,30,26,2,283539.4,28.9,0.169,2,0,1014.3,True,True,True,False
cust_000245,enterprise,93,73,5,5977991.81,21.8,0.324,3,1,4.2,True,False,True,True
cust_000246,consumer,7,13,0,14980.36,45.6,0.174,0,3,111.5,True,True,False,False
cust_000247,consumer,35,32,2,10483.16,47.0,0.347,0,0,482.7,True,False,False,False
cust_000248,smb,67,55,4,293131.17,24.4,0.315,0,0,764.7,True,True,True,False
cust_000249,consumer,30,26,0,13558.84,28.1,0.116,2,1,25.9,True,False,False,False
cust_000250,consumer,14,11,1,18541.67,54.4,0.239,2,0,2094.9,True,True,False,False
cust_000251,consumer,8,0,0,26702.52,32.6,0.249,1,2,16.5,True,True,False,False
cust_000252,consumer,24,11,2,27751.15,40.9,0.207,2,3,142.0,True,False,False,False
cust_000253,consumer,39,33,4,15500.16,37.7,0.208,2,3,22.8,False,True,False,True
cust_000254,consumer,20,9,0,988.23,51.4,0.221,6,2,87.7,True,False,False,False
cust_000255,consumer,42,30,3,27213.67,38.4,0.141,6,0,2001.5,True,False,False,False
cust_000256,consumer,31,23,3,13165.04,36.9,0.11,2,0,1443.7,True,True,False,False
cust_000257,enterprise,10,6,0,885066.93,20.6,0.189,0,0,1933.4,True,True,True,False
cust_000258,enterprise,99,81,5,5004272.65,27.1,0.408,1,0,1467.1,True,False,True,False
cust_000259,consumer,18,9,3,22133.78,38.1,0.238,0,1,125.0,True,True,True,False
cust_000260,smb,29,22,1,193677.48,37.6,0.079,2,0,2362.0,True,False,False,False
cust_000261,consumer,33,31,0,29580.45,42.9,0.325,3,1,153.0,True,True,False,False
cust_000262,consumer,38,22,4,35366.49,41.6,0.299,0,3,163.1,True,True,False,False
cust_000263,smb,40,28,1,340368.28,33.0,0.4,1,0,787.2,True,False,False,False
cust_000264,smb,24,18,1,211479.51,35.9,0.161,1,1,70.7,True,False,True,False
cust_000265,smb,68,58,4,60458.78,29.6,0.311,0,1,165.2,True,True,True,False
cust_000266,consumer,34,33,3,1776.1,50.0,0.185,2,0,865.3,True,False,True,False
cust_000267,smb,51,32,1,178295.17,37.8,0.133,0,1,34.9,True,False,True,False
cust_000268,consumer,45,30,2,26081.48,48.4,0.304,0,0,2111.4,True,True,False,False
cust_000269,consumer,35,17,2,10937.46,32.3,0.223,0,2,7.7,False,False,False,False
cust_000270,smb,40,27,4,206409.36,33.5,0.167,0,0,1614.4,True,True,True,False
cust_000271,consumer,21,19,2,13577.13,35.9,0.14,0,0,2306.0,True,True,False,False
cust_000272,consumer,39,34,1,10131.17,29.1,0.287,0,1,5.1,True,False,False,False
cust_000273,consumer,18,12,0,35982.12,33.2,0.205,0,2,90.8,True,True,False,False
cust_000274,smb,56,48,1,337552.73,26.1,0.339,2,0,2120.9,True,False,True,False
cust_000275,consumer,16,8,1,22544.33,43.5,0.245,0,1,73.3,True,False,False,False
cust_000276,consumer,48,40,1,29965.07,29.2,0.246,1,0,988.2,False,True,False,True
cust_000277,consumer,14,11,1,5887.07,38.6,0.08,6,0,2096.4,False,False,False,False
cust_000278,enterprise,42,29,1,1002440.41,14.1,0.352,2,2,58.4,True,False,False,False
cust_000279,consumer,16,11,1,8175.89,32.9,0.035,2,2,167.1,True,False,True,False
cust_000280,consumer,46,33,4,23433.53,53.7,0.22,0,0,1560.4,True,False,False,False
cust_000281,consumer,20,19,0,38367.03,32.6,0.359,1,1,47.2,True,False,False,False
cust_000282,consumer,19,14,0,19735.37,30.9,0.197,3,0,2253.9,True,False,False,False
cust_000283,consumer,37,36,2,23366.58,48.8,0.259,0,2,91.1,True,True,False,False
cust_000284,consumer,18,17,1,5788.31,41.5,0.251,6,3,115.3,True,True,True,False
cust_000285,consumer,9,7,0,29568.83,41.1,0.23,0,0,1234.4,True,True,False,False
cust_000286,consumer,29,22,1,35321.3,29.1,0.347,0,1,97.6,True,True,False,False
cust_000287,smb,11,7,1,216331.9,29.5,0.111,0,2,82.3,True,True,False,False
cust_000288,consumer,4,4,0,20824.38,35.6,0.048,1,0,1124.6,True,False,False,False
cust_000289,consumer,26,16,0,1386.62,29.2,0.233,1,0,1802.4,True,True,True,False
cust_000290,consumer,36,27,0,25686.1,51.7,0.347,1,0,1548.7,True,False,True,False
cust_000291,smb,81,63,4,270666.53,27.3,0.282,0,0,843.5,True,True,True,False
cust_000292,consumer,26,24,3,33147.31,44.3,0.031,1,1,16.6,True,False,False,True
cust_000293,smb,57,40,4,218376.81,29.4,0.284,0,1,132.9,True,True,False,False
cust_000294,consumer,6,5,0,17306.83,34.9,0.267,1,0,215.3,True,True,False,False
cust_000295,consumer,13,13,0,27666.79,36.5,0.237,1,0,2593.9,True,True,True,False
cust_000296,smb,54,45,4,229799.88,33.2,0.02,1,1,67.5,True,False,True,False
cust_000297,smb,22,18,1,58105.87,32.2,0.068,1,1,9.7,True,False,False,False
cust_000298,consumer,38,30,2,17697.41,29.7,0.319,6,0,1658.8,True,False,False,False
cust_000299,consumer,28,23,2,923.06,51.0,0.161,0,1,86.3,True,False,False,False
cust_000300,consumer,10,3,1,3930.29,35.5,0.116,0,1,154.5,True,False,False,False
cust_000301,consumer,17,15,0,9438.67,54.0,0.241,0,0,1617.5,True,False,False,False
cust_000302,consumer,16,7,0,35106.47,50.0,0.315,2,1,161.5,True,False,False,True
cust_000303,consumer,4,2,0,15615.59,49.3,0.288,2,0,1188.7,True,False,True,False
cust_000304,consumer,47,41,2,32932.45,30.1,0.175,0,2,115.1,False,False,True,False
cust_000305,smb,28,29,2,107098.86,38.7,0.138,2,0,419.8,True,True,True,False
cust_000306,enterprise,129,109,6,2415820.25,19.0,0.429,0,1,86.4,True,False,True,False
cust_000307,consumer,34,25,3,1786.22,37.4,0.09,0,0,1651.0,True,True,False,False
cust_000308,consumer,23,15,1,24704.73,35.0,0.104,0,0,789.5,True,True,False,False
cust_000309,consumer,8,7,1,39181.26,46.5,0.034,2,0,2597.7,True,False,False,False
cust_000310,consumer,26,23,0,20234.11,54.9,0.228,0,0,1789.9,True,False,True,False
cust_000311,consumer,40,25,2,4303.92,48.1,0.325,1,1,58.5,True,True,False,False
cust_000312,consumer,41,33,1,26140.67,32.7,0.241,2,2,64.6,True,False,True,False
cust_000313,smb,45,31,0,180290.27,34.2,0.428,0,0,1077.7,True,False,False,False
cust_000314,smb,48,36,3,304200.29,32.4,0.277,0,0,2282.9,True,True,True,False
cust_000315,smb,62,47,2,228404.82,22.5,0.42,0,0,634.8,True,False,True,False
cust_000316,consumer,40,32,2,5493.26,42.2,0.139,3,0,2638.5,False,False,True,False
cust_000317,consumer,37,36,1,24104.58,45.0,0.19,1,1,52.7,True,False,False,False
cust_000318,consumer,16,6,0,6650.84,28.3,0.257,1,1,83.2,True,True,False,False
cust_000319,consumer,0,2,0,22154.38,33.1,0.092,0,1,108.9,True,True,True,False
cust_000320,consumer,39,29,4,32399.21,46.5,0.216,2,0,1010.9,True,False,True,False
cust_000321,consumer,1,0,0,6509.9,54.2,0.184,0,0,1427.6,True,True,True,False
cust_000322,consumer,31,25,0,39919.56,40.5,0.383,0,1,12.9,True,True,False,False
cust_000323,smb,17,5,0,390347.43,36.3,0.362,0,3,34.3,True,True,False,False
cust_000324,consumer,19,14,0,37480.5,32.3,0.187,0,0,1209.2,True,False,False,False
cust_000325,consumer,0,0,0,7110.73,35.5,0.246,0,0,2393.7,True,False,False,False
cust_000326,consumer,5,10,0,27594.81,37.1,0.24,0,0,500.7,True,True,False,False
cust_000327,consumer,28,23,0,29460.96,28.6,0.351,0,0,2178.6,True,False,False,False
cust_000328,consumer,20,20,0,29429.9,35.4,0.202,0,0,937.4,True,True,False,False
cust_000329,consumer,1,0,0,24979.52,37.8,0.106,0,3,137.8,True,False,False,False
cust_000330,consumer,26,19,1,25815.71,31.0,0.246,3,0,1559.0,True,False,False,False
cust_000331,consumer,44,33,2,23816.89,29.3,0.391,0,2,110.5,False,False,False,False
cust_000332,consumer,47,33,4,37560.63,39.2,0.246,0,0,1050.9,False,False,True,False
cust_000333,consumer,12,6,0,8128.22,45.7,0.115,1,0,2289.1,True,False,False,False
cust_000334,consumer,6,1,0,7088.97,32.9,0.331,0,0,1082.4,False,True,False,False
cust_000335,consumer,46,48,1,13276.31,34.5,0.282,1,1,61.1,True,False,True,True
cust_000336,consumer,1,0,0,20945.57,54.8,0.182,0,1,116.2,True,False,False,False
cust_000337,consumer,2,9,0,18684.61,32.2,0.325,0,0,1040.8,True,False,True,False
cust_000338,consumer,30,22,0,7329.65,50.3,0.36,0,1,97.2,True,True,False,False
cust_000339,smb,55,41,3,373493.51,24.4,0.148,2,2,106.9,True,True,False,False
cust_000340,consumer,20,22,1,20344.86,34.0,0.132,1,0,821.8,True,True,True,False
cust_000341,consumer,3,5,0,22152.02,35.1,0.213,1,1,81.3,True,True,False,False
cust_000342,enterprise,140,112,7,1703601.29,15.1,0.531,1,0,1175.3,True,True,True,False
cust_000343,enterprise,119,94,7,3852138.29,21.0,0.389,1,0,2239.8,True,False,True,False
cust_000344,consumer,18,17,1,1042.47,46.7,0.246,1,0,1665.1,True,False,False,False
cust_000345,consumer,1,1,0,15375.96,52.5,0.144,0,0,2150.3,True,False,False,False
cust_000346,consumer,42,34,2,34157.28,45.8,0.336,0,0,2934.5,True,True,False,False
cust_000347,consumer,32,21,1,38688.26,43.1,0.226,3,0,1571.8,True,True,False,False
cust_000348,consumer,32,25,3,11397.19,29.7,0.432,3,2,38.7,True,True,True,False
cust_000349,consumer,43,34,2,24691.71,44.9,0.321,0,3,152.9,True,False,True,False
cust_000350,consumer,12,8,0,34572.21,36.3,0.372,6,0,2812.5,False,True,False,False
cust_000351,consumer,20,25,2,33661.14,31.9,0.183,6,3,51.7,True,False,False,False
cust_000352,consumer,12,10,0,4717.47,33.0,0.187,0,0,2124.7,True,False,False,False
cust_000353,consumer,45,41,1,26157.96,33.0,0.359,0,0,1344.0,False,False,False,False
cust_000354,consumer,12,20,0,30432.18,29.8,0.26,0,0,891.0,True,True,False,False
cust_000355,consumer,39,27,0,37596.0,43.4,0.28,1,0,506.1,True,False,False,False
cust_000356,consumer,47,38,0,2050.44,38.5,0.37,3,1,48.7,True,True,False,False
cust_000357,smb,61,52,3,335359.53,31.0,0.265,2,2,117.3,True,True,True,False
cust_000358,consumer,45,38,3,35883.9,51.8,0.165,0,1,16.2,True,False,True,False
cust_000359,smb,67,48,3,252587.56,25.2,0.321,0,0,2639.7,True,True,True,False
cust_000360,consumer,19,9,1,12725.97,48.8,0.227,0,1,43.3,True,False,False,True
cust_000361,smb,32,27,0,102412.06,35.2,0.303,1,0,2670.1,True,False,False,False
cust_000362,consumer,3,6,0,26304.44,29.0,0.197,3,0,1367.5,True,False,False,False
cust_000363,consumer,35,25,0,7508.06,40.3,0.202,0,0,1232.0,True,True,False,False
cust_000364,consumer,8,4,1,5319.92,51.2,0.166,0,0,2942.2,True,True,False,False
cust_000365,smb,38,33,2,182280.37,39.0,0.346,1,2,103.6,True,False,False,False
cust_000366,smb,31,25,1,289263.09,41.6,0.216,2,1,167.8,True,True,False,False
cust_000367,consumer,12,8,1,27755.67,34.9,0.196,1,1,20.0,True,True,False,False
cust_000368,smb,26,16,0,145595.64,28.8,0.288,0,1,150.0,True,True,False,False
cust_000369,smb,68,48,3,133750.62,36.5,0.423,0,1,134.5,True,True,False,False
cust_000370,consumer,24,15,0,25247.18,50.7,0.114,2,1,53.5,True,False,False,False
cust_000371,consumer,19,10,2,9037.53,36.2,0.257,2,2,75.1,True,False,False,False
cust_000372,smb,69,55,3,137936.31,28.5,0.432,6,0,302.3,True,False,True,False
cust_000373,consumer,38,29,2,34939.07,37.0,0.218,2,1,4.8,True,False,True,False
cust_000374,consumer,34,28,2,13106.42,39.9,0.224,1,0,778.4,True,True,True,False
cust_000375,consumer,15,12,2,7265.36,36.4,0.087,0,0,2729.2,True,True,True,False
cust_000376,smb,77,58,4,259198.86,35.8,0.312,2,1,14.1,True,False,False,False
cust_000377,smb,61,51,2,56959.94,28.2,0.226,0,2,25.0,True,True,True,False
cust_000378,smb,44,34,2,319735.91,39.6,0.192,0,0,2350.2,True,True,True,False
cust_000379,smb,43,34,2,231336.95,23.4,0.346,1,0,882.3,True,True,True,False
cust_000380,consumer,27,22,0,31480.4,39.8,0.268,0,2,96.9,True,False,False,False
cust_000381,smb,24,25,0,137053.57,30.1,0.176,1,1,55.7,True,True,True,False
cust_000382,consumer,48,39,3,25627.25,28.0,0.174,1,0,2108.2,True,False,False,False
cust_000383,enterprise,117,92,8,4391409.96,28.6,0.372,1,0,2573.4,True,True,False,False
cust_000384,consumer,35,33,0,32919.75,37.7,0.302,0,0,1271.8,True,False,False,False
cust_000385,consumer,24,25,0,33811.44,37.7,0.279,3,0,232.5,True,True,False,False
cust_000386,enterprise,40,28,3,782581.63,24.3,0.246,0,0,1626.4,True,True,True,False
cust_000387,consumer,36,23,1,20177.2,47.7,0.202,3,0,293.7,True,False,False,False
cust_000388,enterprise,26,32,1,1109898.64,25.7,0.24,0,2,15.8,True,False,False,False
cust_000389,consumer,37,25,1,12843.74,29.4,0.384,0,0,1513.9,True,False,False,False
cust_000390,consumer,2,0,0,27954.52,44.1,0.151,1,0,2037.7,True,False,True,False
cust_000391,consumer,4,8,0,34132.09,35.5,0.214,2,0,512.3,True,False,True,False
cust_000392,smb,35,30,3,317360.53,26.7,0.425,6,0,2500.8,True,False,True,False
cust_000393,consumer,46,39,2,25684.2,33.7,0.201,1,1,20.4,True,True,True,False
cust_000394,smb,70,53,4,108791.3,35.7,0.226,0,1,64.8,True,True,False,False
cust_000395,consumer,22,16,3,38269.25,39.7,0.07,0,0,475.2,True,True,False,False
cust_000396,smb,77,56,1,312788.97,32.4,0.423,0,0,1351.5,True,False,True,False
cust_000397,consumer,2,2,1,1436.17,30.5,0.084,2,2,107.6,True,True,False,False
cust_000398,consumer,41,37,1,22859.72,54.1,0.282,3,1,155.1,True,False,False,False
cust_000399,consumer,10,12,1,31338.89,35.5,0.19,6,0,2475.8,True,True,False,False
cust_000400,consumer,41,33,1,19936.26,31.9,0.174,1,0,404.2,True,True,False,False
cust_000401,consumer,40,25,1,534.27,29.0,0.309,0,0,210.4,True,False,False,False
cust_000402,smb,10,15,0,225248.91,22.1,0.087,3,0,2109.1,True,False,False,False
cust_000403,consumer,21,17,1,3678.04,40.4,0.089,0,0,1275.7,True,False,False,False
cust_000404,consumer,5,4,0,35465.96,39.8,0.435,0,0,2419.7,True,False,False,False
cust_000405,enterprise,10,10,0,511143.28,14.9,0.167,0,1,112.4,True,False,False,False
cust_000406,consumer,4,0,0,1956.67,31.8,0.187,1,0,682.3,True,True,False,False
cust_000407,consumer,37,28,3,3026.33,50.1,0.279,1,0,767.4,True,False,False,False
cust_000408,consumer,43,38,0,23250.7,31.7,0.332,0,0,595.5,True,False,False,False
cust_000409,smb,7,0,0,70680.93,37.8,0.121,0,2,14.5,True,False,False,False
cust_000410,consumer,44,34,1,32392.77,48.9,0.234,0,2,103.0,True,True,False,False
cust_000411,consumer,19,11,1,14240.22,28.1,0.236,1,0,1213.3,True,False,True,False
cust_000412,consumer,17,18,2,2596.23,31.0,0.238,0,2,10.0,True,True,True,False
cust_000413,smb,60,45,4,36460.64,36.8,0.247,2,0,525.0,True,False,False,False
cust_000414,consumer,43,36,3,35985.72,34.2,0.239,0,2,13.3,True,True,False,False
cust_000415,consumer,11,12,0,15799.55,31.7,0.083,6,0,556.2,True,True,True,False
cust_000416,consumer,10,7,1,30533.41,33.9,0.215,3,0,1747.7,True,False,False,False
cust_000417,consumer,30,14,1,33561.07,35.5,0.11,0,0,1822.5,False,False,True,False
cust_000418,consumer,2,1,0,2082.32,40.7,0.068,2,1,76.6,True,False,True,False
cust_000419,enterprise,39,30,2,2342912.39,17.8,0.246,1,0,1486.0,True,True,False,False
cust_000420,consumer,45,32,3,16511.73,49.3,0.134,0,2,56.6,True,False,True,False
cust_000421,consumer,13,4,2,31613.83,30.2,0.053,0,2,113.7,False,True,False,False
cust_000422,consumer,11,2,0,26102.82,47.0,0.241,1,1,124.1,True,False,False,False
cust_000423,smb,43,37,2,154030.43,27.3,0.204,0,0,1561.4,True,True,False,False
cust_000424,consumer,18,11,0,18353.15,37.9,0.386,0,2,15.6,True,True,False,False
cust_000425,consumer,7,4,1,28034.74,41.4,0.079,1,0,2914.8,True,True,False,False
cust_000426,consumer,18,16,0,7967.9,28.6,0.15,1,1,132.4,True,False,False,False
cust_000427,consumer,36,28,2,5712.19,49.3,0.289,0,3,129.5,True,True,False,False
cust_000428,smb,70,59,2,128393.7,41.5,0.347,0,0,1086.6,True,True,True,False
cust_000429,consumer,20,14,0,39131.89,32.0,0.299,1,0,269.8,False,False,False,False
cust_000430,consumer,47,35,2,22072.75,41.7,0.446,2,3,112.4,True,False,False,False
cust_000431,consumer,30,17,0,36056.89,31.8,0.248,0,1,75.5,True,True,False,False
cust_000432,consumer,17,17,0,8230.77,30.3,0.429,0,0,1888.9,True,True,False,False
cust_000433,smb,56,41,3,160459.39,29.5,0.357,6,2,15.6,True,True,False,False
cust_000434,consumer,46,38,2,38829.25,39.4,0.245,0,0,2629.1,False,True,False,False
cust_000435,consumer,26,19,2,25732.84,35.4,0.273,1,2,34.3,True,True,False,False
cust_000436,consumer,37,28,2,12504.62,43.1,0.3,6,1,79.9,True,False,False,False
cust_000437,consumer,15,12,0,1623.48,48.6,0.219,1,0,1545.4,True,True,False,False
cust_000438,smb,49,40,2,214759.83,33.5,0.352,3,0,657.3,True,True,False,False
cust_000439,consumer,33,27,2,25738.39,30.1,0.328,2,0,668.0,True,True,False,False
cust_000440,consumer,44,28,1,27689.69,30.6,0.392,0,0,1152.9,False,True,True,False
cust_000441,consumer,35,28,0,24730.42,50.4,0.274,1,1,20.0,True,True,False,False
cust_000442,consumer,19,4,2,27796.5,31.8,0.02,0,0,2284.5,True,True,False,False
cust_000443,consumer,13,8,0,5643.62,30.1,0.072,0,1,127.5,True,True,False,False
cust_000444,consumer,7,5,0,36386.91,29.2,0.212,1,0,760.1,True,True,True,False
cust_000445,consumer,37,30,0,14239.54,32.3,0.297,0,0,477.5,True,True,True,False
cust_000446,consumer,48,40,3,21716.5,54.3,0.127,0,0,1431.1,False,True,False,False
cust_000447,consumer,14,11,0,16599.33,48.6,0.288,1,0,1211.5,True,False,True,False
cust_000448,consumer,29,27,1,24215.39,36.4,0.173,2,0,394.9,True,False,False,False
cust_000449,enterprise,131,103,6,4130944.23,20.3,0.477,0,0,2146.1,True,False,False,False
cust_000450,consumer,12,11,0,13875.95,44.1,0.266,0,1,98.2,True,False,False,False
cust_000451,consumer,38,24,1,38030.48,54.7,0.269,0,0,1570.2,True,False,True,False
cust_000452,smb,65,47,5,277680.83,41.4,0.324,0,0,2304.5,True,False,True,False
cust_000453,consumer,16,17,0,21926.31,49.9,0.21,2,3,148.0,True,False,False,False
cust_000454,consumer,11,6,2,22488.33,51.2,0.091,1,0,506.3,True,False,False,False
cust_000455,consumer,10,8,0,20514.06,38.6,0.197,1,0,2937.8,True,True,True,False
cust_000456,consumer,47,34,1,23566.7,48.7,0.084,0,0,883.8,True,True,True,False
cust_000457,smb,16,18,0,148285.82,22.4,0.293,3,0,2723.9,True,False,False,False
cust_000458,consumer,24,13,1,13235.64,30.6,0.242,2,1,28.8,True,False,True,False
cust_000459,enterprise,25,24,1,5090168.79,22.6,0.244,6,0,832.5,True,True,False,False
cust_000460,consumer,4,0,0,22873.92,42.3,0.298,1,0,2057.7,True,False,True,False
cust_000461,consumer,35,31,1,7633.73,28.5,0.107,1,0,2893.9,True,False,False,False
cust_000462,consumer,27,24,1,37418.12,47.6,0.17,2,1,142.0,True,False,False,False
cust_000463,smb,36,29,2,333010.07,34.9,0.342,0,0,737.4,True,False,True,False
cust_000464,consumer,41,32,2,36273.4,33.5,0.27,1,1,8.1,True,False,True,False
cust_000465,consumer,19,12,0,34753.29,52.3,0.268,1,0,2840.9,True,True,True,False
cust_000466,smb,68,55,2,272402.51,33.6,0.327,1,1,53.3,True,False,False,False
cust_000467,smb,29,23,3,74825.61,25.5,0.16,0,0,1573.0,True,False,True,False
cust_000468,consumer,17,9,2,35237.62,53.3,0.165,6,0,2556.1,True,False,False,False
cust_000469,consumer,35,27,1,15695.26,45.3,0.095,1,0,861.9,True,True,False,False
cust_000470,smb,40,32,3,54295.12,38.5,0.357,1,2,129.0,True,True,False,False
cust_000471,enterprise,126,95,6,4500569.21,28.8,0.547,3,0,649.0,True,True,True,False
cust_000472,consumer,20,21,1,18403.84,28.7,0.103,0,0,1959.2,True,True,True,False
cust_000473,enterprise,39,26,2,5127674.45,25.0,0.178,0,1,44.5,True,False,False,False
cust_000474,consumer,11,11,0,16043.02,38.2,0.211,1,0,840.4,True,False,True,False
cust_000475,consumer,39,31,3,17441.68,35.0,0.257,3,0,2212.0,True,False,False,False
cust_000476,consumer,45,37,1,8524.24,53.5,0.298,0,0,803.6,True,False,True,False
cust_000477,smb,5,0,0,130273.33,27.2,0.052,0,1,77.5,True,True,True,False
cust_000478,consumer,45,34,2,15648.07,39.4,0.245,3,0,1192.0,True,False,False,False
cust_000479,smb,2,1,0,116389.62,34.4,0.234,0,3,94.4,True,True,False,False
cust_000480,smb,18,11,1,54066.23,36.2,0.106,0,3,47.9,True,True,False,False
cust_000481,smb,35,38,3,216449.62,30.7,0.313,0,2,93.8,True,False,True,False
cust_000482,consumer,11,7,0,1916.56,35.0,0.377,0,0,2185.3,True,False,False,False
cust_000483,consumer,5,3,1,8547.48,35.7,0.025,2,0,2056.8,True,False,True,False
cust_000484,consumer,4,6,0,10223.22,41.4,0.118,0,0,2801.6,True,True,True,False
cust_000485,smb,63,61,3,192541.1,41.1,0.307,6,1,159.8,True,False,False,False
cust_000486,consumer,13,8,2,34599.51,49.6,0.138,1,0,914.5,True,False,False,True
cust_000487,consumer,24,14,1,31289.96,35.7,0.099,0,0,1410.6,True,True,False,False
cust_000488,consumer,23,21,0,20749.8,41.2,0.165,2,1,103.5,True,False,True,False
cust_000489,consumer,14,9,2,26080.62,47.3,0.105,1,0,1511.0,True,False,True,False
cust_000490,consumer,19,14,1,33740.75,42.1,0.218,0,0,464.6,True,False,True,False
cust_000491,consumer,32,26,0,1142.61,48.0,0.31,2,0,1365.5,True,True,False,False
cust_000492,consumer,16,13,0,13982.71,52.8,0.414,0,1,73.4,True,True,True,False
cust_000493,consumer,25,25,0,34816.83,54.1,0.195,1,3,61.2,True,False,False,False
cust_000494,consumer,0,0,0,8036.68,50.0,0.24,0,0,2557.9,True,False,True,False
cust_000495,consumer,27,22,2,1361.76,32.5,0.3,6,0,2607.4,True,True,False,False
cust_000496,consumer,0,0,0,4555.21,50.9,0.045,2,3,7.2,True,False,False,False
cust_000497,smb,64,51,5,108124.2,23.2,0.269,1,0,2015.2,True,True,False,False
cust_000498,consumer,27,22,2,1321.87,35.8,0.204,3,0,1885.9,True,False,True,False
cust_000499,smb,55,46,3,336570.68,35.5,0.138,2,1,104.8,True,False,False,False
cust_000500,consumer,38,34,1,19941.34,49.4,0.282,6,0,930.3,True,True,False,False
cust_000501,smb,45,41,3,183635.78,34.4,0.279,0,0,1194.7,True,False,True,False
cust_000502,consumer,32,34,2,24369.43,30.8,0.28,2,3,131.5,True,False,True,False
cust_000503,consumer,10,0,0,25382.08,51.5,0.165,0,0,1616.5,True,True,False,False
cust_000504,consumer,12,9,0,17844.78,39.2,0.225,1,0,1242.8,True,True,False,False
cust_000505,smb,55,40,0,319141.98,24.8,0.447,3,2,87.2,True,False,True,False
cust_000506,smb,68,49,7,378584.28,23.7,0.227,2,1,108.1,True,True,False,False
cust_000507,consumer,33,27,3,38920.12,39.3,0.11,3,1,53.4,True,False,False,False
cust_000508,consumer,25,13,0,18124.47,33.5,0.179,3,1,68.6,True,True,True,False
cust_000509,smb,18,9,1,217778.49,32.8,0.285,0,0,1979.9,True,False,False,False
cust_000510,smb,40,33,2,296073.51,41.7,0.172,0,0,2022.7,True,True,False,False
cust_000511,enterprise,65,56,4,2296921.67,18.6,0.166,1,1,87.8,True,True,False,False
cust_000512,consumer,6,3,0,6288.85,39.5,0.136,0,0,2095.1,True,False,False,False
cust_000513,consumer,40,32,3,17225.18,39.9,0.181,6,1,25.1,True,False,True,False
cust_000514,smb,17,15,1,283898.87,31.1,0.02,0,1,19.4,True,True,False,False
cust_000515,consumer,23,15,1,12478.77,41.1,0.169,1,0,2703.9,False,True,False,False
cust_000516,consumer,22,14,1,3168.8,29.2,0.139,0,1,140.2,True,True,False,False
cust_000517,consumer,9,8,1,34720.65,36.8,0.044,0,0,1307.1,True,False,False,False
cust_000518,consumer,10,9,0,28434.74,43.4,0.152,1,0,1932.4,True,True,False,False
cust_000519,consumer,1,0,0,5251.19,53.3,0.168,2,0,2175.7,False,False,False,False
cust_000520,consumer,2,0,0,19913.19,53.2,0.255,0,0,2943.4,True,True,True,False
cust_000521,consumer,26,21,2,27305.04,29.6,0.182,1,0,476.5,True,False,True,False
cust_000522,smb,8,2,0,96972.59,37.0,0.183,0,0,1501.5,True,True,True,False
cust_000523,smb,36,24,3,230548.6,33.7,0.285,1,0,1791.1,True,False,False,False
cust_000524,consumer,34,23,1,39419.69,49.1,0.33,0,0,2522.2,True,False,True,False
cust_000525,consumer,38,28,4,10410.11,46.4,0.181,0,1,48.0,True,False,True,False
cust_000526,consumer,8,8,0,29140.41,55.0,0.038,3,2,107.1,False,False,True,False
cust_000527,consumer,13,10,2,18662.07,44.2,0.154,1,0,1534.3,False,False,False,False
cust_000528,smb,52,40,2,224489.95,37.7,0.446,1,1,60.0,True,False,True,False
cust_000529,smb,3,3,0,67410.27,29.4,0.172,2,1,114.7,True,True,False,False
cust_000530,smb,30,21,2,109018.02,31.9,0.313,0,0,2499.1,True,False,False,False
cust_000531,consumer,42,30,1,29683.19,46.1,0.258,1,1,22.3,False,False,False,False
cust_000532,consumer,43,31,1,1413.14,54.2,0.222,0,0,2084.7,True,False,True,False
cust_000533,consumer,7,0,0,27366.85,40.6,0.281,3,0,978.2,True,False,True,False
cust_000534,consumer,36,29,3,32403.08,54.7,0.376,0,0,376.0,True,True,False,True
cust_000535,smb,44,32,0,339392.88,26.9,0.359,2,1,87.8,True,True,False,False
cust_000536,consumer,28,23,1,23367.91,30.3,0.172,0,0,2773.5,True,True,False,False
cust_000537,consumer,35,35,0,2562.02,50.9,0.354,0,2,132.5,True,False,False,False
cust_000538,consumer,6,5,0,13914.85,53.3,0.149,0,0,389.1,True,True,False,False
cust_000539,consumer,26,23,1,19515.27,44.8,0.264,0,0,1836.7,True,False,False,False
cust_000540,consumer,9,5,1,6322.66,36.3,0.262,1,0,1619.9,True,False,False,False
cust_000541,consumer,12,9,0,31517.92,37.2,0.091,6,0,1127.2,True,False,False,False
cust_000542,consumer,29,14,1,35106.17,52.6,0.157,0,0,1546.1,True,False,False,False
cust_000543,consumer,0,0,0,14831.28,30.0,0.157,0,0,1839.9,True,True,True,False
cust_000544,consumer,16,10,0,28894.05,37.2,0.367,3,0,2096.9,True,False,True,False
cust_000545,consumer,15,13,1,15100.81,38.1,0.266,2,1,73.4,True,True,False,False
cust_000546,consumer,34,18,0,15438.72,38.1,0.287,1,0,1699.3,True,True,True,False
cust_000547,smb,67,54,4,387986.04,39.7,0.33,0,1,11.8,True,False,False,False
cust_000548,consumer,29,18,1,7570.44,47.2,0.323,1,1,133.0,True,True,False,False
cust_000549,consumer,13,9,0,12586.96,52.0,0.121,0,0,576.1,True,False,False,False
cust_000550,consumer,39,27,2,13786.77,40.2,0.182,0,0,943.7,True,False,True,False
cust_000551,consumer,5,4,0,31542.0,53.0,0.188,0,0,750.6,True,True,False,False
cust_000552,consumer,45,39,1,24359.34,31.7,0.24,2,0,1170.6,False,False,False,False
cust_000553,consumer,41,31,3,20749.56,48.6,0.289,0,1,80.2,True,False,False,False
cust_000554,consumer,5,4,0,12866.46,33.1,0.192,1,0,1817.0,True,False,True,False
cust_000555,smb,45,40,2,105686.44,30.5,0.134,1,0,1843.5,True,True,True,False
cust_000556,enterprise,106,80,7,5886981.06,17.3,0.378,1,0,2705.3,True,True,False,True
cust_000557,consumer,31,26,2,1560.12,33.4,0.172,0,0,1668.3,True,True,True,False
cust_000558,smb,52,37,2,79673.47,24.2,0.479,3,0,775.9,True,False,True,False
cust_000559,smb,77,65,3,97129.68,36.3,0.382,6,0,2508.8,True,True,True,False
cust_000560,consumer,29,21,4,23257.24,47.9,0.026,1,0,1916.5,True,True,True,False
cust_000561,smb,60,49,3,166172.7,35.2,0.266,1,0,2679.5,True,False,False,False
cust_000562,consumer,46,24,2,29035.17,33.9,0.026,0,0,2346.3,True,False,True,False
cust_000563,consumer,4,0,0,25735.23,46.2,0.183,0,0,305.8,True,False,True,False
cust_000564,consumer,29,23,4,3195.37,42.8,0.24,2,0,250.6,True,True,False,False
cust_000565,consumer,48,44,2,942.82,35.4,0.3,1,2,89.9,True,True,False,False
cust_000566,consumer,42,33,2,35931.89,38.5,0.396,2,2,63.6,True,True,False,False
cust_000567,consumer,12,9,1,27358.4,29.7,0.159,2,1,121.9,True,False,False,False
cust_000568,consumer,39,33,2,8681.21,42.6,0.263,0,0,1085.5,True,False,True,False
cust_000569,consumer,23,22,0,2235.59,51.9,0.314,0,3,120.0,True,False,False,False
cust_000570,consumer,20,11,0,39265.93,46.8,0.205,1,2,54.1,True,False,False,False
cust_000571,consumer,24,15,0,20685.53,48.0,0.243,0,0,2325.0,True,True,False,False
cust_000572,consumer,8,7,1,15293.68,36.0,0.328,1,2,124.5,True,True,False,False
cust_000573,consumer,26,22,3,26097.83,35.8,0.187,0,0,1710.1,False,False,True,False
cust_000574,smb,79,65,6,351628.2,32.4,0.371,6,0,2977.6,True,True,True,False
cust_000575,smb,28,24,1,109797.85,23.6,0.164,2,0,694.0,True,True,True,False
cust_000576,consumer,30,22,2,3660.63,54.3,0.121,2,1,137.9,True,True,False,False
cust_000577,smb,40,33,2,246169.68,25.1,0.189,0,0,1250.4,True,True,True,False
cust_000578,consumer,12,9,0,665.13,51.3,0.13,0,1,65.1,True,False,True,False
cust_000579,enterprise,37,31,2,2493508.27,23.0,0.318,0,2,121.6,True,True,False,False
cust_000580,consumer,27,28,2,29558.74,34.5,0.116,1,1,44.6,True,False,True,False
cust_000581,enterprise,47,33,1,370323.11,26.3,0.167,0,0,2722.8,True,True,True,False
cust_000582,consumer,19,19,0,20275.55,42.4,0.213,3,2,19.2,True,False,False,False
cust_000583,consumer,47,30,5,16219.82,36.3,0.176,0,0,2149.7,True,False,False,False
cust_000584,consumer,45,34,2,5806.12,41.1,0.22,0,1,136.1,True,False,False,False
cust_000585,smb,15,10,0,349977.56,25.3,0.285,0,0,1839.8,True,False,True,False
cust_000586,smb,2,4,0,272822.47,37.8,0.178,1,3,45.4,True,False,False,False
cust_000587,consumer,21,13,2,39978.08,50.1,0.131,0,0,1196.9,True,True,False,False
cust_000588,smb,19,5,0,29758.56,24.5,0.227,0,1,146.3,True,False,True,False
cust_000589,enterprise,88,67,7,394792.73,19.8,0.333,0,0,1898.9,True,True,True,False
cust_000590,smb,62,54,2,395011.16,39.1,0.324,0,0,1801.3,True,True,True,False
cust_000591,consumer,43,36,0,39854.04,54.7,0.357,6,0,1713.9,True,True,False,False
cust_000592,consumer,45,34,3,1654.26,53.1,0.216,1,2,113.0,True,False,False,False
cust_000593,smb,44,41,2,351337.43,40.6,0.158,1,0,2208.8,True,True,False,False
cust_000594,smb,31,26,2,104949.32,24.3,0.203,2,0,1229.7,True,False,False,True
cust_000595,consumer,34,17,0,7999.38,38.5,0.349,2,2,22.1,True,False,True,True
cust_000596,smb,42,36,1,74986.3,40.9,0.184,0,1,134.8,True,True,True,False
cust_000597,consumer,45,37,2,23171.89,45.0,0.335,6,0,2468.6,True,False,False,False
cust_000598,consumer,47,39,4,2576.37,51.4,0.039,1,1,166.5,True,True,False,False
cust_000599,smb,52,48,2,47292.82,36.5,0.475,1,0,472.5,True,False,False,False
cust_000600,smb,40,36,3,193862.35,25.3,0.209,0,1,123.8,True,False,False,False
cust_000601,enterprise,43,36,2,2446368.02,29.7,0.218,0,0,1526.9,True,True,False,False
cust_000602,consumer,9,10,0,25265.42,38.9,0.064,6,1,63.7,True,False,False,False
cust_000603,smb,50,40,2,124582.1,35.1,0.32,0,0,2072.6,True,True,False,False
cust_000604,consumer,47,24,6,4234.85,44.0,0.138,0,0,2198.6,True,False,False,False
cust_000605,consumer,34,23,4,31447.24,42.3,0.226,1,1,109.8,True,True,False,False
cust_000606,smb,25,19,1,22023.12,30.9,0.116,0,0,2308.6,True,True,True,False
cust_000607,consumer,42,30,3,503.38,36.1,0.196,2,1,75.3,True,False,False,False
cust_000608,consumer,34,26,1,20668.32,46.6,0.299,2,0,575.8,True,False,True,False
cust_000609,consumer,35,28,3,10571.21,38.3,0.154,0,0,1391.0,True,False,True,False
cust_000610,enterprise,55,41,2,4372336.32,23.0,0.386,0,1,64.3,True,True,True,False
cust_000611,consumer,26,27,0,3105.39,45.3,0.309,0,2,38.7,True,True,False,False
cust_000612,consumer,7,3,2,7441.39,47.7,0.02,1,2,93.1,True,False,True,False
cust_000613,consumer,22,17,1,32340.36,46.3,0.11,3,0,1858.5,True,False,False,False
cust_000614,consumer,36,27,0,29549.18,29.4,0.278,1,1,31.6,False,False,False,False
cust_000615,consumer,45,33,1,35314.81,50.0,0.449,3,0,1075.7,True,True,False,False
cust_000616,consumer,3,8,0,3841.11,35.7,0.356,1,2,23.8,True,False,False,False
cust_000617,consumer,0,0,0,24843.32,52.6,0.023,1,1,41.8,True,False,False,False
cust_000618,consumer,38,34,4,2173.06,40.1,0.197,0,0,573.3,True,True,False,False
cust_000619,enterprise,92,64,3,5510057.5,18.0,0.395,0,0,1021.9,True,False,False,False
cust_000620,consumer,41,40,1,20863.4,52.1,0.3,0,0,1035.4,True,True,False,False
cust_000621,consumer,27,20,0,19935.82,30.3,0.254,0,0,635.8,True,True,False,False
cust_000622,consumer,11,14,0,21688.88,35.3,0.153,2,0,2674.0,True,True,True,False
cust_000623,consumer,21,17,1,36089.41,32.3,0.291,1,0,1379.1,True,False,False,False
cust_000624,smb,53,44,2,210706.26,40.5,0.331,0,0,1600.0,True,True,False,False
cust_000625,enterprise,8,7,0,2775672.54,18.6,0.194,0,0,1631.5,True,False,False,False
cust_000626,consumer,27,23,0,8337.29,47.1,0.207,6,0,1976.5,True,True,True,False
cust_000627,smb,56,44,4,26711.31,26.0,0.195,1,1,164.7,True,True,True,False
cust_000628,consumer,7,3,1,11135.22,35.6,0.137,0,0,2285.3,True,False,False,False
cust_000629,consumer,31,25,2,14861.46,36.2,0.222,1,2,56.3,True,True,False,False
cust_000630,consumer,41,34,2,11399.9,43.8,0.179,0,3,148.6,True,True,False,False
cust_000631,enterprise,93,70,5,2018415.58,21.6,0.273,0,0,1371.0,True,False,False,False
cust_000632,consumer,22,15,0,35849.06,40.1,0.314,3,0,261.2,True,False,True,True
cust_000633,consumer,44,36,1,8012.54,50.0,0.299,1,0,1425.7,True,False,False,False
cust_000634,consumer,0,0,0,6820.12,33.9,0.172,1,0,1049.5,True,False,False,False
cust_000635,consumer,15,7,1,12027.81,45.3,0.157,0,2,9.6,False,False,True,False
cust_000636,consumer,40,37,3,24403.8,38.0,0.098,0,0,1109.0,True,False,False,False
cust_000637,enterprise,51,38,1,1759127.11,14.3,0.19,3,0,2223.3,True,False,True,False
cust_000638,consumer,13,9,2,32765.46,34.0,0.189,0,0,2233.6,True,False,True,False
cust_000639,consumer,11,2,0,7959.97,41.2,0.079,0,0,697.7,True,False,True,False
cust_000640,consumer,41,26,2,38830.23,30.7,0.293,0,0,2514.4,True,False,True,False
cust_000641,consumer,9,2,0,37574.64,44.2,0.175,2,0,2491.1,True,True,True,False
cust_000642,smb,22,17,2,136806.3,31.6,0.167,0,0,1725.0,True,False,True,True
cust_000643,consumer,14,16,0,17371.85,32.0,0.159,3,0,2675.8,True,True,True,False
cust_000644,consumer,18,21,2,14613.66,44.6,0.311,1,0,1685.3,True,False,True,False
cust_000645,consumer,18,10,2,14261.23,30.8,0.103,3,1,119.8,True,True,False,False
cust_000646,consumer,20,19,0,6337.32,40.1,0.245,0,1,25.2,True,True,False,False
cust_000647,consumer,30,22,2,27890.12,39.2,0.141,2,1,42.1,True,False,False,False
cust_000648,smb,51,33,2,51774.73,36.3,0.315,0,0,769.2,True,True,True,False
cust_000649,consumer,22,14,1,14753.91,50.9,0.165,0,1,93.1,False,False,True,False
cust_000650,smb,17,12,1,385579.75,36.1,0.263,1,1,13.3,True,False,True,False
cust_000651,consumer,4,2,0,992.87,50.4,0.234,0,0,1676.9,False,False,False,False
cust_000652,consumer,0,0,0,11827.38,32.2,0.151,0,1,114.5,True,False,False,False
cust_000653,consumer,45,31,2,9478.94,53.1,0.305,0,2,125.1,True,True,False,False
cust_000654,enterprise,25,17,3,4954385.36,21.5,0.182,2,1,33.5,True,True,False,False
cust_000655,consumer,18,12,1,6929.04,30.9,0.204,3,0,764.8,False,True,True,False
cust_000656,consumer,30,24,1,2304.38,36.5,0.2,0,0,2305.2,True,False,False,False
cust_000657,consumer,47,40,2,20391.35,41.6,0.261,2,0,2632.7,True,True,False,False
cust_000658,consumer,45,35,2,9647.02,33.8,0.22,1,3,102.7,True,False,False,False
cust_000659,consumer,39,18,3,34310.13,39.6,0.128,0,0,1909.1,True,True,False,False
cust_000660,smb,20,20,0,311200.58,28.2,0.304,0,0,1027.7,True,True,True,False
cust_000661,smb,60,45,3,118018.76,31.5,0.464,1,0,547.1,True,True,False,False
cust_000662,smb,18,11,0,187514.52,32.2,0.293,0,2,166.5,True,False,True,False
cust_000663,consumer,35,30,1,813.75,51.0,0.305,0,0,1287.0,True,True,False,False
cust_000664,smb,61,56,5,61465.24,25.6,0.176,0,0,1158.8,True,True,False,False
cust_000665,consumer,34,29,1,6651.77,40.7,0.202,0,0,1264.8,False,True,False,False
cust_000666,consumer,1,0,0,38129.48,46.5,0.18,0,0,2194.2,True,False,False,False
cust_000667,smb,13,11,1,360083.5,30.6,0.157,0,2,81.4,True,False,False,False
cust_000668,smb,75,61,2,167872.43,22.2,0.495,1,0,2961.8,True,False,False,False
cust_000669,consumer,29,25,0,37385.87,41.5,0.396,1,0,2222.4,False,False,False,False
cust_000670,consumer,37,33,2,4349.12,33.9,0.192,0,0,2866.7,False,False,True,False
cust_000671,consumer,19,14,0,20332.37,51.4,0.116,0,0,1186.2,True,False,False,False
cust_000672,consumer,27,23,2,15238.3,42.9,0.172,1,1,118.2,False,False,True,False
cust_000673,smb,13,16,0,266857.34,34.3,0.252,2,2,17.7,True,True,True,False
cust_000674,consumer,14,17,2,31186.77,42.9,0.217,2,0,2742.4,True,False,False,False
cust_000675,smb,66,51,3,127769.68,39.6,0.476,2,0,876.4,True,True,True,False
cust_000676,consumer,33,21,4,32891.36,44.2,0.221,6,0,2004.4,True,False,False,False
cust_000677,consumer,46,36,1,7361.83,52.4,0.295,0,1,85.2,True,False,False,False
cust_000678,consumer,35,28,2,6782.6,36.7,0.367,0,0,1722.3,False,False,True,False
cust_000679,enterprise,97,78,5,1363364.48,24.4,0.44,2,1,135.8,True,True,True,False
cust_000680,consumer,1,4,0,25716.27,43.6,0.123,0,2,16.5,True,True,False,False
cust_000681,consumer,1,0,0,16842.93,41.1,0.115,0,2,106.8,True,True,True,False
cust_000682,consumer,40,44,1,24462.87,28.8,0.17,1,0,2276.8,False,True,True,True
cust_000683,consumer,9,7,0,9044.11,37.9,0.174,0,0,2136.5,True,True,True,False
cust_000684,smb,39,22,3,197476.62,38.2,0.27,0,1,120.8,True,True,False,False
cust_000685,consumer,13,8,1,38173.6,41.2,0.116,2,1,105.0,True,False,False,False
cust_000686,consumer,4,6,0,18251.43,52.0,0.074,3,2,89.6,True,True,False,False
cust_000687,consumer,15,14,0,3369.29,45.7,0.31,0,0,230.5,True,False,False,False
cust_000688,consumer,24,20,2,11702.76,33.7,0.145,2,1,96.8,True,False,False,False
cust_000689,consumer,3,0,0,32207.65,41.5,0.157,0,0,1115.2,True,False,True,False
cust_000690,smb,2,3,0,366424.39,27.7,0.3,0,1,12.6,True,False,False,False
cust_000691,smb,53,36,2,50311.54,37.5,0.303,0,3,83.4,True,False,False,False
cust_000692,consumer,14,13,1,2389.45,28.3,0.143,0,0,2726.4,True,False,False,False
cust_000693,smb,35,24,3,355661.35,22.9,0.22,0,1,133.2,True,False,False,False
cust_000694,consumer,20,23,0,34544.85,48.3,0.156,0,0,1818.1,True,False,True,False
cust_000695,consumer,16,15,0,30764.98,47.2,0.335,0,1,143.9,True,True,False,False
cust_000696,consumer,29,25,2,32831.2,33.1,0.123,2,1,53.1,True,True,False,False
cust_000697,consumer,23,15,0,15730.24,40.2,0.205,0,0,1384.7,True,False,False,False
cust_000698,consumer,6,6,0,29928.53,34.5,0.29,0,0,2795.4,True,False,True,False
cust_000699,consumer,3,3,1,17932.95,38.0,0.156,3,0,730.5,True,True,False,False
cust_000700,consumer,3,2,0,26030.62,53.9,0.223,0,0,834.1,True,False,False,False
cust_000701,smb,36,29,2,208165.23,25.4,0.343,1,0,208.7,True,False,False,False
cust_000702,smb,32,27,2,84688.38,35.6,0.021,1,0,258.3,True,False,True,False
cust_000703,consumer,22,20,0,38796.89,43.7,0.242,0,1,95.7,False,False,False,False
cust_000704,consumer,6,2,1,4449.7,49.7,0.085,1,0,1484.5,True,True,False,False
cust_000705,consumer,38,34,0,19632.02,35.3,0.288,0,0,816.7,False,True,True,False
cust_000706,consumer,27,25,4,14697.09,48.1,0.02,3,1,151.2,True,False,False,False
cust_000707,consumer,21,8,2,15945.54,39.3,0.171,0,0,1161.2,True,False,False,False
cust_000708,smb,38,32,1,61872.42,22.2,0.231,0,0,655.3,True,True,True,False
cust_000709,consumer,37,25,3,5375.71,41.2,0.21,2,0,585.6,True,False,False,False
cust_000710,consumer,5,3,0,28671.29,31.9,0.228,0,2,42.5,True,True,False,False
cust_000711,smb,40,30,0,246874.74,25.5,0.374,2,0,2349.4,True,True,True,False
cust_000712,consumer,40,33,0,18715.6,33.0,0.391,1,0,2118.5,True,True,False,False
cust_000713,consumer,35,30,2,1543.67,48.7,0.253,3,1,97.9,True,False,False,False
cust_000714,consumer,25,13,1,5474.47,46.1,0.068,0,0,2961.3,True,False,False,False
cust_000715,consumer,3,1,0,5296.99,43.8,0.153,1,0,1773.7,False,True,False,False
cust_000716,consumer,40,36,2,12780.19,54.7,0.235,0,0,538.9,True,True,False,False
cust_000717,consumer,3,0,0,37078.76,36.1,0.167,0,1,44.5,True,False,False,False
cust_000718,consumer,1,0,0,7799.91,50.1,0.149,0,0,2069.1,False,False,False,False
cust_000719,consumer,6,0,0,18826.57,50.0,0.226,0,0,1825.5,True,False,False,False
cust_000720,smb,47,37,1,385862.68,31.4,0.383,2,0,1176.7,True,True,True,False
cust_000721,consumer,46,36,3,22744.34,40.4,0.21,2,1,155.2,True,False,False,False
cust_000722,consumer,11,9,0,23253.54,53.0,0.243,6,0,1928.9,True,True,False,False
cust_000723,consumer,6,7,0,20227.64,46.3,0.226,2,2,133.9,True,False,False,False
cust_000724,enterprise,22,24,1,652981.88,18.0,0.136,1,0,687.4,True,True,True,False
cust_000725,consumer,12,10,0,10473.55,39.8,0.25,0,1,136.0,True,False,False,False
cust_000726,consumer,8,2,1,35784.99,37.7,0.198,2,2,108.3,True,False,False,False
cust_000727,consumer,39,32,2,36040.35,51.0,0.164,1,2,96.0,True,False,True,False
cust_000728,consumer,34,35,1,13571.33,34.0,0.255,0,2,162.7,True,False,False,False
cust_000729,consumer,25,26,2,24936.47,42.7,0.124,3,3,110.1,True,False,True,False
cust_000730,consumer,13,15,0,22109.95,47.8,0.244,0,2,152.0,True,False,True,False
cust_000731,enterprise,26,18,2,5358856.21,21.7,0.287,0,0,830.7,True,True,False,False
cust_000732,consumer,3,4,1,1540.98,49.1,0.044,0,0,1283.9,True,True,False,False
cust_000733,consumer,7,9,0,35937.3,54.5,0.217,0,0,849.7,True,True,False,False
cust_000734,smb,74,61,3,37396.29,38.0,0.382,0,0,1079.6,True,False,False,False
cust_000735,consumer,42,34,2,5333.87,30.1,0.358,0,1,60.6,False,True,False,False
cust_000736,smb,39,33,1,350208.96,26.9,0.24,0,0,2861.6,True,True,False,False
cust_000737,consumer,19,14,0,29805.39,33.7,0.332,0,3,117.6,True,False,True,False
cust_000738,consumer,17,14,0,23735.49,36.1,0.266,0,0,1443.3,True,True,False,False
cust_000739,consumer,2,0,0,21891.19,37.4,0.176,3,2,152.5,True,False,False,False
cust_000740,smb,57,51,2,348982.07,37.7,0.354,6,2,49.0,False,True,True,False
cust_000741,smb,35,23,2,81768.57,29.6,0.048,0,0,2438.8,True,True,True,False
cust_000742,consumer,25,19,2,2024.95,35.4,0.111,0,0,2050.2,True,False,False,True
cust_000743,consumer,2,0,0,38652.48,41.0,0.111,0,2,47.2,True,True,True,False
cust_000744,smb,37,29,2,118625.51,31.9,0.319,0,1,31.8,True,True,True,False
cust_000745,consumer,45,31,5,39682.86,54.3,0.196,2,0,325.3,True,True,False,False
cust_000746,consumer,13,12,0,13368.67,38.0,0.099,0,0,2406.9,True,True,False,False
cust_000747,enterprise,13,4,3,1213783.07,14.7,0.037,0,0,2462.5,True,False,False,False
cust_000748,consumer,13,9,0,15464.17,43.7,0.211,6,2,166.7,True,False,False,False
cust_000749,consumer,7,0,0,33980.01,42.2,0.207,1,0,953.7,True,True,True,False
cust_000750,smb,48,44,2,107738.47,28.3,0.093,0,0,1769.3,True,True,False,False
cust_000751,smb,31,28,2,236350.06,38.5,0.284,2,0,1837.3,True,True,True,False
cust_000752,consumer,26,12,1,20448.52,32.0,0.24,0,0,1372.2,True,False,False,False
cust_000753,smb,57,47,4,29093.96,25.3,0.301,1,0,1382.6,True,False,True,False
cust_000754,consumer,21,18,1,23863.38,44.6,0.199,0,0,1459.3,True,True,False,False
cust_000755,consumer,37,25,4,36695.5,53.3,0.263,1,0,2018.3,True,False,False,False
cust_000756,enterprise,30,28,2,1623902.21,21.9,0.116,3,0,1275.4,True,False,True,False
cust_000757,smb,28,21,2,183604.31,27.6,0.154,0,0,1006.0,True,True,True,False
cust_000758,consumer,38,29,1,30262.02,53.0,0.313,2,0,2727.1,False,False,False,True
cust_000759,smb,5,11,1,160425.41,27.6,0.113,0,0,1470.8,True,False,False,False
cust_000760,smb,65,58,3,119961.48,39.3,0.376,0,1,122.5,True,True,True,False
cust_000761,consumer,4,5,1,28418.99,36.5,0.097,3,1,54.0,True,False,False,True
cust_000762,consumer,0,1,0,10213.59,43.8,0.18,0,0,1590.8,True,False,True,False
cust_000763,smb,29,27,0,21215.13,23.3,0.247,0,0,936.6,True,True,False,False
cust_000764,consumer,11,13,0,35176.64,50.7,0.081,1,0,1027.2,True,False,False,False
cust_000765,consumer,28,22,2,13353.18,45.9,0.261,0,0,2151.5,True,False,False,False
cust_000766,consumer,26,20,2,27645.27,28.8,0.243,1,0,2090.0,True,False,False,False
cust_000767,consumer,31,21,2,29263.38,37.2,0.152,0,0,666.3,True,False,False,False
cust_000768,consumer,38,34,2,21820.81,53.7,0.256,0,1,11.6,True,True,False,False
cust_000769,smb,52,38,3,346694.68,26.6,0.101,0,0,2253.3,True,True,True,False
cust_000770,consumer,25,19,1,31758.07,29.1,0.137,0,1,136.8,True,True,False,False
cust_000771,smb,11,4,0,48078.29,36.4,0.111,0,1,102.0,True,False,False,False
cust_000772,consumer,19,15,0,31498.48,39.5,0.191,6,0,1254.4,True,True,False,False
cust_000773,consumer,44,35,4,21561.55,34.6,0.216,0,0,1730.4,True,True,False,False
cust_000774,consumer,23,17,2,19333.85,30.9,0.159,1,0,2837.9,True,True,False,False
cust_000775,consumer,36,27,0,30542.97,29.6,0.297,2,1,7.1,True,False,False,False
cust_000776,consumer,35,25,3,31890.48,42.7,0.145,1,1,166.8,True,True,False,False
cust_000777,smb,22,23,2,217576.83,24.4,0.331,0,2,83.7,True,True,True,False
cust_000778,consumer,0,0,0,12221.67,39.8,0.107,1,0,2020.6,True,False,True,False
cust_000779,smb,68,50,4,249716.76,31.4,0.371,2,3,155.9,True,False,True,False
cust_000780,consumer,30,23,2,3148.4,54.4,0.176,0,0,1512.3,True,True,False,False
cust_000781,consumer,12,4,1,11345.93,50.2,0.09,0,1,68.3,True,False,False,False
cust_000782,consumer,46,34,2,9049.44,32.8,0.16,0,0,2589.5,True,False,False,False
cust_000783,smb,28,21,2,83877.77,37.7,0.2,2,0,661.5,True,True,False,False
cust_000784,consumer,28,20,3,17303.53,40.7,0.177,2,1,60.3,True,True,True,False
cust_000785,consumer,10,11,0,37846.85,50.5,0.041,1,0,2409.1,True,False,False,False
cust_000786,consumer,23,16,2,34287.21,48.8,0.061,3,0,1247.8,False,False,True,False
cust_000787,consumer,37,24,1,12760.43,30.5,0.313,3,0,293.9,True,False,True,False
cust_000788,consumer,40,38,2,2760.47,43.4,0.142,0,0,2299.8,True,False,True,False
cust_000789,consumer,45,36,3,6551.07,47.9,0.209,0,1,10.4,True,True,True,False
cust_000790,enterprise,55,41,4,4034099.77,25.8,0.388,0,3,121.6,True,True,False,False
cust_000791,consumer,3,0,0,3065.72,50.3,0.161,0,0,971.5,True,False,True,False
cust_000792,smb,2,4,1,138242.52,33.2,0.145,3,0,2770.4,True,True,True,False
cust_000793,consumer,10,6,0,31655.1,33.9,0.213,2,0,2544.5,True,False,True,False
cust_000794,consumer,3,1,1,15482.76,35.8,0.02,0,0,2942.0,True,False,True,False
cust_000795,consumer,41,36,2,21160.19,50.4,0.209,3,0,636.0,True,False,False,False
cust_000796,consumer,18,6,1,8694.15,46.9,0.202,2,0,1509.5,True,True,False,False
cust_000797,consumer,37,27,0,13258.14,43.2,0.154,0,0,1204.9,False,True,False,False
cust_000798,smb,25,17,1,366996.55,28.1,0.364,0,0,1417.9,True,False,True,False
cust_000799,consumer,43,35,3,16345.55,29.1,0.207,3,2,19.0,True,True,False,False
cust_000800,consumer,10,17,0,36932.97,51.9,0.258,2,0,1132.8,False,False,True,False
cust_000801,smb,60,58,3,170477.67,31.2,0.255,0,0,716.9,True,True,False,False
cust_000802,consumer,23,22,2,695.32,32.3,0.139,0,0,1497.8,True,False,False,False
cust_000803,smb,53,44,4,313838.97,40.0,0.125,0,0,400.6,True,False,False,False
cust_000804,consumer,15,14,0,15080.74,37.2,0.212,1,0,726.3,True,False,False,False
cust_000805,consumer,18,5,0,12788.14,46.2,0.23,6,0,1315.0,True,True,False,False
cust_000806,smb,53,40,4,325349.1,22.2,0.176,0,2,68.1,True,True,True,False
cust_000807,consumer,28,25,1,20331.43,49.1,0.082,6,0,700.8,True,False,False,False
cust_000808,consumer,45,38,0,23811.04,33.3,0.306,0,0,1570.9,True,False,False,False
cust_000809,consumer,18,14,0,30789.93,28.6,0.288,0,0,1033.5,True,True,False,False
cust_000810,consumer,11,7,0,3819.85,30.6,0.136,6,1,41.8,True,False,False,False
cust_000811,consumer,4,4,0,13400.24,29.0,0.085,2,0,1635.4,True,True,False,False
cust_000812,consumer,11,4,0,38039.18,34.9,0.238,0,0,930.7,True,False,False,False
cust_000813,smb,49,35,3,237867.69,26.3,0.231,1,0,1604.4,True,True,True,False
cust_000814,consumer,13,12,1,1239.4,39.2,0.02,0,0,250.6,True,True,True,False
cust_000815,smb,77,55,3,179890.62,33.9,0.345,1,0,1095.0,True,True,False,False
cust_000816,consumer,10,15,1,27082.95,34.9,0.271,1,0,781.1,False,True,True,False
cust_000817,consumer,1,0,0,6658.07,43.8,0.081,0,1,126.5,True,False,False,False
cust_000818,consumer,24,21,1,24481.31,50.9,0.32,0,0,2377.1,True,True,False,False
cust_000819,consumer,38,30,1,11515.75,48.8,0.186,1,1,107.2,True,False,True,False
cust_000820,smb,38,32,1,333932.61,31.0,0.248,0,0,682.4,True,True,False,False
cust_000821,consumer,40,36,1,1647.12,34.1,0.22,0,0,1344.6,True,False,True,False
cust_000822,consumer,23,19,0,1397.42,44.2,0.19,3,0,2224.6,True,False,False,False
cust_000823,consumer,4,3,0,35830.6,33.6,0.18,1,3,134.1,False,False,True,False
cust_000824,consumer,10,14,1,10172.11,47.5,0.126,1,0,1278.9,True,False,False,False
cust_000825,smb,79,59,6,265893.95,32.7,0.3,2,0,1315.5,True,False,True,False
cust_000826,consumer,41,38,3,17881.81,49.3,0.229,2,1,62.2,True,True,True,False
cust_000827,consumer,21,11,2,25860.41,30.0,0.119,0,0,1026.8,True,False,False,False
cust_000828,consumer,48,46,3,6030.83,42.1,0.135,0,1,95.8,True,False,False,False
cust_000829,smb,18,11,0,75679.93,27.8,0.298,0,0,1048.3,True,True,False,False
cust_000830,enterprise,109,92,6,3018753.71,28.4,0.325,1,0,2793.0,True,False,False,False
cust_000831,consumer,42,31,2,37904.46,37.2,0.311,0,1,132.8,True,True,False,False
cust_000832,smb,69,54,4,361291.18,36.8,0.168,1,0,2892.6,True,True,True,False
cust_000833,consumer,33,19,1,10294.89,34.9,0.13,1,0,2131.0,True,True,False,False
cust_000834,consumer,12,11,0,29466.82,52.8,0.18,0,1,80.7,True,False,True,False
cust_000835,consumer,30,26,2,5098.05,30.3,0.305,0,0,1794.1,True,False,True,False
cust_000836,smb,26,21,0,243796.27,34.7,0.253,0,1,55.9,True,True,False,False
cust_000837,consumer,21,20,0,11373.89,43.2,0.314,6,2,82.4,True,False,False,False
cust_000838,consumer,27,23,0,27082.56,30.6,0.201,0,0,849.0,True,True,False,False
cust_000839,consumer,39,24,1,8806.53,46.1,0.323,0,0,642.2,True,True,False,False
cust_000840,consumer,26,24,1,31300.32,35.3,0.266,0,0,1191.0,True,False,False,False
cust_000841,consumer,48,35,1,37629.5,29.5,0.374,0,0,967.8,True,True,False,False
cust_000842,smb,5,1,1,142301.4,37.8,0.157,1,1,18.8,True,True,True,False
cust_000843,consumer,2,4,1,31358.5,38.5,0.097,0,3,98.9,True,True,False,False
cust_000844,consumer,18,14,0,4885.72,31.6,0.235,0,0,1036.8,True,True,True,False
cust_000845,smb,35,23,1,231536.28,38.3,0.219,2,2,117.8,True,False,True,False
cust_000846,smb,29,19,2,89973.21,31.4,0.151,0,1,4.9,True,True,True,False
cust_000847,consumer,33,20,0,2881.31,54.7,0.356,6,2,146.8,True,False,True,False
cust_000848,consumer,4,4,0,22829.62,54.3,0.213,0,2,102.9,False,False,False,False
cust_000849,consumer,28,15,2,35629.55,54.8,0.261,0,0,1471.3,True,False,False,False
cust_000850,consumer,18,17,1,750.98,50.4,0.136,0,1,55.5,True,False,False,False
cust_000851,consumer,45,37,2,34756.1,32.1,0.216,0,0,1885.4,True,False,False,False
cust_000852,consumer,20,16,1,37174.39,45.8,0.258,3,1,5.6,True,False,True,False
cust_000853,consumer,47,37,4,34240.43,33.6,0.244,0,1,99.6,True,False,False,False
cust_000854,consumer,10,2,0,30385.95,31.2,0.19,0,3,134.6,True,True,True,False
cust_000855,consumer,26,17,0,16312.18,51.2,0.407,2,0,2573.9,True,False,True,False
cust_000856,consumer,30,22,0,1126.08,54.0,0.419,0,0,1652.1,True,False,True,False
cust_000857,consumer,47,39,2,26607.61,38.0,0.302,0,2,162.2,True,False,True,False
cust_000858,consumer,10,4,1,1684.22,33.5,0.221,0,0,279.8,True,False,True,False
cust_000859,consumer,48,33,2,24141.05,42.2,0.294,3,0,2966.9,True,False,False,False
cust_000860,consumer,8,10,0,34348.17,49.9,0.232,0,0,2879.3,True,True,False,False
cust_000861,consumer,8,4,1,9162.79,31.5,0.132,0,0,1330.7,False,True,True,False
cust_000862,consumer,21,12,0,28563.19,40.5,0.297,3,0,1249.4,True,False,False,False
cust_000863,smb,82,65,5,38247.0,26.0,0.368,0,1,28.0,True,True,False,False
cust_000864,consumer,36,25,2,16523.45,54.8,0.111,1,0,1144.6,False,True,False,False
cust_000865,smb,60,50,2,272034.27,35.4,0.411,0,0,1998.4,True,True,True,False
cust_000866,consumer,35,25,3,28651.47,31.4,0.021,6,3,31.5,True,False,False,False
cust_000867,consumer,1,0,0,8347.75,48.1,0.132,1,0,331.6,True,False,False,False
cust_000868,consumer,10,4,0,4455.45,32.5,0.264,0,2,102.8,True,True,False,False
cust_000869,consumer,33,20,1,38894.35,52.1,0.261,3,0,903.7,True,True,False,False
cust_000870,enterprise,21,14,1,4604466.53,16.2,0.42,6,0,646.4,True,True,True,False
cust_000871,consumer,17,11,0,6047.39,38.8,0.113,1,0,598.7,True,True,False,False
cust_000872,consumer,40,25,3,24138.64,34.3,0.114,0,2,127.0,True,False,False,True
cust_000873,smb,34,25,0,62878.28,31.3,0.203,1,1,127.7,True,True,False,False
cust_000874,consumer,23,12,1,10031.06,50.9,0.187,0,1,141.7,True,False,False,False
cust_000875,consumer,16,13,2,39331.92,30.2,0.24,0,0,1855.0,True,True,False,False
cust_000876,consumer,36,32,1,15344.98,42.0,0.178,2,2,97.1,True,False,False,False
cust_000877,smb,55,40,4,329807.75,36.4,0.279,0,0,2617.6,True,True,False,False
cust_000878,consumer,1,0,0,9033.56,32.9,0.132,0,0,2694.6,True,False,False,False
cust_000879,consumer,3,6,0,13318.24,46.9,0.059,0,0,2617.8,True,False,False,False
cust_000880,consumer,31,19,0,34337.53,37.0,0.304,2,0,2221.4,True,True,False,False
cust_000881,consumer,16,10,0,34311.05,41.1,0.287,0,0,671.9,True,True,True,False
cust_000882,consumer,18,9,2,30392.44,42.5,0.173,1,2,68.6,True,False,False,False
cust_000883,smb,15,13,2,341103.61,36.7,0.05,1,3,55.1,True,False,True,False
cust_000884,enterprise,12,12,0,3118609.69,27.3,0.215,0,0,882.3,True,True,False,False
cust_000885,consumer,36,34,0,8093.44,33.0,0.285,1,2,65.6,True,False,False,False
cust_000886,consumer,23,16,2,36052.09,53.3,0.224,2,3,42.2,True,True,False,False
cust_000887,consumer,30,23,2,21646.72,30.8,0.159,0,1,164.1,True,True,True,False
cust_000888,consumer,28,24,1,20136.75,39.8,0.137,0,0,2629.2,True,False,True,False
cust_000889,consumer,46,34,0,1589.29,44.1,0.391,0,0,2053.0,True,False,True,False
cust_000890,smb,67,47,3,379581.76,24.9,0.324,1,1,60.8,True,False,False,False
cust_000891,smb,26,21,1,114543.82,34.0,0.174,0,1,83.7,True,True,False,False
cust_000892,enterprise,105,76,6,4888009.51,20.1,0.418,0,0,905.6,True,True,True,False
cust_000893,consumer,5,7,0,13918.95,48.3,0.168,1,3,10.9,True,True,False,False
cust_000894,consumer,24,15,0,12597.42,49.6,0.291,1,0,1698.6,False,True,False,False
cust_000895,consumer,11,9,1,35711.75,47.1,0.13,0,1,6.1,True,False,False,False
cust_000896,smb,41,30,0,375312.35,24.2,0.332,0,0,1916.9,True,True,False,False
cust_000897,smb,16,14,0,274107.93,23.3,0.258,6,0,2423.4,True,True,False,False
cust_000898,smb,77,59,3,57536.54,32.4,0.265,1,0,1729.9,True,True,True,False
cust_000899,enterprise,115,91,5,2604157.09,20.0,0.466,0,0,1288.7,True,False,True,False
cust_000900,consumer,2,6,0,7929.12,30.4,0.114,0,0,278.3,False,True,False,False
cust_000901,smb,57,44,3,300645.23,32.5,0.357,1,2,17.5,True,False,False,False
cust_000902,consumer,13,14,1,23060.24,44.6,0.204,0,2,111.2,False,True,True,False
cust_000903,consumer,25,18,1,2267.89,31.8,0.339,3,0,1797.5,True,False,True,False
cust_000904,smb,36,30,1,175497.29,22.2,0.293,2,0,229.2,True,True,False,False
cust_000905,consumer,4,1,1,25685.08,31.1,0.083,0,0,2841.8,True,False,False,False
cust_000906,consumer,18,14,0,34292.57,35.1,0.262,0,1,34.5,True,True,False,False
cust_000907,consumer,24,17,1,7786.89,48.6,0.16,1,0,599.7,True,True,False,False
cust_000908,consumer,13,12,0,29133.95,29.2,0.241,0,0,2724.4,True,True,False,False
cust_000909,consumer,40,29,0,8176.39,45.8,0.371,0,0,1680.0,True,True,False,False
cust_000910,consumer,26,19,0,20962.87,28.5,0.244,3,1,2.0,True,True,False,False
cust_000911,smb,82,66,7,33374.18,32.9,0.286,0,0,1281.0,True,True,False,False
cust_000912,consumer,16,4,1,14133.28,54.7,0.241,0,0,1983.9,True,False,False,False
cust_000913,consumer,1,4,1,17553.6,36.1,0.146,3,1,165.9,True,False,True,False
cust_000914,smb,60,45,4,298710.73,30.9,0.233,2,0,807.5,True,True,False,False
cust_000915,consumer,29,26,0,22154.12,48.6,0.329,0,0,504.2,True,True,False,False
cust_000916,consumer,3,6,0,8376.69,37.1,0.241,3,0,778.1,True,True,False,False
cust_000917,smb,84,65,5,172713.06,37.6,0.414,0,2,22.8,True,True,False,False
cust_000918,smb,6,5,0,276951.98,37.7,0.191,2,0,2725.1,True,True,True,False
cust_000919,consumer,20,14,0,23546.22,50.4,0.249,0,0,1773.3,False,True,False,False
cust_000920,consumer,10,6,0,22685.73,45.0,0.225,0,2,152.8,True,True,False,False
cust_000921,consumer,1,0,0,23653.93,54.7,0.22,1,0,255.6,True,False,False,False
cust_000922,consumer,23,17,2,3221.15,31.6,0.331,2,1,161.6,True,False,False,False
cust_000923,consumer,31,34,1,1130.24,52.1,0.268,2,0,984.7,True,False,False,False
cust_000924,consumer,15,15,0,28170.34,35.1,0.173,1,1,56.6,True,False,False,True
cust_000925,consumer,19,28,0,15536.51,52.4,0.241,1,1,57.1,True,False,False,False
cust_000926,consumer,22,14,1,28905.13,42.9,0.361,0,1,54.2,True,True,False,False
cust_000927,consumer,4,0,0,7495.74,29.8,0.14,0,0,2224.7,True,True,False,False
cust_000928,consumer,29,20,0,25424.62,36.9,0.307,3,2,32.0,True,True,False,False
cust_000929,consumer,45,36,1,3636.77,36.7,0.283,0,3,102.1,True,True,False,False
cust_000930,consumer,11,11,0,20549.58,30.1,0.27,0,0,2332.7,True,False,False,False
cust_000931,consumer,37,25,1,12220.42,39.1,0.225,0,0,874.2,True,False,False,False
cust_000932,consumer,3,1,0,2979.93,37.3,0.175,2,1,3.0,True,True,False,False
cust_000933,consumer,43,32,0,24417.52,53.9,0.268,0,0,2470.7,True,True,False,False
cust_000934,smb,31,22,2,243147.07,22.9,0.038,2,3,78.4,True,True,True,False
cust_000935,consumer,1,2,0,34997.79,49.3,0.264,0,0,1416.3,True,False,True,False
cust_000936,consumer,1,0,0,15956.02,32.0,0.101,6,0,837.7,True,False,False,False
cust_000937,consumer,42,35,3,2860.54,54.0,0.257,0,0,858.4,False,False,False,True
cust_000938,consumer,10,3,0,13873.93,36.4,0.11,0,0,2127.8,True,False,False,True
cust_000939,consumer,15,9,1,8773.51,36.8,0.341,0,2,163.4,True,False,False,False
cust_000940,consumer,8,0,0,38636.22,49.1,0.153,2,0,1777.2,False,True,False,False
cust_000941,consumer,20,10,0,3711.65,41.3,0.129,6,0,1458.6,True,False,True,False
cust_000942,smb,9,10,0,200023.84,26.5,0.111,2,2,81.9,True,False,True,False
cust_000943,consumer,38,26,4,24400.72,36.0,0.244,1,0,895.0,True,False,False,False
cust_000944,consumer,18,14,0,1498.71,45.6,0.051,0,1,93.7,True,False,True,False
cust_000945,consumer,45,37,1,24458.43,35.7,0.263,0,0,1114.3,True,True,False,False
cust_000946,consumer,27,18,3,26029.97,38.7,0.232,1,0,2673.1,True,False,True,False
cust_000947,consumer,9,7,0,4539.0,32.4,0.152,0,0,427.2,True,True,False,False
cust_000948,consumer,25,22,1,27936.17,42.8,0.293,3,0,358.2,True,True,False,False
cust_000949,consumer,2,7,1,9150.54,34.3,0.26,1,0,2316.7,True,True,False,False
cust_000950,consumer,44,35,2,16890.08,29.8,0.278,0,0,2668.6,True,False,False,False
cust_000951,consumer,40,36,1,29898.03,35.6,0.247,0,0,1901.3,True,True,True,False
cust_000952,consumer,1,0,0,18098.97,54.1,0.165,0,0,2812.6,True,False,False,False
cust_000953,consumer,13,12,0,35522.76,50.1,0.223,1,0,2676.3,True,False,True,False
cust_000954,consumer,21,14,1,8650.93,53.6,0.312,0,0,1770.3,True,False,False,False
cust_000955,consumer,0,0,0,34180.92,44.7,0.02,3,0,1268.0,True,True,True,False
cust_000956,consumer,27,20,3,29802.94,38.1,0.162,0,0,1479.4,False,False,False,False
cust_000957,consumer,43,35,3,31814.12,51.8,0.211,0,1,77.0,False,False,True,True
cust_000958,consumer,4,8,0,29391.64,32.1,0.258,2,0,2924.1,True,True,True,False
cust_000959,consumer,18,15,0,28895.4,33.5,0.341,6,0,2131.1,True,False,True,False
cust_000960,smb,73,59,6,381815.64,31.8,0.335,1,0,1522.9,True,False,True,False
cust_000961,consumer,47,38,1,25752.91,39.0,0.271,6,1,25.7,True,False,False,False
cust_000962,enterprise,28,20,2,3732265.8,28.2,0.071,3,0,319.7,True,False,False,False
cust_000963,consumer,47,38,4,6797.4,49.6,0.331,0,1,14.7,True,True,False,True
cust_000964,consumer,0,6,0,10561.33,42.9,0.093,0,0,2542.1,True,False,False,False
cust_000965,consumer,22,11,2,30118.14,46.6,0.174,1,0,2143.0,True,False,False,False
cust_000966,smb,65,54,3,74855.11,23.4,0.196,1,0,2480.6,True,True,True,False
cust_000967,smb,11,12,2,45468.3,31.1,0.265,1,0,1873.2,True,True,True,False
cust_000968,smb,83,65,4,253625.21,22.8,0.353,1,2,65.1,True,True,False,False
cust_000969,consumer,43,35,3,19867.18,28.7,0.254,3,0,1722.5,True,False,False,False
cust_000970,consumer,47,34,3,13826.62,44.3,0.13,0,0,465.9,True,False,False,True
cust_000971,consumer,4,1,0,20331.87,40.5,0.091,3,1,9.1,True,False,False,False
cust_000972,consumer,10,2,1,2072.75,44.2,0.191,0,0,1284.5,True,False,True,False
cust_000973,consumer,14,10,1,13932.78,46.4,0.128,0,1,153.2,True,True,False,False
cust_000974,consumer,28,16,2,20097.75,49.4,0.263,1,0,293.9,True,False,True,False
cust_000975,smb,47,35,2,200357.7,32.1,0.461,0,0,441.9,True,True,False,False
cust_000976,consumer,30,25,2,3139.35,49.3,0.156,0,0,2164.1,True,True,False,False
cust_000977,consumer,37,28,2,21455.51,36.2,0.173,0,0,798.0,True,False,True,False
cust_000978,consumer,40,33,2,21885.41,49.7,0.091,0,0,2964.6,True,True,False,False
cust_000979,consumer,14,10,0,33205.04,39.0,0.182,0,0,739.3,True,True,False,False
cust_000980,consumer,8,2,0,19434.95,53.6,0.261,0,0,1592.0,True,False,False,False
cust_000981,smb,20,11,1,313708.87,22.8,0.264,1,3,58.0,True,True,False,False
cust_000982,consumer,31,22,0,15750.71,51.5,0.371,1,0,1514.1,True,False,False,False
cust_000983,consumer,16,10,2,25350.29,53.2,0.078,0,2,55.1,True,True,False,False
cust_000984,consumer,43,29,3,16755.8,35.1,0.251,0,1,50.3,True,True,False,False
cust_000985,smb,76,52,4,217642.82,24.3,0.269,0,0,1973.6,True,False,False,False
cust_000986,consumer,45,33,2,11194.25,43.3,0.222,6,1,165.3,True,True,False,False
cust_000987,consumer,35,26,1,23551.55,35.5,0.238,0,0,2948.8,True,False,False,False
cust_000988,consumer,23,19,1,30524.91,54.8,0.289,0,0,2280.5,True,True,False,False
cust_000989,consumer,39,34,2,28923.09,35.7,0.302,1,1,156.0,True,True,True,False
cust_000990,smb,23,20,2,326169.92,38.5,0.216,2,3,46.0,True,True,False,False
cust_000991,consumer,10,7,0,35729.46,52.8,0.196,1,0,2610.5,True,False,True,False
cust_000992,consumer,28,18,2,17979.84,48.0,0.129,0,2,83.1,True,False,True,False
cust_000993,consumer,28,25,1,24458.88,38.1,0.128,1,0,2406.6,True,True,False,False
cust_000994,consumer,14,17,0,15488.04,51.7,0.1,0,1,4.7,True,True,True,False
cust_000995,consumer,27,19,1,4033.71,34.9,0.304,6,0,671.9,True,False,False,False
cust_000996,smb,50,47,4,158537.3,37.2,0.333,0,0,2809.6,True,True,False,False
cust_000997,smb,31,28,4,175596.46,25.3,0.22,1,0,2392.7,True,False,False,False
cust_000998,consumer,27,22,0,35849.42,34.4,0.251,0,1,30.8,True,False,False,False
cust_000999,consumer,11,7,1,10203.04,28.2,0.056,1,0,1612.6,True,True,True,False
cust_001000,consumer,38,29,3,33454.06,43.5,0.229,0,1,127.0,True,True,True,False
cust_001001,smb,52,43,4,229119.98,36.5,0.18,1,0,2401.9,True,False,True,False
cust_001002,smb,23,19,0,211197.97,32.0,0.18,0,0,1354.8,True,True,True,False
cust_001003,consumer,27,19,0,31115.35,48.3,0.291,2,0,2422.5,True,True,False,False
cust_001004,consumer,25,23,0,18920.79,40.6,0.228,3,2,155.1,True,True,False,False
cust_001005,consumer,27,22,2,3585.88,35.9,0.107,0,3,142.5,True,True,True,False
cust_001006,consumer,6,4,0,6264.59,47.2,0.193,0,0,2435.8,True,False,True,False
cust_001007,consumer,7,10,0,35399.55,48.5,0.217,1,0,2297.0,True,False,True,False
cust_001008,consumer,45,35,3,17874.53,47.5,0.27,0,0,317.3,True,False,True,False
cust_001009,consumer,9,6,1,17363.0,43.3,0.153,6,0,304.9,True,False,True,False
cust_001010,consumer,43,26,3,19992.55,30.2,0.066,2,2,44.1,True,False,False,False
cust_001011,consumer,33,18,1,6646.13,46.4,0.157,0,0,2710.5,True,True,False,False
cust_001012,consumer,31,29,2,38924.07,54.8,0.234,2,0,2564.6,True,False,False,False
cust_001013,consumer,34,24,0,20480.82,39.1,0.347,0,0,1944.6,False,False,False,False
cust_001014,consumer,25,19,1,32694.9,32.2,0.257,0,2,83.1,False,False,False,False
cust_001015,consumer,39,30,1,32278.92,37.1,0.214,2,0,430.5,True,True,False,False
cust_001016,smb,84,66,5,77717.32,23.0,0.296,1,2,117.9,True,True,True,False
cust_001017,consumer,37,37,4,3752.66,29.1,0.178,2,2,138.6,True,True,True,False
cust_001018,consumer,39,28,1,11735.57,29.8,0.199,0,0,2129.3,True,False,False,False
cust_001019,smb,47,32,1,381647.74,28.1,0.187,0,2,133.6,True,False,True,False
cust_001020,smb,6,6,0,50192.19,33.8,0.131,0,1,115.9,True,False,True,False
cust_001021,consumer,42,34,3,22308.75,43.9,0.207,0,0,638.3,True,True,True,False
cust_001022,consumer,11,15,0,32594.49,40.5,0.251,2,1,119.1,True,False,False,False
cust_001023,consumer,10,4,0,38194.44,39.2,0.21,0,2,41.1,True,False,False,False
cust_001024,consumer,0,1,0,25445.75,47.2,0.242,2,0,791.0,True,False,False,False
cust_001025,consumer,33,26,1,39748.43,44.5,0.197,3,1,77.0,True,False,False,False
cust_001026,consumer,21,18,1,1207.64,43.9,0.244,0,2,96.5,False,False,True,False
cust_001027,smb,6,1,0,330359.78,35.4,0.136,0,0,821.0,True,True,True,True
cust_001028,consumer,17,14,0,21642.68,52.3,0.306,2,1,129.4,True,False,False,False
cust_001029,consumer,7,0,0,34281.74,53.0,0.261,0,1,3.4,True,True,True,False
cust_001030,consumer,47,36,3,29375.15,32.6,0.292,2,0,2342.3,True,False,False,False
cust_001031,consumer,9,10,1,34992.24,51.0,0.157,2,1,158.7,False,True,False,False
cust_001032,smb,70,54,3,196812.95,24.4,0.462,0,0,730.0,True,False,False,False
cust_001033,enterprise,28,25,0,5955100.98,16.6,0.343,1,0,2975.1,True,True,True,False
cust_001034,smb,15,10,1,326764.51,37.5,0.113,1,1,164.0,True,False,False,False
cust_001035,consumer,29,20,1,15797.39,45.3,0.258,0,0,1195.2,False,False,False,False
cust_001036,smb,42,36,1,347562.6,23.7,0.251,0,0,2989.2,True,True,False,True
cust_001037,smb,42,32,2,113494.28,32.7,0.268,0,2,112.0,False,False,False,False
cust_001038,consumer,26,17,2,39261.76,54.3,0.188,0,0,717.4,True,True,False,False
cust_001039,consumer,7,1,0,4258.71,35.1,0.323,0,0,2441.0,True,True,False,False
cust_001040,consumer,5,0,0,32557.3,42.8,0.14,0,2,126.6,True,False,False,False
cust_001041,consumer,3,7,0,5907.22,30.5,0.16,3,0,2466.6,True,True,True,False
cust_001042,smb,33,23,0,51163.37,25.4,0.358,0,0,2182.9,True,False,False,False
cust_001043,enterprise,7,1,0,4184043.86,28.0,0.118,2,0,866.2,True,True,True,False
cust_001044,consumer,8,9,0,16478.56,44.0,0.183,0,0,2015.3,True,False,False,False
cust_001045,consumer,8,14,0,23276.33,50.0,0.081,0,1,39.6,True,True,True,False
cust_001046,enterprise,76,57,3,5768578.93,23.2,0.37,0,0,604.3,True,False,False,False
cust_001047,consumer,42,33,1,20995.2,35.4,0.153,0,0,726.4,True,False,True,False
cust_001048,consumer,3,6,1,10458.39,39.7,0.199,1,0,509.2,True,True,True,False
cust_001049,consumer,48,32,1,21418.9,43.8,0.406,0,1,47.0,True,True,True,False
cust_001050,smb,4,0,0,316782.97,34.9,0.057,0,0,1238.3,True,True,False,False
cust_001051,consumer,25,18,2,1301.83,43.3,0.151,0,1,127.5,True,False,False,False
cust_001052,consumer,11,18,0,25287.01,54.4,0.137,1,0,204.1,True,True,True,False
cust_001053,consumer,17,19,0,23654.6,45.0,0.04,1,0,1263.8,True,False,True,False
cust_001054,consumer,48,39,5,10026.1,37.0,0.224,1,0,1350.1,True,False,False,False
cust_001055,consumer,35,28,2,17930.61,31.7,0.174,0,0,2771.0,True,False,False,False
cust_001056,smb,13,15,2,149509.43,26.7,0.167,1,1,8.4,True,True,False,False
cust_001057,consumer,31,20,0,32774.08,33.8,0.312,0,0,2789.5,True,False,False,False
cust_001058,consumer,44,40,2,6989.63,48.0,0.24,2,0,326.6,True,False,True,False
cust_001059,consumer,28,20,3,9412.19,31.6,0.291,0,1,148.0,True,False,True,False
cust_001060,smb,62,52,3,163672.73,25.4,0.354,0,0,405.0,True,True,False,False
cust_001061,smb,73,54,5,355854.88,32.6,0.23,6,0,1124.1,True,False,False,False
cust_001062,consumer,28,23,0,17283.01,44.5,0.258,2,1,4.3,True,True,False,False
cust_001063,smb,16,15,2,322708.68,24.5,0.197,1,1,94.5,True,False,False,False
cust_001064,consumer,11,14,2,21791.5,34.3,0.025,3,0,1746.4,True,False,True,False
cust_001065,consumer,11,8,1,2238.73,41.2,0.127,2,1,15.9,True,False,False,False
cust_001066,consumer,48,37,5,13212.78,32.4,0.326,2,1,116.4,True,False,True,False
cust_001067,smb,83,67,6,242619.4,23.7,0.486,0,1,91.0,True,False,False,False
cust_001068,smb,47,38,1,138880.73,35.4,0.292,0,0,614.2,True,True,True,False
cust_001069,smb,21,20,0,86775.49,37.3,0.233,0,0,1620.0,True,True,True,False
cust_001070,smb,50,36,4,151233.82,28.8,0.15,1,0,618.0,True,True,True,False
cust_001071,consumer,10,7,2,31513.03,38.1,0.163,1,0,782.2,True,False,False,False
cust_001072,smb,4,10,0,313499.26,37.6,0.125,0,1,156.0,True,True,False,False
cust_001073,smb,2,1,1,119410.97,36.7,0.101,1,0,2665.3,True,True,False,False
cust_001074,consumer,25,25,2,11078.08,32.2,0.141,0,0,2074.6,True,True,True,False
cust_001075,consumer,45,33,3,5655.16,47.5,0.17,0,3,43.1,True,True,False,False
cust_001076,consumer,10,8,0,14509.71,48.3,0.268,0,1,57.8,True,True,False,False
cust_001077,consumer,5,5,0,19058.37,36.3,0.02,1,2,89.6,False,True,True,False
cust_001078,consumer,44,38,2,20288.31,32.8,0.354,2,0,2127.1,True,False,True,False
cust_001079,consumer,13,9,0,8753.02,48.7,0.321,0,0,2184.9,True,True,True,False
cust_001080,consumer,38,31,1,18462.38,40.6,0.48,0,0,2100.6,True,True,False,False
cust_001081,consumer,26,24,4,34265.13,47.5,0.085,1,0,2323.5,True,True,False,False
cust_001082,consumer,35,36,2,28951.3,42.2,0.235,2,0,1136.8,True,False,False,False
cust_001083,consumer,44,36,2,15403.0,40.8,0.206,0,3,21.0,True,False,True,False
cust_001084,consumer,23,19,1,24584.83,37.3,0.096,3,1,97.0,True,True,True,False
cust_001085,consumer,1,0,0,23669.0,48.4,0.181,2,2,102.3,True,True,False,False
cust_001086,consumer,5,3,0,10578.32,29.0,0.238,3,0,1227.1,True,False,True,False
cust_001087,consumer,47,41,3,2331.16,46.7,0.276,2,0,318.0,True,False,False,False
cust_001088,consumer,38,32,2,3991.0,51.5,0.174,2,0,691.4,True,False,False,False
cust_001089,consumer,11,9,0,17731.5,30.9,0.128,2,1,24.8,True,False,True,False
cust_001090,consumer,15,15,0,12508.24,43.0,0.224,0,2,153.4,True,False,False,False
cust_001091,consumer,39,27,1,29092.36,29.4,0.2,1,0,333.0,True,False,False,False
cust_001092,consumer,11,5,0,37430.98,47.3,0.223,1,0,2839.3,True,False,False,False
cust_001093,consumer,35,24,2,25849.1,48.5,0.11,2,1,16.0,True,True,False,False
cust_001094,consumer,36,29,2,10303.93,36.9,0.165,1,3,33.5,True,True,True,False
cust_001095,smb,39,31,0,316600.68,37.5,0.35,6,0,1942.2,True,True,True,False
cust_001096,consumer,26,14,2,38907.53,28.8,0.124,2,0,817.1,True,False,False,False
cust_001097,enterprise,41,41,4,4046377.33,23.0,0.21,0,0,1165.1,True,False,False,False
cust_001098,consumer,27,22,1,13982.92,42.8,0.164,1,0,944.9,True,True,False,False
cust_001099,consumer,13,8,0,1089.86,41.0,0.256,1,0,732.8,True,False,False,False
cust_001100,consumer,12,12,2,31200.14,38.8,0.161,0,2,143.7,True,True,False,True
cust_001101,consumer,32,17,2,17652.8,38.5,0.199,0,1,128.5,True,True,False,False
cust_001102,consumer,1,0,0,2392.69,29.8,0.142,1,1,54.7,True,False,False,False
cust_001103,smb,58,49,4,263987.82,34.5,0.286,1,0,2708.0,True,True,True,False
cust_001104,enterprise,41,31,2,4438320.9,26.2,0.264,2,1,83.2,True,True,True,True
cust_001105,consumer,44,35,2,37333.16,29.8,0.249,3,1,44.9,False,True,False,False
cust_001106,consumer,20,18,3,14636.22,53.1,0.067,3,0,773.8,False,False,False,False
cust_001107,consumer,24,21,1,4948.49,48.3,0.312,1,0,1588.1,True,True,True,False
cust_001108,consumer,42,28,1,22034.96,36.3,0.339,0,2,50.1,True,False,False,False
cust_001109,consumer,28,26,2,8593.17,34.8,0.256,0,0,1497.0,True,False,True,False
cust_001110,consumer,10,12,0,25742.97,51.7,0.207,0,0,2926.3,True,False,False,False
cust_001111,smb,79,61,5,186413.78,37.2,0.273,2,0,522.0,True,True,False,False
cust_001112,consumer,36,35,2,30135.71,53.9,0.126,0,1,167.1,True,False,False,False
cust_001113,consumer,25,16,1,20971.96,49.8,0.209,2,0,602.2,True,True,True,False
cust_001114,consumer,5,3,0,39689.96,46.3,0.048,3,1,68.6,True,True,False,False
cust_001115,consumer,36,39,4,5980.39,43.3,0.148,6,0,1695.9,True,True,False,False
cust_001116,smb,4,10,0,382173.02,24.5,0.225,1,0,2556.9,True,False,False,False
cust_001117,enterprise,39,21,3,1999382.43,23.7,0.126,1,0,435.2,True,False,False,False
cust_001118,smb,6,3,0,284206.54,30.8,0.238,0,0,2353.5,True,True,False,False
cust_001119,smb,80,61,6,44122.81,34.6,0.274,1,0,619.8,True,False,False,False
cust_001120,consumer,8,0,0,13144.59,43.6,0.207,1,0,2001.9,True,False,False,False
cust_001121,smb,48,33,2,307115.52,29.8,0.211,0,0,2084.4,True,False,True,False
cust_001122,smb,36,24,3,115458.18,40.7,0.229,2,0,1987.2,True,True,False,False
cust_001123,consumer,25,23,2,33297.18,34.0,0.153,3,0,488.7,True,True,False,False
cust_001124,consumer,48,29,3,13846.57,54.7,0.225,1,0,1849.5,True,True,False,False
cust_001125,consumer,14,13,2,34487.78,53.4,0.224,0,0,2008.3,True,False,False,False
cust_001126,consumer,20,15,2,30361.52,48.9,0.238,1,2,150.3,True,True,False,False
cust_001127,consumer,10,8,0,2352.15,42.1,0.089,0,0,2548.0,True,True,True,False
cust_001128,consumer,20,18,2,8490.74,33.8,0.188,2,2,17.3,True,False,True,True
cust_001129,consumer,9,11,2,28036.47,45.4,0.25,2,0,1190.8,True,False,False,False
cust_001130,consumer,30,27,0,22678.68,44.3,0.346,0,0,1761.9,True,True,False,False
cust_001131,consumer,27,21,2,16935.28,53.8,0.118,0,1,91.0,True,False,True,False
cust_001132,consumer,47,33,1,35780.25,35.5,0.241,3,1,141.5,True,False,True,False
cust_001133,consumer,5,5,0,32590.51,39.6,0.208,2,2,8.2,True,True,True,False
cust_001134,consumer,15,17,0,5679.55,51.7,0.259,0,0,1151.8,True,True,False,False
cust_001135,consumer,6,0,0,11714.42,35.7,0.16,0,0,2206.9,True,False,False,False
cust_001136,consumer,40,30,3,31658.69,47.4,0.219,2,3,118.5,False,True,False,False
cust_001137,consumer,11,6,1,28448.85,49.8,0.19,2,0,1898.4,True,False,False,False
cust_001138,consumer,47,37,3,820.54,30.4,0.316,0,0,662.2,True,False,True,False
cust_001139,smb,46,42,2,202430.24,28.4,0.198,1,0,1260.9,True,False,True,False
cust_001140,consumer,42,31,1,29805.1,38.3,0.309,3,1,161.4,True,True,False,False
cust_001141,consumer,45,36,0,29267.99,53.0,0.157,6,2,55.4,True,False,False,False
cust_001142,smb,23,20,0,383029.95,36.7,0.144,0,0,862.1,True,False,False,False
cust_001143,consumer,34,24,1,8525.87,43.0,0.334,0,1,124.1,False,True,False,False
cust_001144,enterprise,91,75,3,1787916.2,18.1,0.326,0,0,2509.6,True,True,True,False
cust_001145,consumer,3,0,0,13578.83,46.0,0.085,3,1,36.8,True,False,True,False
cust_001146,enterprise,138,112,6,1685255.02,16.4,0.638,0,1,145.1,True,True,False,False
cust_001147,consumer,38,34,0,32527.9,46.5,0.322,3,0,2114.1,True,False,False,False
cust_001148,consumer,15,19,1,25678.37,38.6,0.181,2,0,978.8,True,False,False,False
cust_001149,smb,75,46,3,141878.97,31.2,0.493,6,2,96.3,True,True,False,False
cust_001150,consumer,46,35,2,37702.19,48.2,0.294,3,0,358.7,True,False,False,False
cust_001151,consumer,43,37,3,23942.66,30.5,0.223,0,0,625.0,True,True,False,False
cust_001152,consumer,29,28,3,30230.06,31.8,0.158,0,0,2757.2,True,False,True,False
cust_001153,consumer,47,35,3,37058.46,48.5,0.226,1,1,7.2,True,False,False,False
cust_001154,consumer,29,21,3,26199.75,46.0,0.259,0,0,263.6,True,True,False,False
cust_001155,smb,75,65,5,272670.92,41.6,0.353,0,1,99.8,True,True,False,False
cust_001156,smb,10,17,0,327976.55,36.7,0.168,0,1,98.4,True,False,True,False
cust_001157,consumer,12,4,0,17242.55,37.7,0.266,0,2,36.4,True,False,False,False
cust_001158,consumer,30,22,2,37242.32,39.4,0.221,0,0,372.3,True,False,False,False
cust_001159,consumer,14,15,0,5634.51,51.2,0.169,0,0,2868.2,True,False,False,True
cust_001160,smb,38,34,2,32305.53,23.2,0.408,1,1,76.4,True,False,False,False
cust_001161,consumer,22,11,1,15192.81,39.5,0.261,0,0,2543.0,True,False,True,False
cust_001162,smb,67,55,2,66601.99,26.1,0.309,0,0,2841.0,True,True,True,True
cust_001163,consumer,46,38,2,26972.68,40.1,0.29,1,3,118.6,True,True,True,False
cust_001164,consumer,29,30,1,28648.54,37.0,0.186,6,0,758.6,True,True,True,True
cust_001165,consumer,22,27,0,21501.82,42.3,0.304,0,0,283.1,True,True,True,False
cust_001166,smb,27,25,0,250645.82,25.1,0.393,3,0,617.0,True,True,True,False
cust_001167,smb,4,0,0,32192.16,41.6,0.214,0,0,1850.1,True,False,True,False
cust_001168,consumer,7,5,0,36600.21,29.0,0.19,1,1,95.0,True,False,False,False
cust_001169,consumer,42,40,2,39900.66,29.8,0.235,1,0,2461.9,True,False,False,False
cust_001170,consumer,38,30,2,21402.92,41.3,0.158,0,0,1888.4,True,True,False,False
cust_001171,consumer,31,25,0,11822.87,29.3,0.282,0,0,1102.5,True,False,False,False
cust_001172,consumer,37,24,0,22954.27,31.1,0.434,0,2,142.6,False,True,True,False
cust_001173,consumer,34,30,0,33847.91,30.9,0.368,1,1,106.3,True,True,False,False
cust_001174,consumer,5,4,0,9790.82,46.5,0.033,2,0,610.5,True,False,False,False
cust_001175,consumer,40,27,2,23712.07,35.8,0.233,2,0,1730.5,True,True,False,False
cust_001176,consumer,22,18,4,21116.88,47.9,0.194,3,0,372.8,True,False,False,False
cust_001177,consumer,11,8,2,33763.69,38.3,0.189,0,1,15.0,True,False,False,False
cust_001178,smb,78,57,4,274756.69,33.2,0.343,6,2,80.7,True,True,False,False
cust_001179,consumer,5,0,0,31709.61,39.4,0.189,3,1,30.6,True,False,False,False
cust_001180,consumer,24,12,1,14484.68,49.0,0.256,0,0,326.5,True,False,False,False
cust_001181,consumer,34,21,1,10321.87,35.2,0.244,0,0,381.3,True,False,True,False
cust_001182,enterprise,97,75,5,3605985.16,17.9,0.386,6,3,131.0,True,True,False,False
cust_001183,consumer,27,21,0,5929.65,35.0,0.289,2,0,1812.1,True,False,True,False
cust_001184,consumer,7,5,0,23666.67,48.4,0.182,2,3,146.8,True,True,True,False
cust_001185,smb,45,30,3,90900.54,27.0,0.205,1,0,2383.3,True,False,True,False
cust_001186,smb,65,54,4,74964.93,24.5,0.341,0,0,1788.2,True,True,False,False
cust_001187,smb,10,8,0,313511.95,24.5,0.289,2,1,92.3,True,False,False,False
cust_001188,consumer,6,0,0,11224.19,40.0,0.219,0,0,1304.7,True,True,False,False
cust_001189,consumer,15,13,0,28105.79,43.7,0.115,0,0,1788.2,True,False,True,False
cust_001190,enterprise,18,13,0,930682.09,23.8,0.336,0,0,2151.6,True,False,True,False
cust_001191,consumer,43,36,0,29263.81,34.1,0.246,1,0,1379.5,True,False,False,False
cust_001192,consumer,20,14,1,15209.34,29.5,0.104,0,0,1685.0,True,True,True,False
cust_001193,consumer,17,10,0,31527.93,48.0,0.188,0,0,2409.7,True,True,False,False
cust_001194,consumer,23,17,1,19856.16,40.0,0.024,2,3,33.1,True,False,False,False
cust_001195,smb,35,31,2,323593.39,39.5,0.076,0,0,2161.7,True,True,True,False
cust_001196,consumer,3,0,0,861.67,53.2,0.196,0,1,76.5,False,False,False,False
cust_001197,consumer,20,17,1,24724.29,38.5,0.23,1,0,1243.0,False,False,False,False
cust_001198,consumer,24,23,0,39738.25,28.2,0.329,6,0,1584.7,True,True,True,False
cust_001199,smb,47,40,4,188753.57,37.7,0.23,0,3,69.2,True,True,False,False
cust_001200,smb,23,19,3,40319.06,32.6,0.095,0,0,1280.4,True,True,False,False
cust_001201,consumer,23,18,1,39344.34,53.6,0.249,1,1,39.8,True,True,False,False
cust_001202,consumer,2,0,0,27194.92,39.6,0.116,0,0,2664.2,True,False,True,False
cust_001203,consumer,34,24,3,24783.68,47.9,0.179,1,1,15.2,True,False,False,False
cust_001204,consumer,41,34,3,27301.47,32.5,0.273,1,1,150.9,True,True,False,False
cust_001205,consumer,24,14,1,38511.49,50.3,0.343,0,0,2984.1,False,True,False,False
cust_001206,consumer,14,10,1,13575.45,34.2,0.285,1,0,393.5,True,False,False,False
cust_001207,consumer,27,18,1,14140.94,32.7,0.406,6,0,1397.0,True,True,False,False
cust_001208,consumer,38,30,1,24971.87,40.2,0.199,3,1,54.5,True,True,False,False
cust_001209,consumer,16,8,1,35028.27,47.9,0.086,0,0,1640.6,True,False,False,False
cust_001210,enterprise,86,69,4,3043072.89,25.2,0.439,0,0,2468.6,True,False,False,False
cust_001211,smb,24,14,2,121763.85,40.1,0.085,1,0,859.3,True,True,False,False
cust_001212,consumer,31,29,3,1688.3,52.8,0.196,3,2,119.9,True,True,True,True
cust_001213,consumer,11,11,2,9585.77,52.0,0.147,0,0,520.9,False,False,False,False
cust_001214,consumer,43,36,2,19493.43,38.4,0.24,2,0,2768.4,True,False,False,False
cust_001215,consumer,5,7,0,23790.49,48.4,0.107,2,1,92.9,True,True,False,False
cust_001216,consumer,43,36,4,31709.17,28.9,0.353,0,0,1236.2,True,False,False,False
cust_001217,consumer,4,4,1,13590.59,52.4,0.16,3,0,952.3,True,False,False,False
cust_001218,smb,13,21,0,287550.27,39.8,0.289,0,0,2490.2,True,True,False,True
cust_001219,consumer,23,18,0,31033.72,48.5,0.285,0,0,1696.0,True,False,True,False
cust_001220,smb,69,47,3,108950.34,30.7,0.253,6,1,82.0,True,True,True,False
cust_001221,consumer,29,21,1,33833.77,43.4,0.225,1,0,2841.2,True,False,False,False
cust_001222,smb,82,68,4,218351.12,33.2,0.347,2,1,164.7,True,False,False,False
cust_001223,consumer,32,27,0,12917.01,53.8,0.3,1,1,24.0,True,False,False,False
cust_001224,consumer,41,28,1,22281.32,35.6,0.364,0,0,2840.5,True,False,False,False
cust_001225,smb,35,26,2,293982.32,29.3,0.211,1,1,63.3,True,True,True,False
cust_001226,consumer,36,23,3,6090.67,50.8,0.2,2,0,1318.0,False,False,False,False
cust_001227,consumer,13,9,3,33177.59,35.5,0.02,1,2,103.0,False,False,True,False
cust_001228,consumer,41,35,4,37840.13,50.1,0.182,0,0,1290.6,False,False,False,False
cust_001229,consumer,3,0,0,31558.9,53.5,0.058,0,0,1241.0,True,True,False,False
cust_001230,enterprise,28,22,1,2095405.21,20.8,0.106,3,0,2498.3,True,True,True,False
cust_001231,consumer,43,41,2,1080.88,53.8,0.386,6,0,1611.7,True,False,True,False
cust_001232,smb,20,11,1,323030.53,32.4,0.236,0,0,981.3,True,True,False,False
cust_001233,consumer,46,44,0,20829.48,31.8,0.357,2,0,2724.8,True,True,True,True
cust_001234,consumer,35,27,1,26727.52,38.9,0.303,3,1,61.1,True,False,False,False
cust_001235,smb,55,42,3,221377.08,30.1,0.379,0,0,742.5,True,False,False,False
cust_001236,smb,66,55,5,94188.13,28.1,0.097,3,3,50.8,True,True,True,False
cust_001237,smb,37,37,1,287781.41,29.9,0.291,0,3,27.6,True,False,True,True
cust_001238,smb,43,32,0,60713.25,31.9,0.268,3,0,433.3,True,False,False,False
cust_001239,enterprise,10,3,0,1111248.01,26.9,0.107,0,1,30.6,True,True,False,False
cust_001240,consumer,17,13,1,28095.99,30.2,0.225,0,0,2422.9,True,False,True,False
cust_001241,consumer,44,36,3,36799.43,30.1,0.272,1,0,2659.8,False,False,False,False
cust_001242,consumer,39,38,2,13921.48,39.8,0.316,0,0,1865.9,True,True,False,False
cust_001243,consumer,14,13,4,26823.87,50.4,0.154,0,1,37.1,True,False,True,False
cust_001244,consumer,17,16,0,14254.29,53.3,0.094,2,0,1719.7,True,False,False,False
cust_001245,consumer,39,30,1,24855.68,32.7,0.255,2,2,115.6,True,True,False,True
cust_001246,consumer,31,22,0,22991.08,43.6,0.114,2,0,1730.9,True,False,True,False
cust_001247,consumer,30,27,3,20287.68,46.7,0.299,0,0,2575.2,True,False,False,False
cust_001248,consumer,25,21,0,19885.67,38.2,0.224,1,1,13.2,True,True,True,False
cust_001249,consumer,6,7,0,18645.45,34.9,0.119,1,0,2381.5,True,True,False,False
cust_001250,consumer,2,7,0,23067.05,45.4,0.215,1,2,93.8,True,True,True,False
cust_001251,consumer,24,20,3,16006.99,33.9,0.294,0,1,160.9,False,False,False,False
cust_001252,consumer,34,28,1,18320.33,51.1,0.167,0,0,330.0,False,True,False,False
cust_001253,smb,20,13,1,193877.79,29.1,0.257,6,2,117.0,True,False,True,False
cust_001254,smb,30,25,2,291203.82,33.0,0.245,2,1,29.5,True,False,False,False
cust_001255,smb,2,1,0,280830.27,33.3,0.214,1,0,1240.0,True,True,False,False
cust_001256,smb,62,46,4,83642.17,35.8,0.244,2,2,81.0,True,False,False,False
cust_001257,enterprise,45,29,4,3198565.82,23.3,0.125,0,3,52.9,True,True,False,False
cust_001258,smb,22,18,2,20463.28,25.6,0.305,6,0,2847.4,True,True,True,False
cust_001259,consumer,46,43,2,5701.32,48.2,0.268,0,2,61.1,True,True,True,False
cust_001260,consumer,0,3,0,5539.44,45.1,0.14,2,0,1428.9,True,False,False,False
cust_001261,consumer,12,7,1,2136.44,49.0,0.194,0,0,909.7,True,False,False,False
cust_001262,smb,31,20,2,375263.04,30.8,0.119,0,1,115.2,True,False,True,False
cust_001263,smb,11,6,0,198477.05,29.6,0.094,0,1,89.7,True,False,True,False
cust_001264,smb,37,32,3,45414.72,29.7,0.225,0,0,1603.0,True,True,True,False
cust_001265,smb,52,39,4,194991.74,37.1,0.188,1,2,15.0,True,True,True,False
cust_001266,consumer,48,48,3,31437.29,36.1,0.211,0,1,120.8,True,True,True,False
cust_001267,consumer,12,11,2,5614.29,32.6,0.262,0,0,611.2,True,False,True,False
cust_001268,consumer,41,31,1,22414.81,36.7,0.188,3,0,2257.9,False,False,False,False
cust_001269,consumer,26,20,0,6327.0,34.5,0.392,0,0,2111.6,True,True,False,False
cust_001270,consumer,18,15,2,37915.77,54.3,0.254,0,0,766.5,True,False,True,False
cust_001271,smb,69,56,5,209813.13,22.6,0.268,3,1,66.2,True,False,False,False
cust_001272,consumer,45,35,4,35849.12,49.5,0.303,3,0,871.8,True,False,False,False
cust_001273,smb,78,59,5,315229.88,29.6,0.232,3,0,695.8,True,True,False,True
cust_001274,consumer,39,34,2,36724.07,36.3,0.253,0,2,97.1,True,False,True,False
cust_001275,consumer,29,17,1,34869.57,35.5,0.374,1,0,708.5,True,False,True,False
cust_001276,consumer,34,34,0,23549.09,34.7,0.314,0,0,2211.5,True,False,True,False
cust_001277,consumer,43,31,1,36194.84,28.8,0.189,0,0,1197.6,True,False,True,False
cust_001278,consumer,35,21,4,11593.63,32.2,0.139,0,2,134.2,True,False,False,False
cust_001279,consumer,31,33,3,8162.82,54.1,0.048,1,1,69.6,True,False,True,False
cust_001280,consumer,8,5,1,23303.54,38.8,0.114,3,1,8.8,True,False,False,False
cust_001281,smb,10,8,0,29342.91,40.7,0.276,6,0,2778.2,True,False,False,False
cust_001282,consumer,29,23,1,26671.44,53.5,0.17,1,0,2771.7,True,False,False,False
cust_001283,enterprise,14,21,0,1431219.06,17.2,0.154,0,1,30.4,True,True,True,False
cust_001284,smb,33,30,1,150708.37,36.4,0.344,0,0,673.1,True,False,True,False
cust_001285,consumer,33,22,1,24333.89,32.7,0.404,1,1,131.5,True,True,True,False
cust_001286,consumer,22,18,1,38893.72,40.7,0.232,0,0,2406.2,True,False,True,False
cust_001287,consumer,6,4,0,1059.3,31.4,0.219,2,1,93.5,False,False,False,False
cust_001288,smb,65,46,4,273163.84,38.8,0.278,2,0,1108.1,True,True,True,False
cust_001289,consumer,44,43,3,39307.63,31.8,0.343,0,0,1900.8,True,True,False,False
cust_001290,smb,21,13,0,292594.86,35.3,0.321,0,0,2498.9,True,False,True,False
cust_001291,smb,33,35,1,336584.13,34.7,0.095,0,1,20.2,True,True,False,False
cust_001292,smb,2,7,0,204515.4,28.3,0.174,0,0,2048.0,True,True,True,False
cust_001293,smb,53,36,2,107110.67,38.6,0.315,0,1,133.1,True,True,False,False
cust_001294,smb,10,7,0,159949.23,30.6,0.026,0,0,247.3,True,True,False,False
cust_001295,consumer,20,12,1,18308.94,41.4,0.173,2,1,4.0,True,False,False,False
cust_001296,smb,65,54,4,56515.71,36.6,0.387,2,0,2850.6,True,True,False,False
cust_001297,consumer,33,24,0,19245.38,30.0,0.358,0,1,165.5,True,False,False,False
cust_001298,consumer,21,12,0,27970.39,54.0,0.162,2,2,158.1,True,False,False,False
cust_001299,consumer,5,2,0,25383.63,38.3,0.189,1,1,97.6,True,True,True,False
cust_001300,consumer,22,13,1,33765.51,48.9,0.311,0,2,81.1,True,True,False,False
cust_001301,consumer,19,14,0,22017.84,48.6,0.228,0,0,1066.6,False,False,True,False
cust_001302,consumer,2,4,0,10648.8,36.9,0.136,0,0,1281.1,True,False,True,False
cust_001303,consumer,40,34,1,22834.59,37.7,0.247,0,0,1238.7,True,True,False,False
cust_001304,consumer,29,19,5,16834.26,33.6,0.183,3,1,94.5,True,True,False,False
cust_001305,consumer,27,17,1,10296.54,54.3,0.065,3,0,819.9,True,False,False,False
cust_001306,consumer,36,28,1,37156.12,43.9,0.221,0,0,834.0,False,False,True,False
cust_001307,consumer,42,26,2,28134.52,32.6,0.364,1,0,2224.3,True,True,False,False
cust_001308,consumer,33,28,2,23514.16,53.2,0.495,2,0,371.4,True,False,False,False
cust_001309,consumer,33,23,1,14236.03,35.8,0.172,0,1,23.0,True,True,True,False
cust_001310,consumer,19,14,0,15569.31,29.7,0.244,3,2,18.8,True,True,False,False
cust_001311,consumer,22,17,1,21386.22,44.1,0.306,1,1,162.0,True,False,False,False
cust_001312,consumer,4,2,1,10813.11,37.7,0.099,0,0,1717.7,True,False,True,False
cust_001313,smb,22,21,2,374459.5,36.8,0.191,0,0,942.3,True,True,True,False
cust_001314,smb,55,45,2,211685.18,35.9,0.376,0,1,166.1,True,False,False,False
cust_001315,consumer,48,31,4,23511.38,29.4,0.146,1,3,74.2,True,False,True,True
cust_001316,consumer,20,18,0,2808.59,34.2,0.275,2,0,984.9,True,True,False,False
cust_001317,smb,22,16,2,95608.72,24.7,0.174,0,0,576.4,True,False,True,False
cust_001318,consumer,14,5,1,8292.11,39.0,0.299,2,0,2484.2,True,False,False,False
cust_001319,consumer,20,21,1,10340.38,48.2,0.302,0,0,2729.8,False,False,False,False
cust_001320,consumer,15,18,0,1647.21,35.3,0.305,0,2,134.5,True,False,False,True
cust_001321,consumer,10,9,0,38325.67,45.9,0.209,0,0,2660.3,True,False,False,False
cust_001322,smb,15,8,0,336044.88,31.5,0.247,1,1,157.3,True,True,True,False
cust_001323,consumer,28,18,0,6586.4,46.3,0.209,3,0,635.5,True,False,False,False
cust_001324,consumer,48,43,1,21584.17,47.2,0.348,0,0,1805.5,False,False,True,False
cust_001325,enterprise,36,31,3,3326220.36,29.5,0.236,6,0,2460.6,True,True,False,False
cust_001326,consumer,3,0,0,34586.68,41.1,0.26,0,0,1934.4,True,True,False,False
cust_001327,smb,16,10,1,207716.86,25.5,0.257,0,0,816.9,True,True,True,False
cust_001328,consumer,24,17,0,7457.83,46.3,0.303,6,2,124.6,True,False,True,False
cust_001329,consumer,28,19,0,35149.76,50.5,0.406,0,0,2782.9,True,False,False,True
cust_001330,consumer,43,31,3,15412.16,41.7,0.269,1,0,1947.0,False,True,False,False
cust_001331,enterprise,87,67,3,2660454.6,18.3,0.436,0,0,2753.7,True,True,True,False
cust_001332,consumer,9,4,0,32476.09,31.6,0.227,0,0,2787.4,False,False,True,False
cust_001333,consumer,48,37,2,26761.2,43.7,0.342,1,1,108.8,True,False,True,False
cust_001334,consumer,27,21,3,15390.84,37.1,0.107,0,0,499.5,True,False,True,False
cust_001335,consumer,14,7,1,28322.71,32.2,0.146,2,0,2520.7,True,True,True,False
cust_001336,smb,49,34,2,224564.03,39.4,0.353,0,1,19.3,True,True,True,False
cust_001337,consumer,8,6,1,33568.28,46.2,0.173,1,0,2810.8,True,False,True,False
cust_001338,consumer,47,35,5,38410.63,45.2,0.187,0,0,562.0,True,True,False,False
cust_001339,consumer,9,0,0,7572.3,33.2,0.199,0,0,908.2,True,False,True,False
cust_001340,consumer,36,32,3,31013.18,46.9,0.169,2,0,1863.4,True,False,False,False
cust_001341,consumer,12,8,3,4880.3,42.8,0.165,0,0,2126.9,True,True,True,False
cust_001342,smb,71,57,4,147931.01,32.9,0.303,2,0,2681.6,True,True,True,False
cust_001343,consumer,26,21,0,33776.83,44.6,0.167,1,0,1314.7,True,True,False,False
cust_001344,consumer,14,17,0,7503.76,43.0,0.037,1,2,35.0,True,True,False,False
cust_001345,consumer,40,31,2,38557.27,52.7,0.113,0,0,893.9,True,False,True,False
cust_001346,consumer,42,38,1,20480.74,32.2,0.357,2,1,38.4,False,False,False,False
cust_001347,consumer,20,20,1,28475.76,48.6,0.194,6,0,1279.8,True,False,False,False
cust_001348,consumer,0,0,0,25574.76,53.2,0.173,0,0,1898.8,False,True,False,False
cust_001349,consumer,37,26,1,17050.47,51.0,0.19,0,1,30.8,True,False,False,False
cust_001350,consumer,23,11,0,27989.28,50.2,0.185,2,0,1455.0,True,False,False,False
cust_001351,consumer,14,8,0,24292.59,46.1,0.198,0,0,582.2,True,True,True,False
cust_001352,smb,54,40,5,180759.52,41.8,0.144,0,0,2389.2,True,False,False,False
cust_001353,consumer,36,26,2,11726.95,35.4,0.219,1,0,1046.4,True,True,False,False
cust_001354,consumer,13,11,0,16247.39,43.7,0.101,1,0,1084.9,True,True,False,False
cust_001355,smb,43,39,2,386643.98,24.4,0.249,0,3,7.5,True,True,False,True
cust_001356,consumer,17,6,0,21618.33,34.8,0.382,1,0,2064.0,True,False,False,False
cust_001357,consumer,38,30,4,29607.29,35.1,0.02,1,0,2623.4,True,False,False,False
cust_001358,consumer,0,0,0,8907.74,46.4,0.062,3,0,2006.1,True,False,False,False
cust_001359,consumer,36,31,0,8067.48,39.8,0.254,6,0,1794.6,True,False,False,True
cust_001360,consumer,30,24,1,6898.82,51.7,0.203,0,1,9.0,True,True,False,False
cust_001361,consumer,2,0,0,16039.09,35.4,0.228,3,0,2766.3,True,False,False,False
cust_001362,consumer,20,11,1,36451.37,44.5,0.166,0,2,31.2,True,True,True,False
cust_001363,consumer,28,26,0,31828.56,35.0,0.423,0,0,2399.3,True,True,False,False
cust_001364,smb,31,23,1,223063.47,28.3,0.291,0,0,2164.2,True,True,True,False
cust_001365,consumer,11,11,2,37886.94,53.1,0.187,0,2,107.9,True,False,True,False
cust_001366,consumer,34,21,1,29394.5,44.7,0.225,0,1,29.4,True,True,False,False
cust_001367,consumer,32,28,2,13443.82,37.9,0.233,0,0,2584.7,True,True,True,False
cust_001368,consumer,30,25,3,9597.68,37.9,0.132,2,1,50.4,True,False,True,False
cust_001369,smb,75,67,5,194595.69,27.2,0.211,0,0,1629.5,True,True,False,False
cust_001370,smb,10,2,0,281584.72,26.8,0.274,0,0,1697.9,True,False,True,False
cust_001371,consumer,30,23,1,8253.82,35.7,0.223,1,0,542.2,True,True,False,False
cust_001372,consumer,14,9,0,19563.92,49.8,0.171,0,0,1019.1,True,False,False,False
cust_001373,consumer,10,7,3,23903.35,38.7,0.02,0,1,23.8,True,True,False,False
cust_001374,consumer,21,15,1,2580.0,43.9,0.228,1,0,838.1,True,False,False,False
cust_001375,consumer,6,5,0,28318.73,42.6,0.226,3,0,1025.5,True,False,False,False
cust_001376,smb,80,59,5,295194.92,33.7,0.427,3,0,2187.9,True,True,False,False
cust_001377,smb,8,1,0,88077.04,23.4,0.093,1,1,111.6,True,True,True,False
cust_001378,consumer,38,30,2,36338.5,40.2,0.192,0,3,155.5,True,False,False,False
cust_001379,consumer,10,12,0,21161.36,38.6,0.185,2,1,36.1,True,False,False,False
cust_001380,consumer,15,12,0,24585.31,54.6,0.278,0,1,124.2,True,False,False,False
cust_001381,consumer,10,6,0,33419.08,40.0,0.154,0,2,155.4,True,True,False,False
cust_001382,smb,42,39,2,302915.14,32.8,0.27,2,0,554.3,True,False,True,False
cust_001383,smb,12,9,0,23965.39,41.2,0.166,6,0,2009.7,True,True,False,True
cust_001384,consumer,33,30,2,13459.56,42.4,0.269,0,0,794.1,True,True,False,False
cust_001385,smb,69,57,1,208551.95,29.6,0.499,0,1,86.1,True,True,True,False
cust_001386,consumer,45,32,4,781.02,37.0,0.212,0,1,49.7,True,True,False,False
cust_001387,consumer,37,18,0,19750.06,33.0,0.433,0,0,1300.1,True,True,True,False
cust_001388,consumer,31,27,3,7677.58,28.8,0.3,0,0,898.2,True,True,False,False
cust_001389,smb,54,43,1,49086.49,39.9,0.249,6,0,2696.6,True,False,False,False
cust_001390,smb,7,11,0,390618.9,41.3,0.137,6,0,599.6,True,True,False,False
cust_001391,consumer,40,31,3,10736.94,35.3,0.309,0,0,792.0,True,False,False,False
cust_001392,consumer,44,38,1,30368.77,52.8,0.294,0,0,2337.9,True,False,False,False
cust_001393,consumer,22,17,2,4919.49,47.1,0.059,1,2,23.7,True,False,False,True
cust_001394,enterprise,36,32,0,4796366.24,26.1,0.316,0,0,783.1,True,True,True,False
cust_001395,consumer,28,15,0,26250.03,37.7,0.252,0,0,1529.7,True,True,True,True
cust_001396,consumer,7,0,0,37712.14,37.4,0.163,1,0,1176.3,True,False,False,False
cust_001397,smb,31,25,1,359886.7,34.2,0.17,0,0,2322.3,True,True,False,False
cust_001398,smb,36,26,6,57887.82,26.3,0.12,0,1,120.3,True,False,False,False
cust_001399,consumer,29,28,1,1612.37,47.7,0.22,0,0,2813.2,True,True,False,False
cust_001400,smb,20,19,0,90498.42,22.3,0.207,0,0,1941.2,True,True,False,False
cust_001401,consumer,3,0,0,19258.2,32.0,0.235,0,2,26.3,True,False,False,False
cust_001402,smb,55,41,4,294147.85,23.4,0.231,0,0,1076.4,True,True,True,False
cust_001403,consumer,0,0,0,1526.88,40.5,0.127,2,0,1464.1,True,True,False,False
cust_001404,consumer,32,23,2,19168.25,30.0,0.323,0,2,119.6,True,True,True,False
cust_001405,consumer,35,32,1,32405.85,54.0,0.261,0,0,350.6,False,False,False,False
cust_001406,smb,18,13,0,89793.51,24.9,0.192,1,1,24.7,True,False,False,False
cust_001407,consumer,28,24,2,32014.53,40.8,0.302,0,0,1996.3,True,True,False,False
cust_001408,consumer,29,13,0,24305.78,36.1,0.238,0,1,98.6,True,True,True,False
cust_001409,consumer,20,13,1,38225.76,42.5,0.184,2,0,1332.9,True,True,False,False
cust_001410,consumer,30,28,1,22462.1,49.4,0.191,0,0,227.1,True,True,True,False
cust_001411,consumer,42,34,1,22520.86,30.4,0.247,0,0,1788.3,True,True,True,False
cust_001412,smb,69,57,3,374650.19,37.4,0.235,0,0,1112.9,True,True,False,False
cust_001413,enterprise,16,8,0,3173767.18,15.9,0.17,0,0,614.5,True,True,False,False
cust_001414,smb,20,12,3,349163.57,29.2,0.14,0,0,1255.3,True,False,False,False
cust_001415,consumer,39,30,0,690.76,41.9,0.246,6,0,533.5,True,True,False,False
cust_001416,consumer,48,38,4,29784.61,32.1,0.248,2,1,158.8,True,False,False,True
cust_001417,consumer,46,41,3,13805.12,42.7,0.216,2,2,72.0,False,True,True,True
cust_001418,consumer,37,29,2,20844.47,46.5,0.363,6,0,469.1,False,True,False,False
cust_001419,consumer,16,17,0,13524.18,31.8,0.15,0,0,1980.6,True,False,True,False
cust_001420,smb,37,25,4,176891.72,22.6,0.131,1,1,145.2,True,True,True,False
cust_001421,consumer,41,30,2,28980.2,49.9,0.158,0,0,2777.8,True,False,False,False
cust_001422,enterprise,44,38,2,5777542.75,20.3,0.337,1,2,79.1,True,True,False,False
cust_001423,consumer,14,8,1,14105.41,40.3,0.178,1,3,94.5,True,False,True,False
cust_001424,consumer,4,6,0,25319.5,49.2,0.284,3,0,288.8,True,True,True,False
cust_001425,consumer,5,4,0,5547.58,34.5,0.197,0,2,152.5,True,False,False,False
cust_001426,consumer,4,1,0,14358.48,31.4,0.09,0,0,2304.0,True,False,False,False
cust_001427,smb,41,32,3,165097.55,22.9,0.142,3,3,71.0,True,False,True,False
cust_001428,consumer,5,0,0,13649.4,28.2,0.132,2,0,616.9,True,False,False,False
cust_001429,consumer,10,6,2,6945.69,36.6,0.202,2,1,31.6,True,True,False,False
cust_001430,smb,46,44,2,374115.28,37.7,0.269,3,2,148.6,True,True,False,False
cust_001431,smb,39,32,1,199855.89,38.6,0.186,1,0,302.2,True,True,False,False
cust_001432,consumer,19,13,2,38955.4,31.4,0.173,2,2,126.9,True,False,True,False
cust_001433,consumer,16,14,1,24381.75,48.3,0.237,2,0,1319.1,True,False,False,False
cust_001434,consumer,42,35,3,28555.17,41.3,0.14,0,1,40.0,True,False,False,False
cust_001435,smb,24,18,1,295125.95,32.6,0.358,1,3,68.7,True,True,False,False
cust_001436,enterprise,52,39,3,819315.74,27.0,0.268,2,0,282.1,True,True,False,False
cust_001437,consumer,15,10,0,20118.51,30.7,0.049,0,3,34.8,True,False,True,False
cust_001438,smb,81,71,5,249668.52,41.2,0.337,0,2,136.8,True,False,False,False
cust_001439,smb,73,58,5,177677.53,37.6,0.361,0,2,128.0,True,False,False,False
cust_001440,consumer,32,23,5,10705.64,43.7,0.033,3,2,106.0,True,False,False,False
cust_001441,consumer,7,6,0,1394.04,52.9,0.135,2,0,209.7,True,False,False,False
cust_001442,consumer,26,20,1,4678.45,28.7,0.061,0,2,114.0,True,False,False,False
cust_001443,consumer,7,0,0,21651.22,41.1,0.158,3,0,496.9,False,True,True,True
cust_001444,smb,72,60,3,159207.83,29.0,0.464,1,0,2435.5,True,False,False,False
cust_001445,smb,52,42,1,242330.47,37.8,0.407,0,0,1476.5,True,True,True,False
cust_001446,consumer,4,3,2,17758.76,46.6,0.171,2,2,24.7,True,False,False,False
cust_001447,smb,51,38,3,47625.86,31.6,0.267,0,2,136.8,True,True,False,False
cust_001448,consumer,47,41,1,27946.11,44.7,0.27,1,0,228.6,False,False,False,False
cust_001449,smb,42,41,4,346097.63,22.9,0.302,0,1,128.5,True,False,False,False
cust_001450,smb,31,26,1,273743.71,40.7,0.21,0,1,148.0,True,True,True,False
cust_001451,consumer,37,29,3,31595.9,51.1,0.271,1,0,2341.8,True,True,False,False
cust_001452,smb,44,29,1,326728.4,24.7,0.26,0,0,2591.4,True,False,False,False
cust_001453,consumer,24,19,0,1245.0,36.0,0.376,2,0,984.5,True,False,True,False
cust_001454,consumer,29,19,1,8541.18,50.3,0.282,0,3,126.7,True,False,True,False
cust_001455,consumer,14,4,1,21438.01,49.0,0.133,0,0,2570.7,True,False,False,False
cust_001456,consumer,16,1,0,30937.82,38.6,0.254,1,0,327.9,True,True,True,False
cust_001457,consumer,13,8,1,6180.77,53.5,0.075,3,0,1735.8,False,False,False,False
cust_001458,consumer,33,25,2,17533.88,41.6,0.32,2,0,2821.2,False,False,True,False
cust_001459,consumer,23,14,1,31208.12,35.0,0.227,1,1,129.9,True,False,False,False
cust_001460,consumer,28,25,1,17448.04,34.9,0.193,0,1,84.5,False,False,False,False
cust_001461,consumer,4,0,0,23674.51,51.3,0.305,0,1,80.6,True,False,True,False
cust_001462,consumer,45,37,3,7454.52,53.5,0.251,2,1,82.8,True,False,True,False
cust_001463,smb,22,10,2,254379.47,32.9,0.22,1,0,851.5,True,False,False,False
cust_001464,consumer,37,32,2,34330.88,32.8,0.064,1,0,467.8,False,True,False,False
cust_001465,smb,9,12,1,180475.1,22.5,0.195,3,0,804.9,False,True,True,False
cust_001466,consumer,21,16,2,27567.41,53.4,0.235,0,2,63.9,True,True,False,False
cust_001467,consumer,28,29,0,17612.63,34.5,0.228,6,0,1313.6,False,True,True,False
cust_001468,smb,72,58,5,143519.0,36.0,0.375,6,0,1714.6,True,False,True,False
cust_001469,consumer,3,6,0,12289.37,48.9,0.136,2,1,76.6,True,False,False,False
cust_001470,consumer,22,16,3,39100.6,43.9,0.133,2,0,1729.2,True,True,False,False
cust_001471,smb,4,2,0,84465.54,32.9,0.02,1,1,29.7,True,True,True,False
cust_001472,smb,40,35,2,355204.35,26.8,0.231,0,2,59.2,True,True,True,False
cust_001473,consumer,2,1,0,6581.59,38.1,0.099,2,0,1930.9,True,False,True,False
cust_001474,consumer,2,0,0,9428.43,38.9,0.043,0,0,2372.1,True,True,False,False
cust_001475,consumer,27,19,3,5724.38,49.9,0.185,2,3,39.5,True,False,True,False
cust_001476,consumer,37,29,1,2772.52,49.1,0.36,1,2,20.7,True,False,True,False
cust_001477,consumer,23,15,2,11475.28,29.8,0.187,2,0,460.1,True,False,False,False
cust_001478,consumer,11,9,2,16123.17,30.1,0.143,3,1,46.8,True,False,False,False
cust_001479,consumer,6,8,2,35943.31,31.8,0.132,0,1,39.2,True,False,False,False
cust_001480,smb,42,35,4,352332.77,27.4,0.311,3,0,1089.8,True,False,True,False
cust_001481,consumer,15,14,1,26814.52,29.3,0.106,1,1,44.6,True,True,False,False
cust_001482,consumer,5,6,0,20317.88,34.4,0.114,1,0,704.9,False,True,False,False
cust_001483,consumer,31,19,2,25544.87,50.4,0.266,0,0,1850.8,True,True,False,False
cust_001484,consumer,21,15,2,18957.16,42.7,0.265,1,1,61.0,True,True,False,False
cust_001485,smb,57,47,2,290028.56,31.6,0.346,2,0,1550.3,True,False,True,False
cust_001486,smb,83,71,5,352460.44,36.7,0.355,0,0,2313.9,True,True,False,False
cust_001487,consumer,48,40,3,35375.46,36.1,0.325,1,0,704.8,True,False,True,False
cust_001488,smb,13,4,0,129239.93,33.5,0.11,0,1,75.0,True,True,True,False
cust_001489,consumer,3,0,0,38533.49,37.8,0.19,2,1,4.1,True,True,False,False
cust_001490,consumer,23,19,2,30639.11,42.5,0.2,3,0,2586.1,True,False,True,False
cust_001491,consumer,42,32,0,1972.24,38.8,0.424,2,1,10.2,False,False,False,False
cust_001492,consumer,22,17,2,907.77,43.5,0.173,2,1,144.2,True,True,False,False
cust_001493,consumer,0,1,0,25895.11,49.4,0.276,6,0,2828.3,True,True,True,False
cust_001494,consumer,47,29,3,8266.78,32.8,0.158,0,2,6.3,True,True,True,False
cust_001495,consumer,2,0,0,32842.18,51.8,0.074,2,0,1741.3,True,True,False,False
cust_001496,consumer,11,11,0,12341.3,32.9,0.207,2,0,1589.4,True,True,False,False
cust_001497,consumer,24,22,1,23117.68,40.1,0.204,0,0,1701.0,True,True,False,False
cust_001498,consumer,17,7,0,27684.47,32.7,0.206,6,0,1148.9,True,True,False,False
cust_001499,enterprise,50,45,3,820810.43,25.6,0.399,1,1,6.4,True,True,True,False
