txn_id,customer_id,failed_at,payment_method,bank,amount,decline_code,retry_count,hour_of_day,day_of_month,true_root_cause,is_fraudulent,logged_action,logged_recovered,po_do_nothing,po_immediate_retry,po_delayed_retry@12,po_delayed_retry@48,po_prompt_new_payment_method
txn_000000,cust_000789,2026-02-21T16:15:00,upi,HDFC,506.36,96,0,16,11,technical_bank_side,False,immediate_retry,True,False,True,True,True,True
txn_000001,cust_000871,2026-01-12T15:59:00,card,ICICI,2761.34,33,2,15,9,expired_card,False,immediate_retry,False,False,False,False,False,False
txn_000002,cust_000255,2026-03-16T06:21:00,upi,Axis,4266.41,05,1,6,10,expired_card,False,delayed_retry@48,False,False,False,False,False,False
txn_000003,cust_000801,2026-06-20T02:32:00,card,Kotak,505.89,96,0,2,31,technical_bank_side,False,delayed_retry@48,True,False,True,True,True,False
txn_000004,cust_001456,2026-03-30T00:46:00,card,ICICI,2109.96,61,0,0,6,insufficient_funds,False,immediate_retry,False,False,False,True,False,False
txn_000005,cust_001304,2026-01-23T21:13:00,wallet,Axis,870.45,51,1,21,26,insufficient_funds,False,immediate_retry,False,False,False,True,True,True
txn_000006,cust_001364,2026-04-17T00:03:00,card,Axis,1607.28,05,1,0,2,invalid_details,False,delayed_retry@48,False,False,False,False,False,True
txn_000007,cust_001155,2026-04-09T14:34:00,card,HDFC,1806.54,05,1,14,16,invalid_details,False,do_nothing,False,False,False,False,False,False
txn_000008,cust_001257,2026-05-02T17:21:00,card,Axis,1556.19,51,3,17,7,technical_bank_side,False,delayed_retry@12,False,False,False,False,False,False
txn_000009,cust_001298,2026-02-06T04:46:00,card,Axis,107.1,12,0,4,31,invalid_details,False,immediate_retry,False,False,False,False,False,False
txn_000010,cust_001196,2026-07-12T06:42:00,card,Yes Bank,577.96,51,0,6,9,insufficient_funds,False,delayed_retry@12,True,False,False,True,False,False
txn_000011,cust_000412,2026-06-21T02:45:00,upi,ICICI,1366.27,82,1,2,17,invalid_details,False,prompt_new_payment_method,False,False,False,False,False,False
txn_000012,cust_000780,2026-06-30T22:53:00,card,Kotak,134.5,33,0,22,26,expired_card,False,delayed_retry@48,False,False,False,False,False,False
txn_000013,cust_001197,2026-01-06T08:46:00,wallet,IDFC,730.87,51,0,8,26,insufficient_funds,False,prompt_new_payment_method,False,False,True,True,True,False
txn_000014,cust_000408,2026-03-02T04:56:00,upi,Yes Bank,1063.9,05,0,4,20,technical_bank_side,False,delayed_retry@12,True,False,True,True,True,False
txn_000015,cust_000276,2026-05-15T16:27:00,upi,SBI,1185.57,05,0,16,19,insufficient_funds,False,immediate_retry,False,False,False,True,False,False
txn_000016,cust_001077,2026-02-12T11:14:00,netbanking,HDFC,1559.94,12,1,11,6,invalid_details,False,do_nothing,False,False,False,False,False,True
txn_000017,cust_000148,2026-06-02T02:09:00,wallet,Axis,3116.05,96,0,2,25,technical_bank_side,False,immediate_retry,False,False,False,False,True,False
txn_000018,cust_001210,2026-06-03T22:25:00,card,SBI,1370.67,54,0,22,19,expired_card,False,delayed_retry@48,False,False,False,False,False,False
txn_000019,cust_000898,2026-04-10T01:39:00,upi,IDFC,1953.99,14,0,1,20,invalid_details,False,delayed_retry@48,False,False,False,False,False,False
txn_000020,cust_000106,2026-02-15T11:48:00,card,SBI,862.97,05,1,11,28,expired_card,False,immediate_retry,False,False,False,False,False,False
txn_000021,cust_000887,2026-03-31T20:55:00,card,Kotak,1177.36,91,1,20,7,technical_bank_side,False,delayed_retry@12,False,False,True,False,True,False
txn_000022,cust_000470,2026-05-02T01:42:00,upi,Axis,966.73,96,1,1,9,technical_bank_side,False,do_nothing,True,True,False,True,True,False
txn_000023,cust_000815,2026-05-06T05:47:00,upi,Kotak,3264.41,12,1,5,1,invalid_details,False,do_nothing,False,False,False,False,False,True
txn_000024,cust_000850,2026-02-22T06:13:00,upi,SBI,3163.64,51,0,6,9,insufficient_funds,False,delayed_retry@48,True,False,True,True,True,False
txn_000025,cust_000146,2026-02-17T10:32:00,upi,IDFC,390.81,14,2,10,10,invalid_details,False,delayed_retry@12,False,False,False,False,False,True
txn_000026,cust_001246,2026-04-18T06:01:00,upi,HDFC,5894.71,96,1,6,18,technical_bank_side,False,do_nothing,False,False,False,True,True,False
txn_000027,cust_000099,2026-07-16T23:49:00,upi,Kotak,1073.04,34,0,23,10,fraud_suspected,True,immediate_retry,False,False,False,False,False,False
txn_000028,cust_001479,2026-02-21T15:46:00,card,HDFC,1563.87,05,0,15,9,technical_bank_side,False,immediate_retry,True,False,True,False,False,False
txn_000029,cust_001304,2026-02-19T03:55:00,netbanking,Axis,2428.31,12,2,3,7,invalid_details,False,delayed_retry@12,False,False,False,False,False,False
txn_000030,cust_001135,2026-07-20T08:31:00,card,ICICI,1343.1,82,1,8,2,invalid_details,False,do_nothing,False,False,False,False,False,False
txn_000031,cust_000631,2026-01-26T00:49:00,card,Axis,7495.97,14,2,0,31,invalid_details,False,delayed_retry@48,False,False,False,False,False,False
txn_000032,cust_000552,2026-04-16T11:28:00,upi,Axis,28023.35,12,1,11,14,invalid_details,False,prompt_new_payment_method,True,False,False,False,False,True
txn_000033,cust_001493,2026-03-12T18:04:00,netbanking,Yes Bank,1515.7,91,2,18,20,technical_bank_side,False,prompt_new_payment_method,False,False,True,True,True,False
txn_000034,cust_000635,2026-01-21T07:36:00,card,ICICI,5736.85,91,1,7,10,technical_bank_side,False,do_nothing,False,False,False,False,False,False
txn_000035,cust_001139,2026-03-24T01:11:00,card,HDFC,65.58,65,2,1,26,insufficient_funds,False,do_nothing,False,False,False,False,True,True
txn_000036,cust_001255,2026-07-08T11:20:00,card,Yes Bank,2118.31,05,1,11,5,insufficient_funds,False,delayed_retry@12,True,False,False,True,False,False
txn_000037,cust_000919,2026-04-22T22:35:00,upi,Axis,594.31,91,0,22,5,fraud_suspected,False,do_nothing,False,False,True,False,True,False
txn_000038,cust_001248,2026-03-11T19:01:00,card,Kotak,178.57,51,0,19,9,insufficient_funds,False,do_nothing,False,False,False,True,True,False
txn_000039,cust_000725,2026-05-06T16:54:00,upi,Kotak,20070.63,91,2,16,5,technical_bank_side,False,do_nothing,True,True,True,True,True,False
txn_000040,cust_000766,2026-02-17T18:23:00,netbanking,Kotak,547.1,96,0,18,31,technical_bank_side,False,do_nothing,False,False,True,False,False,False
txn_000041,cust_001213,2026-04-27T22:36:00,upi,SBI,2415.79,12,3,22,22,invalid_details,False,do_nothing,False,False,False,True,False,False
txn_000042,cust_000859,2026-04-23T16:00:00,card,ICICI,3479.8,51,0,16,4,insufficient_funds,False,immediate_retry,False,False,False,False,True,False
txn_000043,cust_000879,2026-02-10T08:11:00,upi,SBI,2156.81,61,1,8,22,insufficient_funds,False,do_nothing,False,False,False,False,False,False
txn_000044,cust_000478,2026-03-17T04:34:00,upi,Kotak,5442.74,61,0,4,20,insufficient_funds,False,delayed_retry@48,False,False,False,False,False,False
txn_000045,cust_000611,2026-05-10T16:36:00,card,SBI,379.87,61,0,16,17,insufficient_funds,False,do_nothing,False,False,False,False,False,False
txn_000046,cust_000937,2026-02-16T16:17:00,upi,Axis,1022.85,54,0,16,14,expired_card,False,immediate_retry,False,True,False,False,False,True
txn_000047,cust_000924,2026-06-05T20:10:00,upi,Yes Bank,491.45,91,0,20,10,technical_bank_side,False,do_nothing,False,False,False,False,False,False
txn_000048,cust_001189,2026-07-05T08:00:00,card,Yes Bank,465.58,51,0,8,5,insufficient_funds,False,do_nothing,False,False,False,True,False,False
txn_000049,cust_001085,2026-03-10T07:01:00,card,Axis,5499.45,54,1,7,11,expired_card,False,prompt_new_payment_method,False,False,False,False,False,False
txn_000050,cust_000446,2026-04-01T12:50:00,card,Yes Bank,2733.03,96,0,12,31,fraud_suspected,False,immediate_retry,True,False,True,True,False,False
txn_000051,cust_000744,2026-02-21T07:04:00,netbanking,IDFC,1275.41,51,2,7,30,insufficient_funds,False,immediate_retry,False,False,False,True,False,False
txn_000052,cust_000604,2026-06-06T13:37:00,upi,ICICI,1141.08,54,1,13,25,expired_card,False,immediate_retry,False,False,False,False,False,False
txn_000053,cust_000717,2026-06-19T11:37:00,upi,Kotak,2632.64,14,0,11,23,invalid_details,False,prompt_new_payment_method,False,False,False,False,False,False
txn_000054,cust_001077,2026-02-04T23:29:00,card,Kotak,4079.19,14,1,23,8,invalid_details,False,delayed_retry@48,False,False,False,False,False,False
txn_000055,cust_000685,2026-06-27T04:05:00,upi,Axis,165.66,96,0,4,27,technical_bank_side,False,delayed_retry@48,True,False,True,True,True,False
txn_000056,cust_000647,2026-05-11T10:22:00,netbanking,Axis,2397.08,54,0,10,16,expired_card,False,delayed_retry@48,False,False,False,False,False,False
txn_000057,cust_001062,2026-02-28T07:21:00,upi,ICICI,1418.58,51,0,7,7,technical_bank_side,False,delayed_retry@12,True,False,True,True,True,False
txn_000058,cust_000282,2026-01-06T21:28:00,card,Axis,2506.27,51,0,21,9,insufficient_funds,False,prompt_new_payment_method,False,False,False,False,True,False
txn_000059,cust_000591,2026-07-03T17:54:00,card,IDFC,152.78,82,0,17,14,invalid_details,False,do_nothing,False,False,False,False,False,True
txn_000060,cust_000982,2026-07-13T10:17:00,wallet,SBI,637.46,51,2,10,28,insufficient_funds,False,prompt_new_payment_method,False,False,False,False,False,False
txn_000061,cust_001364,2026-01-02T01:09:00,wallet,Axis,503.71,51,0,1,22,insufficient_funds,False,immediate_retry,False,False,False,False,False,False
txn_000062,cust_000971,2026-04-17T11:20:00,card,ICICI,2323.23,91,0,11,19,technical_bank_side,False,delayed_retry@48,True,False,True,False,True,False
txn_000063,cust_000823,2026-07-16T09:46:00,card,Yes Bank,432.66,05,1,9,18,insufficient_funds,False,prompt_new_payment_method,False,False,False,True,True,False
txn_000064,cust_000967,2026-02-11T10:43:00,upi,ICICI,631.3,91,1,10,14,technical_bank_side,False,delayed_retry@48,True,False,True,True,True,True
txn_000065,cust_001305,2026-06-17T07:46:00,upi,Axis,627.05,91,3,7,30,technical_bank_side,False,delayed_retry@12,False,True,False,False,False,False
txn_000066,cust_000011,2026-04-01T08:22:00,upi,IDFC,4423.84,54,0,8,19,expired_card,False,do_nothing,False,False,False,False,False,False
txn_000067,cust_000350,2026-01-26T21:59:00,card,IDFC,7223.14,65,0,21,11,insufficient_funds,False,delayed_retry@12,True,False,True,True,True,False
txn_000068,cust_000455,2026-01-20T14:51:00,netbanking,Kotak,421.52,51,1,14,3,insufficient_funds,False,delayed_retry@48,False,False,False,False,False,False
txn_000069,cust_001412,2026-04-06T04:44:00,upi,IDFC,371.75,54,2,4,27,expired_card,False,immediate_retry,False,False,False,False,False,True
txn_000070,cust_000653,2026-06-14T01:26:00,card,ICICI,275.51,14,0,1,2,invalid_details,False,delayed_retry@48,False,False,False,False,False,False
txn_000071,cust_000376,2026-04-07T20:18:00,upi,Kotak,6996.73,91,0,20,11,technical_bank_side,False,delayed_retry@12,True,False,True,True,False,False
txn_000072,cust_000874,2026-01-22T09:16:00,card,Yes Bank,3565.3,14,2,9,6,invalid_details,False,delayed_retry@48,False,False,False,False,False,True
txn_000073,cust_000983,2026-03-18T07:08:00,card,Yes Bank,1138.24,54,1,7,11,expired_card,False,immediate_retry,False,False,False,False,False,True
txn_000074,cust_000831,2026-07-02T10:52:00,wallet,Axis,1198.8,61,2,10,24,insufficient_funds,False,delayed_retry@48,True,False,False,False,True,False
txn_000075,cust_000467,2026-04-09T14:53:00,wallet,Kotak,2436.07,51,1,14,16,insufficient_funds,False,immediate_retry,False,False,False,False,False,False
txn_000076,cust_000316,2026-06-04T20:09:00,card,IDFC,1353.51,82,0,20,8,invalid_details,False,delayed_retry@48,False,False,False,False,False,True
txn_000077,cust_000429,2026-01-17T20:21:00,upi,SBI,3765.08,51,0,20,29,insufficient_funds,False,immediate_retry,False,False,False,True,True,False
txn_000078,cust_000156,2026-02-16T04:56:00,card,IDFC,289.75,61,0,4,3,insufficient_funds,False,delayed_retry@48,False,False,False,False,False,False
txn_000079,cust_001371,2026-06-06T06:31:00,card,SBI,4339.1,91,1,6,27,technical_bank_side,False,immediate_retry,True,True,True,True,True,False
txn_000080,cust_000693,2026-03-09T08:34:00,card,Yes Bank,3220.38,05,0,8,5,fraud_suspected,False,delayed_retry@48,True,False,False,False,True,False
txn_000081,cust_000710,2026-05-03T17:57:00,upi,Axis,1014.39,14,2,17,1,invalid_details,False,immediate_retry,False,False,False,False,False,False
txn_000082,cust_000746,2026-06-22T18:30:00,card,Yes Bank,404.28,91,1,18,6,technical_bank_side,False,prompt_new_payment_method,False,False,True,False,False,False
txn_000083,cust_000063,2026-05-04T05:18:00,upi,HDFC,1713.63,96,2,5,15,insufficient_funds,False,immediate_retry,False,True,False,True,False,False
txn_000084,cust_001485,2026-07-08T19:12:00,netbanking,SBI,650.83,05,0,19,25,expired_card,False,immediate_retry,False,False,False,False,False,False
txn_000085,cust_001460,2026-03-14T15:35:00,upi,IDFC,3317.83,91,0,15,2,technical_bank_side,False,delayed_retry@12,True,False,False,True,False,False
txn_000086,cust_001431,2026-01-01T12:41:00,upi,Axis,1843.51,82,2,12,28,invalid_details,False,delayed_retry@48,False,False,False,False,False,True
txn_000087,cust_000938,2026-02-05T04:23:00,card,ICICI,60.76,51,0,4,19,insufficient_funds,False,immediate_retry,False,False,False,False,False,False
txn_000088,cust_001349,2026-07-09T09:50:00,upi,Kotak,679.69,63,1,9,24,fraud_suspected,True,do_nothing,False,False,False,False,False,False
txn_000089,cust_000322,2026-05-28T12:28:00,upi,Axis,5219.58,51,0,12,4,expired_card,False,immediate_retry,True,False,True,False,True,False
txn_000090,cust_000026,2026-04-14T14:30:00,wallet,SBI,1671.75,54,2,14,18,fraud_suspected,False,delayed_retry@48,False,False,False,False,False,False
txn_000091,cust_000675,2026-05-25T11:01:00,card,HDFC,2065.72,54,1,11,30,expired_card,False,prompt_new_payment_method,False,True,False,False,False,False
txn_000092,cust_001178,2026-04-04T21:55:00,card,HDFC,5021.17,51,0,21,10,invalid_details,False,delayed_retry@48,True,True,True,True,True,False
txn_000093,cust_000928,2026-06-21T12:14:00,card,Kotak,4097.94,05,1,12,23,insufficient_funds,False,delayed_retry@12,False,False,False,False,False,False
txn_000094,cust_000846,2026-03-15T23:15:00,upi,IDFC,893.89,54,1,23,10,expired_card,False,prompt_new_payment_method,False,False,False,False,False,False
txn_000095,cust_001406,2026-01-01T07:48:00,upi,Kotak,78.01,14,1,7,11,invalid_details,False,delayed_retry@12,False,False,False,False,False,False
txn_000096,cust_001367,2026-02-27T10:28:00,wallet,HDFC,413.69,51,1,10,5,technical_bank_side,False,prompt_new_payment_method,False,True,True,False,False,False
txn_000097,cust_000544,2026-03-24T05:44:00,card,Kotak,766.14,61,0,5,23,insufficient_funds,False,delayed_retry@12,True,False,False,True,True,False
txn_000098,cust_001048,2026-01-11T12:19:00,upi,Axis,176.56,05,1,12,23,invalid_details,False,prompt_new_payment_method,False,False,False,False,False,False
txn_000099,cust_001153,2026-06-18T15:05:00,upi,Axis,2417.71,96,1,15,17,technical_bank_side,False,delayed_retry@12,False,False,False,False,False,False
txn_000100,cust_001122,2026-01-07T15:13:00,card,Yes Bank,1380.27,14,1,15,10,invalid_details,False,prompt_new_payment_method,False,False,False,False,False,False
txn_000101,cust_000430,2026-05-09T10:03:00,card,Axis,2793.07,33,1,10,21,expired_card,False,delayed_retry@48,False,False,False,False,False,True
txn_000102,cust_000845,2026-03-04T08:13:00,upi,SBI,3686.81,61,0,8,5,insufficient_funds,False,do_nothing,False,False,True,False,False,False
txn_000103,cust_000792,2026-03-20T14:11:00,netbanking,IDFC,1712.11,05,0,14,23,technical_bank_side,False,delayed_retry@12,True,False,True,True,True,False
txn_000104,cust_000443,2026-06-30T17:24:00,card,Yes Bank,1251.39,33,1,17,11,expired_card,False,delayed_retry@48,False,False,False,False,False,False
txn_000105,cust_001212,2026-02-19T02:36:00,card,IDFC,1037.97,14,1,2,16,invalid_details,False,delayed_retry@12,False,False,False,False,False,False
txn_000106,cust_001136,2026-05-11T01:07:00,card,HDFC,194.92,51,1,1,30,insufficient_funds,False,delayed_retry@12,False,False,False,False,False,False
txn_000107,cust_000701,2026-01-31T05:49:00,card,Kotak,494.45,05,0,5,27,expired_card,False,prompt_new_payment_method,True,False,False,False,False,True
txn_000108,cust_000026,2026-04-12T04:20:00,wallet,Kotak,438.73,51,2,4,30,fraud_suspected,False,do_nothing,False,False,False,False,False,False
txn_000109,cust_001447,2026-01-04T17:19:00,card,Kotak,954.94,59,0,17,10,fraud_suspected,True,do_nothing,False,False,False,False,False,False
txn_000110,cust_000480,2026-03-01T19:36:00,upi,ICICI,616.34,61,1,19,8,insufficient_funds,False,delayed_retry@12,False,False,False,False,False,False
txn_000111,cust_000535,2026-07-04T20:28:00,card,Axis,5145.39,51,1,20,25,insufficient_funds,False,delayed_retry@48,False,False,False,True,False,True
txn_000112,cust_000984,2026-03-10T02:52:00,card,IDFC,2491.46,12,1,2,13,invalid_details,False,do_nothing,True,True,False,False,False,True
txn_000113,cust_000770,2026-05-02T17:34:00,card,HDFC,900.22,51,2,17,21,technical_bank_side,False,delayed_retry@48,False,True,True,True,False,True
txn_000114,cust_000471,2026-04-10T19:50:00,card,Yes Bank,151.53,51,0,19,8,insufficient_funds,False,delayed_retry@48,True,False,False,True,True,False
txn_000115,cust_000850,2026-06-21T11:17:00,card,IDFC,336.05,14,1,11,21,invalid_details,False,delayed_retry@48,False,False,False,False,False,False
txn_000116,cust_000859,2026-06-28T14:53:00,upi,IDFC,625.35,61,0,14,31,insufficient_funds,False,delayed_retry@48,False,False,False,True,False,False
txn_000117,cust_000381,2026-04-17T01:38:00,upi,Axis,2941.8,51,1,1,1,insufficient_funds,False,do_nothing,False,False,True,True,True,False
txn_000118,cust_000734,2026-06-29T09:25:00,upi,SBI,847.72,82,1,9,24,invalid_details,False,delayed_retry@48,False,False,False,False,False,True
txn_000119,cust_001224,2026-02-21T17:34:00,card,SBI,558.11,91,0,17,10,technical_bank_side,False,delayed_retry@48,False,False,True,True,False,False
txn_000120,cust_000664,2026-07-10T18:59:00,card,IDFC,3399.33,96,0,18,21,technical_bank_side,False,prompt_new_payment_method,False,False,False,False,False,False
txn_000121,cust_001382,2026-07-12T22:47:00,netbanking,HDFC,3925.78,05,0,22,6,insufficient_funds,False,immediate_retry,False,False,False,True,True,True
txn_000122,cust_000716,2026-05-31T01:45:00,card,HDFC,2931.55,51,0,1,4,insufficient_funds,False,delayed_retry@12,False,False,False,False,True,False
txn_000123,cust_000281,2026-03-31T00:36:00,upi,ICICI,8945.58,96,2,0,31,technical_bank_side,False,prompt_new_payment_method,False,False,False,False,False,False
txn_000124,cust_000128,2026-03-18T09:38:00,card,Kotak,2711.34,05,0,9,31,insufficient_funds,False,prompt_new_payment_method,False,False,True,True,True,False
txn_000125,cust_000107,2026-01-09T19:25:00,card,IDFC,2872.28,65,0,19,23,insufficient_funds,False,delayed_retry@12,False,False,False,False,False,False
txn_000126,cust_000342,2026-02-22T20:58:00,card,Yes Bank,1641.46,14,3,20,7,invalid_details,False,prompt_new_payment_method,False,False,False,False,False,False
txn_000127,cust_001126,2026-07-20T19:49:00,upi,SBI,2869.41,05,1,19,14,fraud_suspected,True,delayed_retry@48,False,False,False,False,False,False
txn_000128,cust_001208,2026-05-03T23:07:00,card,IDFC,699.8,51,0,23,26,insufficient_funds,False,do_nothing,False,False,False,False,True,False
txn_000129,cust_001122,2026-04-22T23:52:00,card,Axis,2617.99,96,0,23,15,technical_bank_side,False,do_nothing,False,False,True,True,True,False
txn_000130,cust_000000,2026-02-15T12:20:00,card,SBI,968.5,63,1,12,2,fraud_suspected,True,delayed_retry@48,False,False,False,False,False,False
txn_000131,cust_001009,2026-02-17T04:30:00,card,Kotak,4043.83,82,0,4,26,invalid_details,False,immediate_retry,False,False,False,False,False,True
txn_000132,cust_000326,2026-05-09T13:50:00,upi,IDFC,339.65,05,2,13,11,expired_card,False,prompt_new_payment_method,True,False,False,False,False,True
txn_000133,cust_000384,2026-01-24T04:30:00,upi,Axis,1882.28,61,0,4,18,insufficient_funds,False,delayed_retry@12,False,False,False,False,False,False
txn_000134,cust_000519,2026-06-03T17:40:00,upi,HDFC,1874.02,33,0,17,24,expired_card,False,delayed_retry@12,False,False,False,False,False,False
txn_000135,cust_000171,2026-06-24T19:12:00,upi,Yes Bank,4222.22,54,1,19,17,expired_card,False,immediate_retry,False,False,False,False,False,True
txn_000136,cust_000531,2026-01-26T19:57:00,netbanking,HDFC,438.04,51,0,19,16,insufficient_funds,False,immediate_retry,False,False,False,True,False,False
txn_000137,cust_001352,2026-04-16T18:52:00,upi,Yes Bank,472.85,82,1,18,5,invalid_details,False,immediate_retry,False,False,False,False,False,True
txn_000138,cust_000971,2026-05-31T15:35:00,upi,SBI,470.16,54,0,15,31,expired_card,False,do_nothing,False,False,False,False,False,True
txn_000139,cust_000376,2026-01-05T20:41:00,card,Kotak,2929.77,59,0,20,7,fraud_suspected,True,delayed_retry@48,False,False,False,False,False,False
txn_000140,cust_000607,2026-02-21T19:47:00,upi,Kotak,2548.51,51,0,19,24,insufficient_funds,False,immediate_retry,False,False,False,False,False,False
txn_000141,cust_000848,2026-03-22T19:06:00,card,HDFC,1308.26,05,3,19,4,insufficient_funds,False,delayed_retry@48,False,False,False,False,False,False
txn_000142,cust_001337,2026-03-18T03:47:00,netbanking,SBI,7070.18,12,0,3,1,invalid_details,False,immediate_retry,False,False,False,False,False,False
txn_000143,cust_000248,2026-06-26T20:12:00,card,ICICI,4272.86,91,2,20,16,technical_bank_side,False,prompt_new_payment_method,False,False,True,False,False,False
txn_000144,cust_000875,2026-01-20T08:51:00,netbanking,SBI,882.14,82,0,8,21,invalid_details,False,delayed_retry@48,False,False,False,False,False,False
txn_000145,cust_001303,2026-01-22T14:01:00,card,IDFC,1605.1,51,0,14,15,insufficient_funds,False,prompt_new_payment_method,False,False,False,False,True,False
txn_000146,cust_001044,2026-06-05T13:58:00,upi,SBI,5844.55,51,1,13,19,insufficient_funds,False,prompt_new_payment_method,False,False,False,False,False,False
txn_000147,cust_000660,2026-03-21T06:59:00,card,IDFC,3978.82,59,1,6,31,fraud_suspected,True,prompt_new_payment_method,False,False,False,False,False,False
txn_000148,cust_000079,2026-06-13T15:13:00,card,Kotak,768.68,96,0,15,22,technical_bank_side,False,delayed_retry@48,True,False,True,False,True,False
txn_000149,cust_000431,2026-01-24T00:08:00,card,Axis,393.77,54,1,0,11,expired_card,False,delayed_retry@12,False,False,False,False,False,False
txn_000150,cust_000139,2026-07-05T14:52:00,wallet,IDFC,553.99,51,0,14,7,insufficient_funds,False,prompt_new_payment_method,False,False,False,False,True,False
txn_000151,cust_000943,2026-07-19T03:56:00,card,Yes Bank,3565.83,05,0,3,11,technical_bank_side,False,do_nothing,False,False,False,False,False,False
txn_000152,cust_000053,2026-03-31T22:07:00,netbanking,ICICI,1413.9,51,0,22,18,insufficient_funds,False,immediate_retry,False,True,False,True,True,False
txn_000153,cust_001489,2026-04-02T17:02:00,wallet,ICICI,5795.09,54,0,17,9,expired_card,False,delayed_retry@12,False,False,False,False,False,False
txn_000154,cust_000512,2026-04-26T12:09:00,upi,Axis,1093.85,51,0,12,14,insufficient_funds,False,prompt_new_payment_method,False,False,False,False,False,False
txn_000155,cust_000352,2026-03-07T08:41:00,upi,Axis,1531.08,05,0,8,29,insufficient_funds,False,delayed_retry@12,False,False,False,False,False,False
txn_000156,cust_001391,2026-06-01T14:08:00,upi,Kotak,306.9,14,2,14,22,invalid_details,False,immediate_retry,False,False,False,False,False,True
txn_000157,cust_001242,2026-02-20T05:50:00,upi,Axis,1707.0,14,2,5,22,invalid_details,False,immediate_retry,False,False,False,False,False,False
txn_000158,cust_001414,2026-02-19T22:11:00,card,IDFC,3681.41,33,2,22,11,expired_card,False,delayed_retry@12,False,False,False,False,False,True
txn_000159,cust_000320,2026-01-02T15:35:00,netbanking,Kotak,1458.01,05,0,15,9,expired_card,False,do_nothing,False,False,False,False,False,False
txn_000160,cust_000271,2026-03-27T09:56:00,netbanking,HDFC,4847.8,05,0,9,7,technical_bank_side,False,immediate_retry,False,False,False,False,False,False
txn_000161,cust_000727,2026-01-02T13:40:00,card,Kotak,2266.96,33,0,13,25,expired_card,False,delayed_retry@12,False,False,False,False,False,True
txn_000162,cust_001242,2026-04-24T12:47:00,netbanking,ICICI,373.65,59,0,12,17,fraud_suspected,True,prompt_new_payment_method,True,True,False,False,False,True
txn_000163,cust_000728,2026-03-05T22:20:00,netbanking,Axis,384.69,96,0,22,14,technical_bank_side,False,do_nothing,False,False,True,False,False,False
txn_000164,cust_000560,2026-01-29T09:49:00,upi,SBI,175.37,51,1,9,16,technical_bank_side,False,prompt_new_payment_method,True,False,True,False,True,True
txn_000165,cust_000673,2026-02-18T04:22:00,card,IDFC,795.24,51,0,4,28,technical_bank_side,False,delayed_retry@48,False,False,False,False,False,False
txn_000166,cust_000137,2026-06-15T08:35:00,upi,HDFC,7221.07,91,0,8,31,technical_bank_side,False,immediate_retry,True,False,True,False,False,False
txn_000167,cust_000451,2026-07-07T18:56:00,upi,HDFC,743.33,54,2,18,31,expired_card,False,delayed_retry@12,False,False,False,False,False,False
txn_000168,cust_001424,2026-01-18T04:20:00,card,SBI,1383.28,05,0,4,7,insufficient_funds,False,delayed_retry@12,False,False,False,False,False,False
txn_000169,cust_001465,2026-02-09T20:05:00,card,Yes Bank,927.31,51,0,20,30,insufficient_funds,False,delayed_retry@48,True,False,False,True,True,False
txn_000170,cust_000813,2026-05-18T10:46:00,card,SBI,364.86,14,0,10,16,invalid_details,False,do_nothing,False,False,False,False,False,False
txn_000171,cust_001220,2026-05-27T13:56:00,netbanking,SBI,657.72,51,1,13,9,insufficient_funds,False,delayed_retry@12,False,False,False,False,False,True
txn_000172,cust_000206,2026-06-21T02:35:00,netbanking,Axis,922.94,91,2,2,23,technical_bank_side,False,delayed_retry@48,False,False,True,True,False,False
txn_000173,cust_000648,2026-03-31T07:25:00,card,HDFC,4143.46,54,1,7,15,expired_card,False,prompt_new_payment_method,False,False,False,False,False,False
txn_000174,cust_000100,2026-06-10T16:29:00,card,Kotak,2842.54,54,1,16,5,expired_card,False,prompt_new_payment_method,True,False,False,False,False,True
txn_000175,cust_000991,2026-06-23T07:51:00,card,IDFC,129.23,51,1,7,7,insufficient_funds,False,do_nothing,False,False,False,False,False,False
txn_000176,cust_000304,2026-02-04T00:19:00,wallet,Kotak,287.28,51,0,0,1,insufficient_funds,False,do_nothing,False,False,False,False,False,False
txn_000177,cust_000628,2026-04-09T12:46:00,card,ICICI,4154.4,33,2,12,7,expired_card,False,immediate_retry,False,False,False,False,False,False
txn_000178,cust_000755,2026-05-25T11:51:00,upi,IDFC,537.32,51,2,11,4,insufficient_funds,False,delayed_retry@48,False,True,False,False,False,False
txn_000179,cust_001398,2026-07-07T19:44:00,upi,Axis,383.67,14,0,19,25,invalid_details,False,delayed_retry@12,False,False,False,False,False,False
txn_000180,cust_000391,2026-04-10T18:00:00,wallet,SBI,7238.14,96,0,18,30,technical_bank_side,False,delayed_retry@12,False,False,False,False,True,False
txn_000181,cust_000664,2026-03-21T09:50:00,netbanking,SBI,122.93,05,2,9,24,insufficient_funds,False,do_nothing,False,False,False,False,False,False
txn_000182,cust_000957,2026-04-22T08:24:00,card,ICICI,387.75,51,0,8,26,insufficient_funds,False,prompt_new_payment_method,False,False,False,False,False,False
txn_000183,cust_000693,2026-06-24T04:09:00,card,ICICI,1261.69,51,1,4,17,expired_card,False,immediate_retry,False,False,False,True,False,False
txn_000184,cust_000019,2026-06-05T03:25:00,upi,SBI,1869.19,51,0,3,15,insufficient_funds,False,delayed_retry@48,True,False,True,True,True,False
txn_000185,cust_001155,2026-03-08T22:55:00,netbanking,Kotak,1570.04,61,0,22,27,insufficient_funds,False,do_nothing,True,True,False,True,True,True
txn_000186,cust_000141,2026-02-25T17:46:00,upi,ICICI,711.48,61,0,17,15,insufficient_funds,False,prompt_new_payment_method,False,False,False,False,False,False
txn_000187,cust_001036,2026-04-29T05:41:00,upi,Kotak,254.6,51,2,5,24,technical_bank_side,False,immediate_retry,False,False,False,False,False,False
txn_000188,cust_001399,2026-04-29T18:25:00,upi,HDFC,381.29,54,1,18,5,expired_card,False,delayed_retry@48,False,False,False,False,False,False
txn_000189,cust_000228,2026-07-03T16:12:00,card,Yes Bank,2680.04,05,0,16,1,technical_bank_side,False,do_nothing,False,False,True,False,True,False
txn_000190,cust_000424,2026-02-28T15:58:00,card,Kotak,1752.72,96,2,15,5,technical_bank_side,False,delayed_retry@12,False,False,False,False,False,False
txn_000191,cust_000524,2026-04-04T06:22:00,card,Kotak,911.19,14,1,6,26,invalid_details,False,prompt_new_payment_method,False,False,False,False,False,False
txn_000192,cust_000302,2026-04-12T09:12:00,card,HDFC,2139.45,51,3,9,8,insufficient_funds,False,immediate_retry,False,False,False,False,False,False
txn_000193,cust_000203,2026-03-02T18:37:00,wallet,ICICI,531.09,33,3,18,9,insufficient_funds,False,prompt_new_payment_method,True,False,False,False,False,True
txn_000194,cust_000777,2026-02-18T03:20:00,upi,Axis,580.67,14,2,3,16,invalid_details,False,immediate_retry,False,False,False,False,False,False
txn_000195,cust_000699,2026-05-27T22:29:00,upi,SBI,760.09,05,0,22,29,fraud_suspected,True,do_nothing,False,False,False,False,False,False
txn_000196,cust_000388,2026-04-14T08:17:00,wallet,Kotak,2017.61,51,0,8,26,fraud_suspected,False,immediate_retry,False,False,False,False,False,False
txn_000197,cust_000032,2026-05-08T04:55:00,upi,Axis,3895.85,91,2,4,23,technical_bank_side,False,delayed_retry@12,False,False,True,False,True,True
txn_000198,cust_001271,2026-07-10T18:24:00,upi,Yes Bank,593.62,05,3,18,3,insufficient_funds,False,immediate_retry,False,False,False,False,False,False
txn_000199,cust_000206,2026-06-23T03:39:00,card,Axis,7959.62,05,0,3,16,insufficient_funds,False,immediate_retry,True,False,True,True,True,False
txn_000200,cust_001318,2026-06-05T00:28:00,upi,IDFC,1423.59,12,3,0,14,invalid_details,False,immediate_retry,False,False,False,False,False,False
txn_000201,cust_001062,2026-06-18T06:45:00,card,SBI,1550.38,59,0,6,28,fraud_suspected,True,immediate_retry,False,False,False,False,False,False
txn_000202,cust_001194,2026-02-24T14:57:00,card,HDFC,399.86,61,0,14,6,insufficient_funds,False,do_nothing,False,False,True,True,True,False
txn_000203,cust_000009,2026-06-20T22:08:00,card,Kotak,2284.52,96,1,22,14,technical_bank_side,False,do_nothing,False,False,False,False,True,False
txn_000204,cust_000948,2026-06-12T15:10:00,card,ICICI,9794.19,05,1,15,3,insufficient_funds,False,delayed_retry@12,True,False,False,True,True,False
txn_000205,cust_000750,2026-04-21T15:40:00,upi,Kotak,3871.67,14,0,15,17,invalid_details,False,delayed_retry@12,False,False,False,False,False,False
txn_000206,cust_001450,2026-07-07T17:05:00,card,HDFC,16564.14,51,0,17,5,insufficient_funds,False,do_nothing,False,False,True,True,False,False
txn_000207,cust_001400,2026-03-10T13:27:00,upi,HDFC,3009.54,51,1,13,29,technical_bank_side,False,do_nothing,False,False,True,False,False,False
txn_000208,cust_000445,2026-03-19T10:44:00,upi,IDFC,2361.78,51,0,10,7,insufficient_funds,False,do_nothing,True,True,False,True,False,False
txn_000209,cust_000821,2026-01-01T11:33:00,card,ICICI,2540.37,51,0,11,31,insufficient_funds,False,delayed_retry@48,True,False,True,False,True,False
txn_000210,cust_001148,2026-01-05T15:23:00,upi,Kotak,7012.19,91,0,15,20,technical_bank_side,False,delayed_retry@48,True,False,False,True,True,False
txn_000211,cust_000916,2026-03-25T03:30:00,card,ICICI,3640.88,54,0,3,25,expired_card,False,do_nothing,False,False,False,False,False,False
txn_000212,cust_000462,2026-02-25T20:03:00,card,IDFC,3619.66,51,2,20,11,invalid_details,False,do_nothing,False,False,False,False,False,False
txn_000213,cust_001297,2026-04-16T11:43:00,upi,Yes Bank,2947.79,51,3,11,4,insufficient_funds,False,immediate_retry,False,False,False,False,False,False
txn_000214,cust_000258,2026-01-25T02:13:00,card,Kotak,471.17,91,1,2,1,technical_bank_side,False,do_nothing,False,False,False,False,False,False
txn_000215,cust_001137,2026-06-10T01:05:00,card,ICICI,308.32,91,0,1,30,technical_bank_side,False,delayed_retry@12,True,True,True,True,True,False
txn_000216,cust_000112,2026-05-10T06:25:00,card,IDFC,2531.11,59,2,6,20,fraud_suspected,True,delayed_retry@48,False,False,False,False,False,False
txn_000217,cust_000881,2026-06-08T23:08:00,card,ICICI,595.42,14,0,23,18,invalid_details,False,immediate_retry,False,True,False,False,False,True
txn_000218,cust_001408,2026-05-17T13:44:00,card,Yes Bank,5626.37,51,0,13,1,insufficient_funds,False,prompt_new_payment_method,False,False,False,True,False,False
txn_000219,cust_000930,2026-04-09T00:05:00,wallet,Axis,1280.55,51,1,0,9,technical_bank_side,False,delayed_retry@48,True,False,True,True,True,False
txn_000220,cust_001447,2026-05-09T05:13:00,upi,Yes Bank,1021.92,61,0,5,31,insufficient_funds,False,prompt_new_payment_method,True,True,False,True,True,True
txn_000221,cust_000822,2026-04-05T06:20:00,upi,IDFC,728.22,51,0,6,7,insufficient_funds,False,delayed_retry@48,True,False,False,True,True,True
txn_000222,cust_000154,2026-02-09T05:44:00,card,HDFC,1032.83,61,1,5,20,insufficient_funds,False,immediate_retry,False,False,False,True,False,False
txn_000223,cust_000560,2026-06-23T13:08:00,card,ICICI,6573.18,05,0,13,13,invalid_details,False,delayed_retry@12,False,False,False,False,False,True
txn_000224,cust_000221,2026-04-19T08:21:00,upi,IDFC,1815.99,05,0,8,19,expired_card,False,prompt_new_payment_method,False,False,False,False,False,False
txn_000225,cust_000062,2026-05-17T00:27:00,card,HDFC,805.6,14,0,0,31,invalid_details,False,delayed_retry@12,False,False,False,False,False,False
txn_000226,cust_001180,2026-02-24T00:54:00,upi,Axis,4984.79,54,0,0,1,expired_card,False,immediate_retry,False,False,False,False,False,True
txn_000227,cust_000731,2026-03-06T23:17:00,card,IDFC,1964.91,05,2,23,5,insufficient_funds,False,do_nothing,False,False,False,True,False,False
txn_000228,cust_000804,2026-01-03T12:14:00,card,Axis,396.79,51,2,12,14,insufficient_funds,False,delayed_retry@48,False,False,False,False,False,False
txn_000229,cust_000309,2026-05-22T22:33:00,netbanking,SBI,10689.08,63,0,22,30,fraud_suspected,True,delayed_retry@48,False,False,False,False,False,False
txn_000230,cust_001104,2026-05-09T09:12:00,wallet,HDFC,593.44,51,0,9,31,insufficient_funds,False,prompt_new_payment_method,True,True,False,True,True,True
txn_000231,cust_001114,2026-02-21T15:58:00,wallet,SBI,1779.7,51,0,15,17,insufficient_funds,False,delayed_retry@12,True,False,False,True,False,False
txn_000232,cust_001211,2026-06-17T21:29:00,netbanking,Kotak,3802.29,91,1,21,25,technical_bank_side,False,do_nothing,False,False,True,False,True,False
txn_000233,cust_000897,2026-01-26T00:09:00,card,HDFC,3469.53,05,0,0,6,fraud_suspected,True,prompt_new_payment_method,False,False,False,False,False,False
txn_000234,cust_001067,2026-06-02T05:47:00,upi,ICICI,1721.48,34,0,5,1,fraud_suspected,True,immediate_retry,False,False,False,False,False,False
txn_000235,cust_000156,2026-05-01T22:24:00,wallet,SBI,475.59,63,0,22,7,fraud_suspected,True,immediate_retry,False,True,False,False,False,False
txn_000236,cust_000004,2026-01-25T15:28:00,card,Yes Bank,817.26,91,1,15,19,technical_bank_side,False,delayed_retry@12,False,False,True,False,False,False
txn_000237,cust_000321,2026-06-04T23:38:00,upi,Yes Bank,7770.16,14,0,23,22,invalid_details,False,immediate_retry,False,False,False,False,False,True
txn_000238,cust_000140,2026-03-31T06:46:00,netbanking,HDFC,519.65,14,1,6,25,invalid_details,False,immediate_retry,False,False,False,False,False,False
txn_000239,cust_000853,2026-02-12T00:27:00,upi,Axis,3735.2,51,0,0,13,insufficient_funds,False,prompt_new_payment_method,False,False,False,False,False,False
txn_000240,cust_001038,2026-02-10T01:24:00,card,Yes Bank,1422.25,63,0,1,21,fraud_suspected,True,immediate_retry,False,False,False,False,False,False
txn_000241,cust_000559,2026-06-24T20:39:00,card,IDFC,1724.02,05,3,20,14,insufficient_funds,False,immediate_retry,False,False,False,False,False,False
txn_000242,cust_000389,2026-04-18T19:32:00,card,Kotak,3476.23,05,1,19,10,insufficient_funds,False,prompt_new_payment_method,False,False,False,False,True,False
txn_000243,cust_000416,2026-02-02T17:00:00,card,HDFC,1219.71,51,0,17,25,insufficient_funds,False,delayed_retry@12,False,False,False,False,False,True
txn_000244,cust_000316,2026-06-11T13:48:00,netbanking,HDFC,1072.87,51,1,13,11,insufficient_funds,False,delayed_retry@12,False,False,True,False,False,False
txn_000245,cust_001012,2026-02-13T16:35:00,card,ICICI,745.59,51,1,16,31,insufficient_funds,False,prompt_new_payment_method,True,False,True,True,True,True
txn_000246,cust_001176,2026-06-14T14:19:00,card,ICICI,2192.62,51,2,14,9,insufficient_funds,False,do_nothing,False,False,False,False,True,False
txn_000247,cust_000409,2026-01-30T15:59:00,upi,Kotak,915.23,96,0,15,3,technical_bank_side,False,immediate_retry,True,True,True,False,True,False
txn_000248,cust_001401,2026-06-15T14:33:00,card,SBI,1133.36,65,1,14,24,insufficient_funds,False,do_nothing,False,False,False,True,True,False
txn_000249,cust_000536,2026-02-04T08:42:00,card,Yes Bank,666.72,51,0,8,25,insufficient_funds,False,prompt_new_payment_method,False,False,False,False,False,False
txn_000250,cust_001297,2026-05-04T23:56:00,upi,SBI,1482.51,05,1,23,2,technical_bank_side,False,prompt_new_payment_method,True,True,False,True,True,True
txn_000251,cust_000118,2026-05-27T18:14:00,card,Yes Bank,2132.13,91,0,18,5,technical_bank_side,False,do_nothing,True,True,True,True,True,True
txn_000252,cust_000956,2026-02-15T01:21:00,upi,Axis,892.8,51,0,1,3,insufficient_funds,False,do_nothing,False,False,False,True,False,False
txn_000253,cust_000949,2026-02-22T07:39:00,card,HDFC,4282.05,12,0,7,28,invalid_details,False,delayed_retry@48,False,False,False,False,False,False
txn_000254,cust_001250,2026-03-29T04:53:00,card,Axis,1973.18,82,1,4,21,technical_bank_side,False,delayed_retry@48,False,False,False,False,False,True
txn_000255,cust_001419,2026-05-30T19:10:00,card,Yes Bank,908.96,51,3,19,23,insufficient_funds,False,delayed_retry@12,False,False,False,False,False,False
txn_000256,cust_000041,2026-06-13T13:37:00,netbanking,SBI,637.1,54,0,13,16,expired_card,False,prompt_new_payment_method,True,False,False,False,False,True
txn_000257,cust_000553,2026-02-02T03:09:00,upi,Yes Bank,696.73,91,1,3,12,technical_bank_side,False,immediate_retry,False,False,False,False,False,False
txn_000258,cust_001247,2026-02-27T09:58:00,card,Yes Bank,3052.99,61,1,9,24,insufficient_funds,False,do_nothing,False,False,False,False,True,False
txn_000259,cust_000048,2026-04-01T09:56:00,upi,Kotak,1270.14,54,1,9,26,expired_card,False,do_nothing,False,False,False,False,False,False
txn_000260,cust_001142,2026-05-04T14:31:00,netbanking,Kotak,827.39,51,1,14,23,technical_bank_side,False,immediate_retry,True,False,True,True,False,True
txn_000261,cust_000037,2026-01-13T18:03:00,wallet,SBI,460.35,82,1,18,17,invalid_details,False,do_nothing,False,False,False,False,False,True
txn_000262,cust_000023,2026-01-14T18:01:00,card,Yes Bank,1237.41,51,1,18,30,insufficient_funds,False,prompt_new_payment_method,False,False,False,True,False,False
txn_000263,cust_001458,2026-04-28T16:37:00,card,Kotak,528.83,05,0,16,19,technical_bank_side,False,prompt_new_payment_method,True,False,True,True,True,True
txn_000264,cust_001190,2026-06-22T15:06:00,card,SBI,891.6,05,3,15,29,insufficient_funds,False,do_nothing,False,False,False,False,False,False
txn_000265,cust_001243,2026-01-28T11:33:00,card,Yes Bank,201.62,05,0,11,6,invalid_details,False,do_nothing,False,False,False,False,False,False
txn_000266,cust_000981,2026-02-15T03:25:00,netbanking,Yes Bank,1867.37,91,0,3,31,technical_bank_side,False,delayed_retry@12,False,False,True,False,False,False
txn_000267,cust_000943,2026-06-04T10:26:00,card,IDFC,2501.41,65,1,10,2,insufficient_funds,False,prompt_new_payment_method,False,False,True,True,False,False
txn_000268,cust_001350,2026-06-09T10:39:00,card,Yes Bank,3565.1,54,0,10,11,expired_card,False,prompt_new_payment_method,False,False,False,False,False,False
txn_000269,cust_000015,2026-05-02T16:15:00,netbanking,ICICI,2776.2,12,0,16,12,invalid_details,False,do_nothing,False,False,False,False,False,True
txn_000270,cust_001454,2026-03-29T10:42:00,netbanking,IDFC,2215.15,05,0,10,31,technical_bank_side,False,prompt_new_payment_method,False,False,False,False,False,False
txn_000271,cust_000939,2026-06-26T23:28:00,card,HDFC,725.13,51,1,23,19,insufficient_funds,False,do_nothing,False,False,False,False,True,True
txn_000272,cust_000754,2026-07-06T10:43:00,netbanking,Yes Bank,2972.35,54,2,10,5,expired_card,False,prompt_new_payment_method,True,False,False,False,False,True
txn_000273,cust_001322,2026-03-20T03:25:00,card,IDFC,248.76,61,0,3,8,insufficient_funds,False,do_nothing,False,False,True,False,True,False
txn_000274,cust_001354,2026-03-27T01:55:00,card,Axis,6080.05,51,1,1,4,insufficient_funds,False,do_nothing,False,False,False,False,False,False
txn_000275,cust_000342,2026-07-15T00:18:00,netbanking,Axis,276.56,82,0,0,17,invalid_details,False,prompt_new_payment_method,False,False,False,False,False,False
txn_000276,cust_000207,2026-01-27T02:54:00,card,HDFC,495.57,63,0,2,8,fraud_suspected,True,prompt_new_payment_method,False,False,False,False,False,False
txn_000277,cust_000183,2026-04-06T22:01:00,card,Axis,837.26,51,1,22,17,insufficient_funds,False,immediate_retry,True,False,True,True,False,False
txn_000278,cust_000783,2026-06-01T16:16:00,netbanking,SBI,1892.39,61,0,16,2,insufficient_funds,False,delayed_retry@48,True,False,False,True,True,False
txn_000279,cust_000489,2026-03-19T11:57:00,card,IDFC,5007.18,33,1,11,26,expired_card,False,immediate_retry,False,False,False,False,False,True
txn_000280,cust_000750,2026-05-10T15:16:00,card,ICICI,109.69,51,2,15,10,insufficient_funds,False,delayed_retry@12,True,False,False,True,False,True
txn_000281,cust_001159,2026-05-12T12:21:00,card,ICICI,1161.28,12,1,12,27,invalid_details,False,delayed_retry@48,False,False,True,False,False,True
txn_000282,cust_000552,2026-02-19T14:09:00,upi,Axis,2945.88,05,0,14,16,technical_bank_side,False,do_nothing,False,False,True,True,False,False
txn_000283,cust_000552,2026-03-27T10:05:00,card,Kotak,239.84,12,2,10,18,invalid_details,False,do_nothing,False,False,False,False,False,False
txn_000284,cust_000599,2026-06-10T17:48:00,upi,IDFC,7325.44,61,0,17,6,insufficient_funds,False,delayed_retry@48,True,False,False,True,True,True
txn_000285,cust_000120,2026-05-07T00:08:00,card,ICICI,1661.3,51,0,0,6,technical_bank_side,False,immediate_retry,True,False,True,False,True,False
txn_000286,cust_001084,2026-04-25T13:57:00,upi,Axis,3505.62,51,0,13,13,technical_bank_side,False,do_nothing,False,False,True,True,False,False
txn_000287,cust_001041,2026-04-28T03:07:00,card,ICICI,1001.89,96,1,3,14,technical_bank_side,False,do_nothing,False,False,False,False,False,False
txn_000288,cust_001470,2026-06-06T03:40:00,upi,ICICI,808.18,51,0,3,26,insufficient_funds,False,do_nothing,False,False,False,True,False,False
txn_000289,cust_000365,2026-03-25T13:42:00,card,SBI,5526.55,14,3,13,21,invalid_details,False,immediate_retry,True,False,True,False,False,True
txn_000290,cust_001483,2026-02-13T01:18:00,netbanking,Axis,5636.28,51,0,1,29,insufficient_funds,False,immediate_retry,False,False,False,False,False,False
txn_000291,cust_000945,2026-05-25T20:05:00,card,IDFC,196.67,51,0,20,21,technical_bank_side,False,delayed_retry@12,True,True,True,True,False,False
txn_000292,cust_000176,2026-07-08T08:01:00,card,SBI,1854.65,54,0,8,16,expired_card,False,immediate_retry,False,False,False,False,False,True
txn_000293,cust_001455,2026-04-28T19:55:00,wallet,SBI,4649.48,54,1,19,15,expired_card,False,do_nothing,True,True,False,False,False,False
txn_000294,cust_000302,2026-04-07T13:08:00,netbanking,ICICI,2032.75,12,1,13,19,invalid_details,False,prompt_new_payment_method,False,False,False,False,False,False
txn_000295,cust_001438,2026-04-06T07:58:00,upi,SBI,1544.19,14,1,7,14,invalid_details,False,do_nothing,True,True,False,False,False,False
txn_000296,cust_000681,2026-05-13T23:29:00,wallet,HDFC,274.93,05,0,23,5,insufficient_funds,False,delayed_retry@48,False,False,False,True,False,False
txn_000297,cust_001018,2026-03-23T11:59:00,upi,Axis,1650.07,54,1,11,10,expired_card,False,immediate_retry,False,False,False,False,False,False
txn_000298,cust_000725,2026-01-22T06:52:00,card,HDFC,19234.02,05,0,6,5,technical_bank_side,False,prompt_new_payment_method,False,False,True,False,False,False
txn_000299,cust_000675,2026-05-16T21:54:00,wallet,Yes Bank,1856.89,65,0,21,9,insufficient_funds,False,prompt_new_payment_method,False,False,False,False,False,False
txn_000300,cust_001129,2026-05-29T16:31:00,upi,HDFC,2431.24,05,0,16,28,insufficient_funds,False,delayed_retry@48,True,False,True,True,True,False
txn_000301,cust_001119,2026-03-25T01:40:00,upi,SBI,6657.0,51,0,1,3,insufficient_funds,False,prompt_new_payment_method,False,False,False,True,False,False
txn_000302,cust_000601,2026-06-04T08:32:00,card,IDFC,1256.38,12,0,8,4,invalid_details,False,delayed_retry@12,False,False,False,False,False,False
txn_000303,cust_000165,2026-01-22T08:38:00,card,Axis,3907.73,51,1,8,3,insufficient_funds,False,immediate_retry,False,False,False,False,False,True
txn_000304,cust_001402,2026-06-03T07:03:00,card,HDFC,1377.26,51,2,7,5,insufficient_funds,False,delayed_retry@48,True,False,False,True,True,False
txn_000305,cust_000100,2026-02-07T16:22:00,upi,SBI,2479.87,51,2,16,9,insufficient_funds,False,immediate_retry,False,False,False,True,False,False
txn_000306,cust_000257,2026-05-06T15:06:00,card,Kotak,526.73,65,1,15,5,insufficient_funds,False,immediate_retry,False,False,False,False,True,False
txn_000307,cust_000383,2026-02-19T12:51:00,upi,SBI,2709.3,96,1,12,24,technical_bank_side,False,prompt_new_payment_method,True,True,True,True,True,True
txn_000308,cust_001287,2026-02-21T23:41:00,card,ICICI,915.23,91,2,23,26,technical_bank_side,False,delayed_retry@48,False,False,False,False,False,False
txn_000309,cust_001137,2026-03-29T06:04:00,upi,SBI,141.99,96,2,6,1,technical_bank_side,False,delayed_retry@12,False,False,False,False,False,False
txn_000310,cust_000224,2026-06-23T02:52:00,netbanking,Yes Bank,398.24,05,2,2,19,fraud_suspected,True,delayed_retry@48,False,False,False,False,False,False
txn_000311,cust_001287,2026-05-20T13:47:00,card,Yes Bank,975.77,14,0,13,29,invalid_details,False,do_nothing,False,False,False,False,False,False
txn_000312,cust_000657,2026-06-01T22:13:00,wallet,SBI,2672.07,05,0,22,31,invalid_details,False,do_nothing,False,False,False,False,False,False
txn_000313,cust_000090,2026-01-01T16:01:00,card,Axis,3213.35,59,1,16,25,fraud_suspected,True,prompt_new_payment_method,False,False,False,False,False,False
txn_000314,cust_001239,2026-02-08T14:23:00,upi,Yes Bank,2599.76,51,0,14,17,insufficient_funds,False,delayed_retry@48,False,False,True,False,False,False
txn_000315,cust_000894,2026-04-27T15:31:00,upi,SBI,840.09,14,0,15,20,invalid_details,False,immediate_retry,False,False,False,False,False,False
txn_000316,cust_000951,2026-07-13T00:00:00,card,HDFC,1194.08,54,0,0,15,expired_card,False,do_nothing,False,False,False,False,False,False
txn_000317,cust_001168,2026-01-30T00:59:00,card,IDFC,72.85,05,0,0,9,insufficient_funds,False,immediate_retry,False,False,False,True,True,False
txn_000318,cust_000026,2026-04-08T10:42:00,netbanking,IDFC,1065.5,14,0,10,24,invalid_details,False,delayed_retry@12,False,False,False,False,False,False
txn_000319,cust_000764,2026-02-09T10:16:00,upi,ICICI,405.44,51,1,10,28,technical_bank_side,False,do_nothing,False,False,True,False,False,False
txn_000320,cust_000818,2026-03-23T19:42:00,upi,Axis,4458.5,14,1,19,1,invalid_details,False,do_nothing,False,False,False,False,False,True
txn_000321,cust_000871,2026-04-09T00:16:00,card,Kotak,2793.18,05,0,0,9,insufficient_funds,False,delayed_retry@12,False,False,False,False,False,False
txn_000322,cust_001147,2026-06-16T02:54:00,card,Kotak,459.85,12,1,2,27,invalid_details,False,immediate_retry,True,True,True,False,False,True
txn_000323,cust_000285,2026-03-04T08:01:00,upi,IDFC,126.81,54,1,8,13,expired_card,False,immediate_retry,False,False,False,False,False,False
txn_000324,cust_000349,2026-01-22T10:23:00,upi,IDFC,3011.73,05,0,10,20,expired_card,False,delayed_retry@12,False,False,False,False,False,False
txn_000325,cust_000779,2026-05-30T16:34:00,netbanking,Axis,468.84,51,0,16,7,insufficient_funds,False,delayed_retry@12,False,False,False,False,False,True
txn_000326,cust_000410,2026-02-18T05:42:00,upi,IDFC,3096.75,91,0,5,21,technical_bank_side,False,do_nothing,False,False,True,True,True,False
txn_000327,cust_000676,2026-06-15T02:07:00,upi,SBI,2473.75,51,0,2,31,invalid_details,False,prompt_new_payment_method,False,False,False,True,True,False
txn_000328,cust_001135,2026-06-10T20:34:00,netbanking,HDFC,714.39,91,0,20,30,technical_bank_side,False,delayed_retry@12,True,True,True,True,True,True
txn_000329,cust_000061,2026-06-19T05:36:00,upi,Yes Bank,834.99,91,1,5,12,technical_bank_side,False,do_nothing,False,False,True,False,False,False
txn_000330,cust_000514,2026-01-29T18:21:00,card,Axis,778.05,96,2,18,22,technical_bank_side,False,delayed_retry@12,False,False,False,False,False,False
txn_000331,cust_000002,2026-07-10T10:55:00,card,Axis,2063.02,05,0,10,24,expired_card,False,do_nothing,True,True,False,False,False,True
txn_000332,cust_000698,2026-05-24T05:21:00,card,SBI,1823.96,54,0,5,4,expired_card,False,do_nothing,False,False,False,False,False,False
txn_000333,cust_000173,2026-07-07T13:43:00,upi,IDFC,709.77,14,0,13,8,invalid_details,False,delayed_retry@48,False,True,False,False,False,True
txn_000334,cust_001479,2026-07-15T07:13:00,card,ICICI,2602.33,91,0,7,23,technical_bank_side,False,delayed_retry@48,True,False,True,False,True,False
txn_000335,cust_001014,2026-04-28T08:26:00,upi,ICICI,215.12,96,1,8,27,technical_bank_side,False,immediate_retry,True,True,True,False,False,False
txn_000336,cust_001014,2026-01-06T09:00:00,card,ICICI,2202.41,51,0,9,3,technical_bank_side,False,prompt_new_payment_method,False,False,True,True,True,False
txn_000337,cust_000080,2026-03-26T00:56:00,upi,ICICI,1095.72,05,0,0,14,invalid_details,False,delayed_retry@12,False,False,False,False,False,True
txn_000338,cust_000806,2026-04-29T04:44:00,upi,SBI,971.63,54,0,4,1,expired_card,False,do_nothing,False,False,False,False,False,False
txn_000339,cust_000462,2026-05-12T22:04:00,upi,IDFC,7053.68,12,1,22,1,invalid_details,False,prompt_new_payment_method,False,False,False,False,False,False
txn_000340,cust_000347,2026-01-10T23:21:00,card,HDFC,6558.51,54,0,23,4,expired_card,False,immediate_retry,False,False,False,False,False,True
txn_000341,cust_000434,2026-01-17T17:50:00,upi,Yes Bank,1373.31,54,0,17,24,expired_card,False,prompt_new_payment_method,False,False,False,False,False,False
txn_000342,cust_001217,2026-07-06T23:58:00,card,Axis,434.78,65,0,23,23,insufficient_funds,False,delayed_retry@48,False,False,True,True,False,False
txn_000343,cust_000615,2026-03-20T07:55:00,wallet,SBI,9786.16,34,1,7,9,fraud_suspected,True,do_nothing,False,False,False,False,False,False
txn_000344,cust_000538,2026-03-17T21:16:00,netbanking,Axis,242.59,82,0,21,14,invalid_details,False,prompt_new_payment_method,False,False,False,False,False,False
txn_000345,cust_000047,2026-02-18T21:44:00,card,IDFC,1372.59,54,1,21,3,expired_card,False,immediate_retry,False,False,False,False,False,False
txn_000346,cust_000484,2026-06-29T03:01:00,upi,SBI,672.51,63,0,3,2,fraud_suspected,True,immediate_retry,False,False,False,False,False,False
txn_000347,cust_000207,2026-02-15T19:34:00,card,HDFC,814.02,05,2,19,12,technical_bank_side,False,do_nothing,False,False,False,False,False,False
txn_000348,cust_000464,2026-02-14T12:19:00,card,SBI,8970.91,51,0,12,18,insufficient_funds,False,do_nothing,False,False,False,False,True,True
txn_000349,cust_000981,2026-04-15T22:53:00,card,ICICI,1279.71,65,0,22,14,insufficient_funds,False,immediate_retry,False,False,False,True,False,False
txn_000350,cust_000811,2026-02-07T21:05:00,card,Yes Bank,766.19,91,2,21,28,technical_bank_side,False,prompt_new_payment_method,False,False,False,True,False,False
txn_000351,cust_001360,2026-02-20T17:40:00,upi,Axis,5811.62,91,0,17,9,technical_bank_side,False,do_nothing,True,True,True,True,True,True
txn_000352,cust_000358,2026-05-23T14:38:00,upi,Yes Bank,651.14,14,1,14,30,invalid_details,False,delayed_retry@48,False,False,False,False,False,True
txn_000353,cust_001306,2026-04-14T21:35:00,card,ICICI,510.46,54,0,21,1,expired_card,False,delayed_retry@48,False,False,False,False,False,False
txn_000354,cust_000577,2026-01-28T08:01:00,netbanking,SBI,407.96,54,3,8,31,fraud_suspected,False,prompt_new_payment_method,False,False,False,False,False,False
txn_000355,cust_000217,2026-03-08T03:10:00,card,Kotak,4866.12,14,1,3,25,invalid_details,False,immediate_retry,False,False,False,False,False,True
txn_000356,cust_001250,2026-04-19T21:33:00,card,SBI,1108.41,51,0,21,30,insufficient_funds,False,immediate_retry,False,False,False,False,False,False
txn_000357,cust_001087,2026-02-11T05:11:00,upi,Kotak,700.21,96,0,5,27,technical_bank_side,False,do_nothing,False,False,True,True,False,True
txn_000358,cust_001380,2026-03-09T04:04:00,upi,SBI,225.99,51,0,4,6,insufficient_funds,False,prompt_new_payment_method,False,False,False,False,False,False
txn_000359,cust_000897,2026-01-05T15:01:00,card,ICICI,3410.98,33,0,15,13,expired_card,False,do_nothing,False,False,False,False,False,False
txn_000360,cust_000177,2026-01-03T20:16:00,card,Axis,335.39,14,3,20,29,invalid_details,False,delayed_retry@12,False,False,False,False,False,False
txn_000361,cust_000640,2026-06-13T02:17:00,netbanking,HDFC,174.36,91,0,2,6,technical_bank_side,False,delayed_retry@48,False,False,False,False,False,False
txn_000362,cust_000042,2026-04-06T20:29:00,card,IDFC,754.04,51,2,20,5,insufficient_funds,False,delayed_retry@12,True,False,False,True,False,False
txn_000363,cust_000619,2026-05-21T07:49:00,netbanking,Axis,911.7,54,3,7,3,expired_card,False,do_nothing,False,False,False,False,False,False
txn_000364,cust_000814,2026-07-12T04:28:00,card,SBI,1058.63,34,1,4,17,fraud_suspected,True,prompt_new_payment_method,True,False,False,False,False,True
txn_000365,cust_000930,2026-05-28T18:27:00,card,SBI,353.89,51,0,18,24,insufficient_funds,False,delayed_retry@48,False,False,False,True,False,True
txn_000366,cust_000341,2026-04-23T19:50:00,card,HDFC,4494.71,54,3,19,10,expired_card,False,prompt_new_payment_method,False,False,False,False,False,False
txn_000367,cust_001073,2026-07-13T17:43:00,netbanking,ICICI,308.22,05,2,17,19,technical_bank_side,False,prompt_new_payment_method,False,False,True,False,True,False
txn_000368,cust_001252,2026-07-20T09:02:00,card,Axis,4746.16,14,0,9,27,invalid_details,False,immediate_retry,False,True,False,False,False,False
txn_000369,cust_000244,2026-05-27T05:49:00,card,SBI,1126.25,91,1,5,4,technical_bank_side,False,do_nothing,False,False,True,True,True,False
txn_000370,cust_001194,2026-05-18T16:18:00,netbanking,Axis,1168.73,05,0,16,13,insufficient_funds,False,do_nothing,False,False,False,False,False,False
txn_000371,cust_001196,2026-01-09T07:31:00,netbanking,ICICI,2490.22,51,0,7,17,insufficient_funds,False,immediate_retry,False,False,False,False,True,True
txn_000372,cust_001223,2026-03-27T10:08:00,card,Kotak,1036.21,63,0,10,20,fraud_suspected,True,immediate_retry,False,False,False,False,False,False
txn_000373,cust_001273,2026-04-16T12:33:00,card,ICICI,2838.24,14,1,12,18,invalid_details,False,do_nothing,False,False,False,False,False,False
txn_000374,cust_000785,2026-03-03T12:53:00,upi,IDFC,784.54,91,2,12,17,technical_bank_side,False,immediate_retry,False,False,False,False,False,False
txn_000375,cust_000759,2026-02-20T01:19:00,netbanking,SBI,557.78,82,1,1,20,invalid_details,False,do_nothing,False,False,False,False,False,False
txn_000376,cust_000985,2026-05-16T02:00:00,card,Kotak,6058.64,05,0,2,7,fraud_suspected,True,delayed_retry@12,False,False,False,False,False,False
txn_000377,cust_001184,2026-03-08T06:42:00,card,ICICI,2431.58,51,0,6,22,insufficient_funds,False,prompt_new_payment_method,False,False,False,True,True,False
txn_000378,cust_001402,2026-01-22T15:30:00,wallet,Kotak,264.82,54,0,15,25,expired_card,False,immediate_retry,False,False,False,False,False,False
txn_000379,cust_001215,2026-06-01T21:59:00,card,HDFC,2811.79,51,0,21,8,insufficient_funds,False,do_nothing,False,False,False,False,False,False
txn_000380,cust_000282,2026-06-02T09:29:00,card,Axis,315.41,91,1,9,22,technical_bank_side,False,prompt_new_payment_method,False,False,False,True,False,False
txn_000381,cust_001106,2026-04-28T10:20:00,card,SBI,1317.96,14,1,10,25,invalid_details,False,do_nothing,False,False,False,False,False,False
txn_000382,cust_001019,2026-01-13T15:21:00,card,IDFC,3756.32,33,0,15,6,expired_card,False,delayed_retry@48,False,False,False,False,False,True
txn_000383,cust_000378,2026-01-31T03:30:00,card,Yes Bank,389.04,05,0,3,16,fraud_suspected,True,delayed_retry@12,False,True,False,False,False,False
txn_000384,cust_000021,2026-07-05T17:13:00,card,Kotak,878.48,96,0,17,9,technical_bank_side,False,delayed_retry@12,False,False,False,False,False,False
txn_000385,cust_000025,2026-07-08T09:09:00,card,ICICI,3877.33,51,0,9,28,invalid_details,False,delayed_retry@48,False,False,False,True,False,False
txn_000386,cust_000594,2026-07-20T13:22:00,upi,Axis,981.33,91,0,13,5,technical_bank_side,False,delayed_retry@48,False,False,False,True,False,False
txn_000387,cust_000024,2026-02-18T09:08:00,card,HDFC,1754.68,12,1,9,10,invalid_details,False,delayed_retry@12,False,False,False,False,False,False
txn_000388,cust_000119,2026-06-09T04:55:00,card,HDFC,11285.89,96,0,4,30,expired_card,False,immediate_retry,True,False,True,True,False,False
txn_000389,cust_000242,2026-01-21T17:00:00,card,IDFC,4707.13,51,0,17,31,insufficient_funds,False,do_nothing,False,False,False,True,True,False
txn_000390,cust_001249,2026-06-29T17:10:00,wallet,Axis,1508.35,96,0,17,1,technical_bank_side,False,delayed_retry@48,False,False,False,True,False,False
txn_000391,cust_000798,2026-04-27T09:13:00,netbanking,IDFC,907.07,05,0,9,13,invalid_details,False,do_nothing,False,False,False,False,False,False
txn_000392,cust_000314,2026-02-22T13:21:00,upi,HDFC,1355.14,33,0,13,26,expired_card,False,prompt_new_payment_method,False,False,False,False,False,False
txn_000393,cust_000809,2026-07-11T14:37:00,upi,HDFC,2695.5,05,1,14,23,technical_bank_side,False,delayed_retry@48,False,False,False,False,False,False
txn_000394,cust_000005,2026-05-27T21:41:00,card,IDFC,1919.98,14,0,21,8,invalid_details,False,prompt_new_payment_method,False,False,False,False,False,False
txn_000395,cust_000130,2026-01-24T12:48:00,upi,Yes Bank,726.93,33,2,12,23,expired_card,False,delayed_retry@12,False,False,False,False,False,True
txn_000396,cust_000313,2026-06-15T09:11:00,wallet,Yes Bank,1091.91,96,2,9,22,technical_bank_side,False,prompt_new_payment_method,False,False,False,False,False,False
txn_000397,cust_001220,2026-01-26T21:37:00,netbanking,Yes Bank,1601.93,51,0,21,11,insufficient_funds,False,delayed_retry@48,False,False,False,False,False,False
txn_000398,cust_000657,2026-03-10T08:46:00,card,Yes Bank,2312.38,05,2,8,26,technical_bank_side,False,do_nothing,False,False,False,True,True,False
txn_000399,cust_000428,2026-05-22T00:06:00,wallet,Axis,854.56,61,2,0,4,insufficient_funds,False,prompt_new_payment_method,False,False,False,False,False,False
txn_000400,cust_001114,2026-03-19T05:09:00,card,SBI,2953.3,65,2,5,23,insufficient_funds,False,do_nothing,False,False,True,True,False,True
txn_000401,cust_001107,2026-06-02T06:57:00,card,IDFC,5386.54,91,0,6,28,technical_bank_side,False,do_nothing,False,False,True,True,True,False
txn_000402,cust_000672,2026-05-04T00:28:00,card,Yes Bank,738.31,51,0,0,11,insufficient_funds,False,delayed_retry@12,False,False,False,False,True,False
txn_000403,cust_001035,2026-05-24T13:45:00,card,Yes Bank,141.64,54,2,13,13,expired_card,False,prompt_new_payment_method,True,False,False,False,False,True
txn_000404,cust_000130,2026-02-27T19:42:00,upi,Yes Bank,339.13,82,1,19,10,invalid_details,False,delayed_retry@48,False,False,False,False,False,True
txn_000405,cust_000366,2026-06-01T21:49:00,card,Yes Bank,4278.26,91,0,21,13,technical_bank_side,False,do_nothing,False,False,False,True,True,True
txn_000406,cust_000387,2026-01-19T10:19:00,upi,Kotak,104.26,63,0,10,21,fraud_suspected,True,prompt_new_payment_method,False,False,False,False,False,False
txn_000407,cust_000269,2026-03-16T09:41:00,netbanking,ICICI,1863.69,51,0,9,10,insufficient_funds,False,prompt_new_payment_method,False,True,True,True,True,False
txn_000408,cust_001230,2026-05-24T17:51:00,upi,SBI,11612.31,51,0,17,22,insufficient_funds,False,do_nothing,True,True,False,True,True,False
txn_000409,cust_001209,2026-01-06T00:40:00,upi,HDFC,1346.58,05,3,0,7,technical_bank_side,False,immediate_retry,True,True,True,False,False,False
txn_000410,cust_001112,2026-03-16T20:22:00,netbanking,ICICI,229.17,54,0,20,14,expired_card,False,prompt_new_payment_method,False,False,False,False,False,False
txn_000411,cust_000723,2026-03-27T17:16:00,card,Axis,1010.36,91,2,17,2,technical_bank_side,False,delayed_retry@48,True,False,False,True,True,False
txn_000412,cust_000557,2026-02-17T06:51:00,netbanking,ICICI,1709.84,91,1,6,30,technical_bank_side,False,delayed_retry@12,False,True,True,False,True,True
txn_000413,cust_000810,2026-04-27T07:50:00,card,Yes Bank,815.01,96,0,7,14,technical_bank_side,False,immediate_retry,False,False,False,False,False,False
txn_000414,cust_000840,2026-01-23T08:20:00,netbanking,Yes Bank,4094.9,14,0,8,15,invalid_details,False,do_nothing,False,False,False,False,False,True
txn_000415,cust_001376,2026-02-15T23:23:00,upi,SBI,887.8,33,1,23,13,expired_card,False,immediate_retry,False,False,False,False,False,False
txn_000416,cust_000841,2026-03-11T01:39:00,card,Yes Bank,1208.77,51,0,1,26,technical_bank_side,False,delayed_retry@48,True,False,True,True,True,True
txn_000417,cust_000714,2026-01-11T20:55:00,card,IDFC,1854.98,96,2,20,6,technical_bank_side,False,do_nothing,True,True,True,True,True,False
txn_000418,cust_001142,2026-02-14T09:38:00,card,ICICI,162.89,54,0,9,15,expired_card,False,delayed_retry@12,False,False,False,False,False,True
txn_000419,cust_000747,2026-04-12T18:24:00,upi,SBI,1114.47,54,0,18,9,expired_card,False,do_nothing,False,False,False,False,False,True
txn_000420,cust_000429,2026-02-24T12:09:00,netbanking,IDFC,1054.86,91,0,12,14,technical_bank_side,False,delayed_retry@48,False,False,False,False,False,False
txn_000421,cust_000152,2026-01-29T16:58:00,wallet,Axis,1204.84,96,0,16,6,technical_bank_side,False,prompt_new_payment_method,False,False,True,False,False,False
txn_000422,cust_001251,2026-06-01T16:57:00,card,Yes Bank,255.06,05,1,16,27,technical_bank_side,False,do_nothing,False,False,True,False,False,True
txn_000423,cust_001033,2026-06-15T06:22:00,upi,Yes Bank,1712.04,05,0,6,9,insufficient_funds,False,delayed_retry@48,False,False,False,True,False,False
txn_000424,cust_001268,2026-06-13T09:06:00,card,Kotak,2901.11,54,3,9,24,expired_card,False,immediate_retry,False,False,False,False,False,True
txn_000425,cust_000733,2026-05-22T08:53:00,card,IDFC,641.46,82,0,8,23,invalid_details,False,immediate_retry,False,False,False,False,False,False
txn_000426,cust_000494,2026-06-24T16:46:00,card,ICICI,791.87,51,0,16,27,insufficient_funds,False,immediate_retry,False,False,False,False,False,False
txn_000427,cust_000166,2026-05-22T08:55:00,card,Axis,4266.2,96,0,8,14,technical_bank_side,False,prompt_new_payment_method,False,False,True,True,True,False
txn_000428,cust_000428,2026-01-30T01:08:00,netbanking,Axis,526.28,59,1,1,31,fraud_suspected,True,immediate_retry,False,False,False,False,False,False
txn_000429,cust_001385,2026-01-24T20:59:00,upi,IDFC,7416.2,05,2,20,9,technical_bank_side,False,delayed_retry@48,True,False,False,False,True,False
txn_000430,cust_000907,2026-05-05T10:02:00,card,ICICI,2839.23,33,0,10,4,expired_card,False,prompt_new_payment_method,False,False,False,False,False,False
txn_000431,cust_001120,2026-01-14T15:04:00,card,Axis,1241.16,96,2,15,18,technical_bank_side,False,prompt_new_payment_method,False,False,False,False,False,False
txn_000432,cust_001369,2026-01-20T08:32:00,upi,Yes Bank,3306.62,05,1,8,16,insufficient_funds,False,immediate_retry,False,False,False,False,False,False
txn_000433,cust_001058,2026-03-23T03:42:00,upi,Axis,646.73,14,1,3,28,invalid_details,False,delayed_retry@12,False,True,False,False,False,True
txn_000434,cust_001290,2026-05-18T09:06:00,wallet,ICICI,5610.65,14,0,9,18,invalid_details,False,prompt_new_payment_method,False,False,False,False,False,False
txn_000435,cust_001472,2026-07-04T13:05:00,wallet,Kotak,706.5,96,0,13,5,technical_bank_side,False,delayed_retry@12,True,False,True,True,True,False
txn_000436,cust_000561,2026-01-13T21:32:00,upi,HDFC,1536.81,05,0,21,19,insufficient_funds,False,do_nothing,False,False,False,False,True,False
txn_000437,cust_001152,2026-06-10T20:24:00,card,SBI,1493.27,59,2,20,25,fraud_suspected,True,do_nothing,False,False,False,False,False,False
txn_000438,cust_001473,2026-01-30T20:12:00,upi,IDFC,848.67,51,3,20,4,insufficient_funds,False,do_nothing,False,False,False,False,False,False
txn_000439,cust_000390,2026-05-02T19:15:00,card,Yes Bank,541.83,51,0,19,30,insufficient_funds,False,immediate_retry,False,False,False,True,False,False
txn_000440,cust_001310,2026-03-16T00:02:00,card,Kotak,2006.47,51,1,0,13,insufficient_funds,False,immediate_retry,False,False,False,False,False,False
txn_000441,cust_000350,2026-03-23T22:30:00,card,ICICI,1016.34,96,0,22,25,technical_bank_side,False,delayed_retry@48,False,False,True,True,False,False
txn_000442,cust_000127,2026-07-09T05:43:00,upi,Yes Bank,737.93,05,0,5,25,insufficient_funds,False,prompt_new_payment_method,False,False,False,False,False,False
txn_000443,cust_000472,2026-05-26T06:33:00,card,ICICI,2147.9,05,0,6,19,technical_bank_side,False,prompt_new_payment_method,False,True,True,False,True,False
txn_000444,cust_000252,2026-07-18T14:35:00,card,IDFC,5929.69,05,2,14,2,insufficient_funds,False,do_nothing,False,False,False,True,False,False
txn_000445,cust_000225,2026-02-05T12:26:00,upi,Kotak,526.28,91,0,12,3,technical_bank_side,False,delayed_retry@48,False,False,False,False,False,True
txn_000446,cust_000631,2026-06-13T03:08:00,card,IDFC,937.37,82,1,3,5,invalid_details,False,delayed_retry@48,False,False,False,False,False,True
txn_000447,cust_001462,2026-02-20T13:05:00,upi,ICICI,4441.34,12,0,13,29,invalid_details,False,delayed_retry@12,False,False,False,False,False,False
txn_000448,cust_001271,2026-06-03T13:35:00,wallet,Kotak,1080.35,96,2,13,10,technical_bank_side,False,immediate_retry,False,False,False,False,False,False
txn_000449,cust_000682,2026-04-27T20:21:00,upi,ICICI,817.48,14,0,20,24,invalid_details,False,immediate_retry,False,False,False,False,False,False
txn_000450,cust_001018,2026-06-25T21:35:00,upi,IDFC,4970.45,51,2,21,3,technical_bank_side,False,immediate_retry,False,False,False,False,False,False
txn_000451,cust_000547,2026-04-20T17:54:00,upi,ICICI,2686.05,96,2,17,20,technical_bank_side,False,prompt_new_payment_method,False,False,True,True,True,False
txn_000452,cust_000695,2026-04-26T04:33:00,upi,HDFC,182.88,51,2,4,6,insufficient_funds,False,immediate_retry,False,False,False,False,False,False
txn_000453,cust_000431,2026-01-14T03:19:00,wallet,HDFC,1863.66,51,1,3,29,insufficient_funds,False,delayed_retry@48,True,False,False,True,True,False
txn_000454,cust_000502,2026-06-13T16:50:00,card,Axis,275.89,33,0,16,1,expired_card,False,do_nothing,False,False,False,False,False,True
txn_000455,cust_000107,2026-06-29T02:50:00,card,SBI,647.75,91,0,2,22,technical_bank_side,False,prompt_new_payment_method,False,True,True,False,False,False
txn_000456,cust_000105,2026-07-12T15:42:00,upi,Yes Bank,229.37,12,0,15,19,invalid_details,False,prompt_new_payment_method,False,False,False,False,False,False
txn_000457,cust_000971,2026-01-03T21:10:00,upi,IDFC,3906.24,82,0,21,29,invalid_details,False,prompt_new_payment_method,False,False,False,False,False,False
txn_000458,cust_001462,2026-02-18T10:13:00,card,IDFC,383.67,96,1,10,11,technical_bank_side,False,delayed_retry@12,False,False,False,False,False,False
txn_000459,cust_000844,2026-05-20T13:30:00,wallet,Yes Bank,214.16,51,0,13,26,technical_bank_side,False,do_nothing,False,False,True,True,True,False
txn_000460,cust_000722,2026-07-03T14:51:00,wallet,HDFC,719.81,33,0,14,29,expired_card,False,immediate_retry,False,False,False,False,False,True
txn_000461,cust_000089,2026-01-27T09:57:00,upi,SBI,780.29,51,0,9,4,insufficient_funds,False,do_nothing,False,False,False,True,False,False
txn_000462,cust_000352,2026-05-10T16:21:00,netbanking,Yes Bank,3898.08,59,1,16,13,fraud_suspected,True,do_nothing,False,False,False,False,False,False
txn_000463,cust_001348,2026-04-25T13:43:00,upi,Kotak,1812.67,33,0,13,14,expired_card,False,delayed_retry@48,False,False,False,False,False,True
txn_000464,cust_000811,2026-03-06T15:04:00,upi,SBI,700.79,51,2,15,29,insufficient_funds,False,delayed_retry@48,True,False,False,True,True,False
txn_000465,cust_000397,2026-05-08T01:01:00,upi,SBI,293.82,51,0,1,5,insufficient_funds,False,delayed_retry@12,False,False,False,False,True,False
txn_000466,cust_000092,2026-01-24T10:41:00,wallet,ICICI,2648.19,96,3,10,14,technical_bank_side,False,immediate_retry,True,True,True,True,True,True
txn_000467,cust_000072,2026-03-04T17:57:00,netbanking,ICICI,4018.45,33,1,17,17,invalid_details,False,delayed_retry@48,False,True,False,False,False,True
txn_000468,cust_000156,2026-01-12T23:48:00,upi,Kotak,2448.58,91,1,23,12,technical_bank_side,False,immediate_retry,False,False,False,False,False,False
txn_000469,cust_000955,2026-01-20T13:17:00,netbanking,HDFC,3362.57,91,1,13,4,technical_bank_side,False,do_nothing,False,False,True,False,False,False
txn_000470,cust_000090,2026-03-28T21:46:00,card,HDFC,1108.84,65,0,21,26,insufficient_funds,False,delayed_retry@48,False,True,False,True,False,True
txn_000471,cust_000594,2026-03-01T16:24:00,netbanking,IDFC,522.83,51,1,16,16,invalid_details,False,do_nothing,False,False,True,False,True,False
txn_000472,cust_000498,2026-03-03T19:29:00,upi,Axis,10206.46,51,0,19,25,insufficient_funds,False,delayed_retry@48,False,False,False,True,False,False
txn_000473,cust_000156,2026-03-12T22:31:00,card,Axis,395.68,05,1,22,22,expired_card,False,immediate_retry,True,True,True,False,True,True
txn_000474,cust_000214,2026-07-18T08:27:00,card,IDFC,902.92,82,0,8,19,invalid_details,False,prompt_new_payment_method,True,False,False,True,False,True
txn_000475,cust_001130,2026-01-09T09:57:00,card,IDFC,1507.77,54,1,9,6,expired_card,False,delayed_retry@48,False,False,False,False,False,False
txn_000476,cust_001008,2026-05-13T08:19:00,netbanking,Yes Bank,1981.94,96,0,8,6,technical_bank_side,False,immediate_retry,False,False,False,True,True,True
txn_000477,cust_000737,2026-06-23T04:22:00,card,SBI,302.26,54,1,4,7,expired_card,False,delayed_retry@48,True,False,False,False,True,True
txn_000478,cust_001465,2026-01-28T18:23:00,card,Kotak,777.39,96,0,18,29,technical_bank_side,False,do_nothing,False,False,True,True,True,False
txn_000479,cust_000372,2026-02-19T20:59:00,netbanking,IDFC,703.67,14,0,20,13,invalid_details,False,delayed_retry@48,False,False,False,False,False,True
txn_000480,cust_000837,2026-07-17T21:00:00,wallet,Kotak,4916.71,54,0,21,26,expired_card,False,immediate_retry,False,False,False,False,False,True
txn_000481,cust_000273,2026-04-16T17:31:00,upi,ICICI,196.64,61,1,17,17,insufficient_funds,False,do_nothing,True,True,True,True,True,True
txn_000482,cust_000120,2026-06-24T03:47:00,wallet,Yes Bank,236.05,14,0,3,4,invalid_details,False,do_nothing,True,True,False,False,False,True
txn_000483,cust_000881,2026-01-31T23:03:00,netbanking,SBI,4208.8,12,0,23,12,invalid_details,False,delayed_retry@12,False,False,False,False,False,True
txn_000484,cust_000452,2026-02-08T19:58:00,wallet,ICICI,3959.35,33,1,19,6,expired_card,False,delayed_retry@12,False,False,False,False,False,True
txn_000485,cust_000778,2026-05-24T19:36:00,netbanking,Axis,1351.98,05,2,19,29,fraud_suspected,True,immediate_retry,False,False,False,False,False,False
txn_000486,cust_000128,2026-04-26T22:13:00,upi,Yes Bank,1258.78,82,0,22,7,invalid_details,False,delayed_retry@48,False,False,False,False,False,False
txn_000487,cust_001337,2026-07-03T16:35:00,netbanking,IDFC,425.37,65,0,16,11,insufficient_funds,False,do_nothing,False,False,True,True,True,False
txn_000488,cust_001404,2026-01-04T17:12:00,card,ICICI,2437.22,05,0,17,8,insufficient_funds,False,prompt_new_payment_method,False,False,False,True,False,False
txn_000489,cust_001489,2026-04-04T08:54:00,card,Kotak,297.58,51,2,8,28,insufficient_funds,False,delayed_retry@12,False,False,False,False,False,False
txn_000490,cust_000115,2026-04-28T08:47:00,upi,ICICI,545.17,96,3,8,28,technical_bank_side,False,do_nothing,False,False,True,False,False,False
txn_000491,cust_001313,2026-03-26T18:04:00,upi,HDFC,1791.55,96,0,18,15,technical_bank_side,False,delayed_retry@48,False,False,True,True,False,False
txn_000492,cust_001190,2026-06-26T19:30:00,netbanking,ICICI,311.35,51,0,19,31,technical_bank_side,False,immediate_retry,True,False,True,True,False,False
txn_000493,cust_000427,2026-03-19T02:07:00,card,HDFC,8955.79,51,2,2,5,insufficient_funds,False,do_nothing,False,False,False,True,True,True
txn_000494,cust_000960,2026-04-16T02:57:00,upi,HDFC,1127.15,14,0,2,22,invalid_details,False,delayed_retry@12,False,False,False,False,False,False
txn_000495,cust_001025,2026-07-11T10:18:00,wallet,Kotak,385.76,96,0,10,23,technical_bank_side,False,delayed_retry@12,False,False,True,False,False,False
txn_000496,cust_001256,2026-02-21T00:41:00,upi,SBI,1426.35,05,1,0,8,insufficient_funds,False,delayed_retry@12,False,False,False,False,True,False
txn_000497,cust_001262,2026-07-15T07:45:00,upi,SBI,400.85,05,2,7,11,expired_card,False,prompt_new_payment_method,True,False,False,False,False,True
txn_000498,cust_001417,2026-03-23T20:26:00,netbanking,SBI,624.26,59,0,20,8,fraud_suspected,True,immediate_retry,False,False,False,False,False,False
txn_000499,cust_001090,2026-07-03T02:00:00,netbanking,Yes Bank,1158.53,51,1,2,19,technical_bank_side,False,prompt_new_payment_method,False,False,True,True,True,False
txn_000500,cust_000386,2026-04-22T11:37:00,card,SBI,443.71,96,1,11,19,technical_bank_side,False,delayed_retry@48,True,False,True,False,True,False
txn_000501,cust_001380,2026-06-10T16:37:00,upi,IDFC,3540.78,61,1,16,30,insufficient_funds,False,do_nothing,False,False,False,True,True,False
txn_000502,cust_000105,2026-03-28T17:22:00,upi,Kotak,1726.66,54,0,17,24,expired_card,False,prompt_new_payment_method,False,False,False,False,False,False
txn_000503,cust_000671,2026-07-17T12:47:00,upi,Axis,225.14,59,0,12,8,fraud_suspected,True,immediate_retry,False,False,False,False,False,False
txn_000504,cust_001214,2026-06-13T01:47:00,upi,Axis,1182.65,05,2,1,3,fraud_suspected,False,prompt_new_payment_method,False,False,False,False,False,False
txn_000505,cust_000234,2026-04-29T13:57:00,card,SBI,2053.28,59,1,13,14,fraud_suspected,True,delayed_retry@12,False,False,False,False,False,False
txn_000506,cust_000461,2026-06-10T01:44:00,wallet,Axis,942.95,96,0,1,3,technical_bank_side,False,prompt_new_payment_method,False,True,True,False,False,False
txn_000507,cust_000269,2026-06-02T08:27:00,card,Kotak,264.74,65,3,8,16,insufficient_funds,False,delayed_retry@12,False,False,False,False,False,True
txn_000508,cust_000386,2026-06-19T22:33:00,card,HDFC,344.34,59,3,22,29,insufficient_funds,True,delayed_retry@48,False,False,False,False,False,False
txn_000509,cust_000431,2026-03-24T15:12:00,card,SBI,388.31,51,1,15,26,insufficient_funds,False,prompt_new_payment_method,False,False,False,False,False,False
txn_000510,cust_000229,2026-01-23T00:31:00,upi,Kotak,3409.66,91,2,0,30,technical_bank_side,False,immediate_retry,False,False,False,True,False,True
txn_000511,cust_000536,2026-01-11T11:45:00,card,Axis,2438.15,96,2,11,18,technical_bank_side,False,delayed_retry@12,False,False,False,False,False,False
txn_000512,cust_000727,2026-06-26T02:38:00,netbanking,HDFC,1028.23,61,0,2,24,insufficient_funds,False,do_nothing,False,False,True,True,False,False
txn_000513,cust_000965,2026-07-17T08:38:00,card,IDFC,1125.04,96,0,8,30,technical_bank_side,False,prompt_new_payment_method,False,False,True,True,False,False
txn_000514,cust_000769,2026-03-08T05:00:00,upi,Axis,1426.53,05,0,5,19,insufficient_funds,False,delayed_retry@48,False,False,False,False,False,False
txn_000515,cust_000592,2026-01-07T08:56:00,upi,IDFC,966.88,96,0,8,10,technical_bank_side,False,delayed_retry@48,False,False,True,False,False,False
txn_000516,cust_000761,2026-01-28T21:52:00,upi,Axis,451.75,51,1,21,30,insufficient_funds,False,do_nothing,False,False,False,False,False,False
txn_000517,cust_000949,2026-02-13T03:59:00,upi,Kotak,4753.59,61,3,3,21,insufficient_funds,False,immediate_retry,False,False,False,False,False,False
txn_000518,cust_000104,2026-01-22T20:09:00,card,IDFC,937.71,51,2,20,11,invalid_details,False,delayed_retry@48,False,False,False,False,False,False
txn_000519,cust_001183,2026-01-25T12:09:00,upi,HDFC,1981.76,63,0,12,7,fraud_suspected,True,delayed_retry@12,False,True,False,False,False,False
txn_000520,cust_000442,2026-05-24T19:02:00,card,IDFC,582.17,05,0,19,28,technical_bank_side,False,prompt_new_payment_method,False,False,True,False,True,False
txn_000521,cust_001018,2026-06-24T22:00:00,card,Kotak,403.16,33,3,22,3,insufficient_funds,False,prompt_new_payment_method,False,False,False,False,False,False
txn_000522,cust_000352,2026-05-15T07:19:00,netbanking,Yes Bank,1553.25,91,0,7,8,insufficient_funds,False,delayed_retry@48,True,False,True,False,True,False
txn_000523,cust_001131,2026-07-10T22:54:00,upi,HDFC,649.52,91,1,22,28,fraud_suspected,False,do_nothing,False,False,False,False,False,False
txn_000524,cust_000630,2026-02-04T16:47:00,card,SBI,954.95,51,0,16,29,insufficient_funds,False,delayed_retry@12,False,False,False,False,False,False
txn_000525,cust_000823,2026-05-05T19:00:00,card,Kotak,438.38,96,2,19,5,technical_bank_side,False,delayed_retry@12,False,False,True,False,False,True
txn_000526,cust_001040,2026-02-14T08:33:00,netbanking,IDFC,2311.64,51,0,8,27,expired_card,False,immediate_retry,False,False,False,False,True,False
txn_000527,cust_000722,2026-04-12T15:44:00,card,HDFC,1708.74,91,1,15,10,technical_bank_side,False,prompt_new_payment_method,False,True,True,True,True,False
txn_000528,cust_001402,2026-06-08T22:46:00,upi,SBI,3858.59,05,0,22,14,invalid_details,False,delayed_retry@48,False,False,True,False,False,True
txn_000529,cust_000837,2026-02-17T01:35:00,card,ICICI,992.14,54,1,1,2,expired_card,False,do_nothing,False,False,False,False,False,False
txn_000530,cust_000987,2026-05-10T04:18:00,wallet,ICICI,2246.9,91,0,4,10,technical_bank_side,False,delayed_retry@48,False,False,True,True,False,False
txn_000531,cust_000584,2026-03-18T21:02:00,upi,Kotak,235.06,05,0,21,28,technical_bank_side,False,delayed_retry@48,True,False,False,False,True,False
txn_000532,cust_000687,2026-02-17T08:19:00,card,IDFC,186.42,51,1,8,31,technical_bank_side,False,delayed_retry@48,True,True,False,True,True,False
txn_000533,cust_000224,2026-02-14T23:47:00,card,SBI,1832.37,05,1,23,24,expired_card,False,delayed_retry@12,False,False,False,False,False,True
txn_000534,cust_000529,2026-01-29T00:33:00,upi,HDFC,1308.42,96,0,0,23,technical_bank_side,False,prompt_new_payment_method,False,False,False,False,False,False
txn_000535,cust_000580,2026-05-28T21:43:00,card,HDFC,671.41,51,0,21,30,insufficient_funds,False,delayed_retry@12,False,False,False,False,True,False
txn_000536,cust_001257,2026-02-24T17:05:00,card,ICICI,3263.85,51,0,17,28,insufficient_funds,False,immediate_retry,False,False,False,True,False,False
txn_000537,cust_001156,2026-03-17T14:18:00,card,Yes Bank,487.9,91,0,14,7,technical_bank_side,False,do_nothing,False,False,False,False,False,False
txn_000538,cust_000656,2026-02-22T08:17:00,upi,Kotak,1525.16,96,1,8,25,technical_bank_side,False,prompt_new_payment_method,False,True,True,False,False,False
txn_000539,cust_001247,2026-05-05T05:27:00,upi,IDFC,1309.37,05,0,5,7,insufficient_funds,False,delayed_retry@12,True,False,True,True,True,False
txn_000540,cust_000375,2026-03-13T13:18:00,card,SBI,744.23,05,0,13,3,invalid_details,False,immediate_retry,False,False,False,False,False,False
txn_000541,cust_000432,2026-07-07T17:00:00,wallet,SBI,2093.91,51,2,17,4,insufficient_funds,False,delayed_retry@48,True,True,False,False,True,False
txn_000542,cust_000418,2026-05-08T02:48:00,upi,SBI,1496.73,61,1,2,21,insufficient_funds,False,delayed_retry@48,False,False,False,False,False,False
txn_000543,cust_000530,2026-05-29T11:37:00,card,SBI,3851.43,51,0,11,23,technical_bank_side,False,delayed_retry@12,True,True,True,True,True,True
txn_000544,cust_000955,2026-01-04T20:07:00,upi,IDFC,1174.18,05,3,20,14,insufficient_funds,False,delayed_retry@48,False,False,True,False,False,False
txn_000545,cust_000419,2026-03-23T10:16:00,upi,Yes Bank,2007.1,96,0,10,1,technical_bank_side,False,delayed_retry@48,False,False,True,False,False,False
txn_000546,cust_000752,2026-04-29T12:42:00,upi,Axis,329.39,82,1,12,21,invalid_details,False,delayed_retry@48,False,False,False,False,False,False
txn_000547,cust_000060,2026-03-03T11:42:00,netbanking,Axis,934.56,96,0,11,28,technical_bank_side,False,immediate_retry,True,True,True,True,True,True
txn_000548,cust_000739,2026-04-12T20:41:00,upi,HDFC,1044.46,05,1,20,31,technical_bank_side,False,prompt_new_payment_method,False,False,True,True,False,False
txn_000549,cust_000195,2026-02-12T17:28:00,upi,HDFC,2568.78,14,1,17,3,invalid_details,False,do_nothing,False,False,False,False,False,True
txn_000550,cust_001326,2026-02-23T19:08:00,card,Yes Bank,358.0,59,0,19,10,fraud_suspected,True,delayed_retry@48,False,False,False,False,False,False
txn_000551,cust_000458,2026-05-24T16:09:00,upi,SBI,532.72,51,1,16,17,technical_bank_side,False,prompt_new_payment_method,False,False,False,False,False,False
txn_000552,cust_000604,2026-01-16T18:25:00,card,ICICI,1901.12,12,0,18,5,insufficient_funds,False,immediate_retry,False,False,False,False,False,True
txn_000553,cust_000032,2026-07-11T01:27:00,upi,Axis,3725.93,51,1,1,22,insufficient_funds,False,delayed_retry@48,True,False,False,True,True,False
txn_000554,cust_000093,2026-05-17T14:40:00,upi,SBI,369.0,12,1,14,14,invalid_details,False,immediate_retry,False,True,False,False,False,True
txn_000555,cust_000108,2026-07-01T00:09:00,card,SBI,2792.9,96,1,0,7,technical_bank_side,False,delayed_retry@12,False,False,False,False,False,False
txn_000556,cust_000313,2026-06-05T20:47:00,card,HDFC,1272.45,96,1,20,31,technical_bank_side,False,immediate_retry,False,False,False,True,True,False
txn_000557,cust_001273,2026-03-11T14:12:00,card,ICICI,6023.22,96,0,14,22,invalid_details,False,delayed_retry@48,True,False,False,False,True,False
txn_000558,cust_000369,2026-05-26T13:20:00,wallet,Yes Bank,1948.54,61,0,13,29,insufficient_funds,False,do_nothing,False,False,False,True,False,False
txn_000559,cust_000988,2026-01-28T18:10:00,netbanking,HDFC,215.74,54,1,18,6,expired_card,False,delayed_retry@12,False,False,False,False,False,False
txn_000560,cust_000148,2026-01-10T00:47:00,wallet,HDFC,2250.44,65,1,0,15,insufficient_funds,False,do_nothing,True,True,True,True,True,True
txn_000561,cust_000726,2026-04-05T01:30:00,card,Axis,389.6,14,1,1,29,invalid_details,False,delayed_retry@48,False,False,False,False,False,True
txn_000562,cust_000401,2026-02-07T20:42:00,card,IDFC,8087.18,96,0,20,8,technical_bank_side,False,do_nothing,True,True,True,True,True,True
txn_000563,cust_000657,2026-06-08T05:01:00,upi,Axis,1499.66,59,1,5,15,fraud_suspected,True,immediate_retry,False,False,False,False,False,False
txn_000564,cust_000436,2026-03-08T05:39:00,upi,Axis,10375.83,91,2,5,14,technical_bank_side,False,immediate_retry,True,False,True,True,False,False
txn_000565,cust_000535,2026-06-28T23:07:00,card,Yes Bank,817.09,54,2,23,9,expired_card,False,delayed_retry@48,False,False,False,False,False,False
txn_000566,cust_000828,2026-03-12T09:13:00,upi,IDFC,2981.32,51,0,9,27,insufficient_funds,False,delayed_retry@48,False,False,False,False,False,False
txn_000567,cust_001300,2026-05-04T20:33:00,wallet,HDFC,939.63,51,1,20,27,technical_bank_side,False,delayed_retry@12,True,False,False,True,False,False
txn_000568,cust_000353,2026-06-24T22:35:00,upi,HDFC,2988.99,05,0,22,10,insufficient_funds,False,delayed_retry@48,False,False,False,True,False,False
txn_000569,cust_001242,2026-02-21T18:21:00,card,ICICI,397.35,54,0,18,21,expired_card,False,do_nothing,False,False,False,False,False,True
txn_000570,cust_000356,2026-03-29T17:04:00,card,SBI,652.45,51,0,17,12,insufficient_funds,False,prompt_new_payment_method,False,False,False,False,False,False
txn_000571,cust_000655,2026-07-03T04:40:00,netbanking,Kotak,430.15,51,0,4,16,insufficient_funds,False,prompt_new_payment_method,False,False,False,False,False,False
txn_000572,cust_000207,2026-05-31T06:52:00,netbanking,HDFC,189.22,59,1,6,9,fraud_suspected,True,prompt_new_payment_method,False,False,False,False,False,False
txn_000573,cust_000149,2026-01-06T05:28:00,card,ICICI,559.21,51,3,5,9,insufficient_funds,False,delayed_retry@48,False,False,False,True,False,False
txn_000574,cust_000261,2026-05-29T15:26:00,wallet,ICICI,813.27,33,0,15,21,expired_card,False,delayed_retry@48,False,False,False,False,False,False
txn_000575,cust_001303,2026-04-23T02:03:00,upi,SBI,2585.96,51,1,2,28,insufficient_funds,False,delayed_retry@48,False,False,True,True,False,False
txn_000576,cust_000224,2026-06-21T09:04:00,card,ICICI,274.88,14,3,9,4,invalid_details,False,delayed_retry@12,False,False,False,False,False,False
txn_000577,cust_000097,2026-03-27T06:52:00,netbanking,IDFC,4826.92,61,1,6,22,insufficient_funds,False,delayed_retry@12,False,False,True,False,False,False
txn_000578,cust_001182,2026-06-07T22:27:00,card,ICICI,1183.97,05,2,22,21,technical_bank_side,False,prompt_new_payment_method,False,False,True,False,False,False
txn_000579,cust_001151,2026-05-15T06:21:00,card,Axis,312.15,82,0,6,16,invalid_details,False,delayed_retry@48,False,False,False,False,False,False
txn_000580,cust_001186,2026-03-29T04:46:00,netbanking,IDFC,479.96,54,1,4,21,expired_card,False,prompt_new_payment_method,True,False,False,False,False,True
txn_000581,cust_000857,2026-07-19T04:43:00,card,HDFC,161.18,33,0,4,7,expired_card,False,delayed_retry@12,False,False,False,False,False,False
txn_000582,cust_001339,2026-07-02T07:51:00,card,IDFC,1818.33,91,0,7,20,technical_bank_side,False,immediate_retry,True,False,True,True,True,False
txn_000583,cust_001473,2026-03-16T14:50:00,card,IDFC,6577.61,51,1,14,24,insufficient_funds,False,prompt_new_payment_method,False,False,False,False,False,False
txn_000584,cust_000195,2026-07-11T12:59:00,upi,SBI,1659.03,14,0,12,27,invalid_details,False,immediate_retry,False,False,False,False,False,True
txn_000585,cust_000443,2026-05-14T02:12:00,upi,ICICI,887.01,05,2,2,27,technical_bank_side,False,delayed_retry@12,True,False,False,True,False,False
txn_000586,cust_001475,2026-06-17T01:11:00,upi,Kotak,2638.86,51,1,1,4,invalid_details,False,immediate_retry,False,False,False,False,False,False
txn_000587,cust_001195,2026-04-13T14:15:00,upi,ICICI,911.91,61,1,14,21,insufficient_funds,False,immediate_retry,False,False,False,False,False,False
txn_000588,cust_000584,2026-06-27T09:15:00,card,HDFC,213.19,54,0,9,2,expired_card,False,do_nothing,False,False,False,False,False,False
txn_000589,cust_000509,2026-03-03T16:45:00,upi,Axis,481.7,51,0,16,24,insufficient_funds,False,immediate_retry,False,False,False,False,False,False
txn_000590,cust_000428,2026-05-11T07:41:00,upi,ICICI,1317.27,05,2,7,22,insufficient_funds,False,immediate_retry,False,False,False,False,False,True
txn_000591,cust_001218,2026-03-05T01:25:00,card,SBI,17941.72,51,2,1,24,insufficient_funds,False,prompt_new_payment_method,False,False,False,True,False,False
txn_000592,cust_000284,2026-02-11T12:32:00,netbanking,IDFC,1933.28,54,1,12,19,expired_card,False,prompt_new_payment_method,False,False,False,False,False,False
txn_000593,cust_001265,2026-05-15T20:18:00,upi,IDFC,444.85,33,0,20,14,expired_card,False,delayed_retry@48,False,False,False,False,False,True
txn_000594,cust_001424,2026-05-06T11:52:00,netbanking,HDFC,749.11,61,0,11,3,insufficient_funds,False,delayed_retry@48,False,False,False,False,False,False
txn_000595,cust_000862,2026-06-25T13:43:00,upi,HDFC,3953.57,05,0,13,9,insufficient_funds,False,do_nothing,True,True,True,False,True,False
txn_000596,cust_001499,2026-04-13T17:57:00,card,Yes Bank,6978.93,05,0,17,12,technical_bank_side,False,immediate_retry,True,False,True,False,True,False
txn_000597,cust_001204,2026-05-01T14:43:00,card,Kotak,2369.67,33,1,14,25,expired_card,False,do_nothing,False,False,False,False,False,False
txn_000598,cust_000447,2026-05-10T16:06:00,card,ICICI,664.32,54,2,16,26,expired_card,False,prompt_new_payment_method,True,False,False,False,False,True
txn_000599,cust_000275,2026-02-25T06:01:00,card,Axis,179.4,91,2,6,6,technical_bank_side,False,immediate_retry,False,True,False,True,False,False
txn_000600,cust_001330,2026-06-28T18:42:00,card,ICICI,206.02,05,0,18,13,technical_bank_side,False,prompt_new_payment_method,False,False,False,False,True,False
txn_000601,cust_000669,2026-07-04T09:10:00,netbanking,Kotak,1036.36,91,2,9,31,technical_bank_side,False,do_nothing,False,False,False,False,False,False
txn_000602,cust_000458,2026-03-08T18:03:00,card,ICICI,7253.19,05,0,18,5,expired_card,False,delayed_retry@48,False,False,False,False,False,False
txn_000603,cust_000598,2026-04-08T15:13:00,card,IDFC,1349.11,51,1,15,20,insufficient_funds,False,do_nothing,False,False,False,False,False,False
txn_000604,cust_000967,2026-04-25T09:12:00,card,Axis,42.7,05,0,9,25,technical_bank_side,False,delayed_retry@48,False,False,False,False,False,False
txn_000605,cust_001496,2026-04-10T15:22:00,upi,SBI,2161.91,33,2,15,17,expired_card,False,do_nothing,False,False,False,False,False,True
txn_000606,cust_000790,2026-05-22T04:23:00,upi,Axis,386.63,12,2,4,31,invalid_details,False,delayed_retry@48,False,False,False,True,False,True
txn_000607,cust_001403,2026-02-24T14:56:00,upi,Axis,1247.06,05,1,14,23,insufficient_funds,False,do_nothing,False,False,True,True,True,True
txn_000608,cust_000261,2026-02-19T05:18:00,upi,IDFC,632.04,54,0,5,3,expired_card,False,prompt_new_payment_method,True,False,False,False,False,True
txn_000609,cust_001213,2026-04-16T23:42:00,netbanking,Yes Bank,2000.47,51,0,23,27,insufficient_funds,False,immediate_retry,True,False,True,True,False,False
txn_000610,cust_001204,2026-05-05T03:22:00,card,Kotak,2749.67,61,0,3,14,insufficient_funds,False,prompt_new_payment_method,False,False,False,True,True,False
txn_000611,cust_001492,2026-05-07T09:21:00,upi,Kotak,1865.82,51,0,9,1,insufficient_funds,False,delayed_retry@12,False,False,False,False,False,False
txn_000612,cust_000448,2026-04-25T03:49:00,card,Yes Bank,1489.38,05,0,3,11,insufficient_funds,False,delayed_retry@12,False,False,False,False,True,False
txn_000613,cust_000631,2026-01-27T04:12:00,upi,ICICI,749.68,12,0,4,28,invalid_details,False,immediate_retry,False,False,False,False,False,True
txn_000614,cust_001450,2026-05-13T17:18:00,card,Yes Bank,960.63,05,0,17,27,invalid_details,False,delayed_retry@48,False,False,False,False,False,True
txn_000615,cust_001448,2026-03-23T11:26:00,card,IDFC,818.79,61,3,11,28,insufficient_funds,False,delayed_retry@12,False,False,False,False,False,False
txn_000616,cust_000847,2026-01-18T15:42:00,card,Kotak,5450.36,51,0,15,3,insufficient_funds,False,do_nothing,False,False,False,False,True,False
txn_000617,cust_000311,2026-06-25T15:40:00,upi,SBI,213.53,51,1,15,24,insufficient_funds,False,do_nothing,False,False,False,False,True,False
txn_000618,cust_000376,2026-01-29T05:44:00,card,Kotak,366.94,51,0,5,2,insufficient_funds,False,immediate_retry,False,True,False,True,False,False
txn_000619,cust_000566,2026-01-14T00:03:00,upi,Kotak,2119.39,61,2,0,15,insufficient_funds,False,delayed_retry@12,False,False,False,False,False,False
txn_000620,cust_001110,2026-06-03T17:35:00,upi,SBI,756.39,05,1,17,21,fraud_suspected,True,prompt_new_payment_method,False,False,False,False,False,False
txn_000621,cust_000141,2026-06-04T16:20:00,card,Axis,4492.38,51,0,16,12,insufficient_funds,False,do_nothing,False,False,False,False,True,False
txn_000622,cust_001318,2026-06-04T12:56:00,card,Axis,80.5,51,0,12,15,insufficient_funds,False,immediate_retry,True,False,True,False,False,False
txn_000623,cust_000753,2026-02-22T06:19:00,card,SBI,646.37,05,0,6,28,invalid_details,False,do_nothing,False,False,False,False,True,False
txn_000624,cust_001432,2026-04-16T22:39:00,card,SBI,683.93,54,0,22,21,expired_card,False,prompt_new_payment_method,True,False,False,False,False,True
txn_000625,cust_000012,2026-01-18T13:26:00,upi,Axis,223.68,05,1,13,1,invalid_details,False,delayed_retry@12,False,False,False,False,False,True
txn_000626,cust_000399,2026-05-10T04:24:00,card,HDFC,4333.29,91,1,4,12,technical_bank_side,False,prompt_new_payment_method,False,False,True,False,True,False
txn_000627,cust_000042,2026-02-23T16:54:00,card,Yes Bank,274.77,91,0,16,22,technical_bank_side,False,immediate_retry,True,True,True,True,True,False
txn_000628,cust_000374,2026-01-19T05:57:00,card,HDFC,4263.27,05,2,5,28,insufficient_funds,False,do_nothing,False,False,False,False,False,False
txn_000629,cust_001350,2026-05-07T03:00:00,netbanking,SBI,1197.98,91,1,3,6,technical_bank_side,False,do_nothing,True,True,True,True,False,False
txn_000630,cust_001091,2026-06-10T00:40:00,upi,IDFC,734.23,82,1,0,24,invalid_details,False,delayed_retry@48,False,False,False,False,False,True
txn_000631,cust_001206,2026-04-17T12:34:00,card,Kotak,701.14,12,2,12,12,invalid_details,False,do_nothing,False,False,False,False,False,False
txn_000632,cust_000282,2026-05-05T05:03:00,card,IDFC,2791.62,51,0,5,12,technical_bank_side,False,delayed_retry@12,False,False,False,False,False,False
txn_000633,cust_000510,2026-07-02T14:27:00,card,ICICI,702.27,91,0,14,24,technical_bank_side,False,delayed_retry@12,False,False,True,False,True,False
txn_000634,cust_000551,2026-03-18T13:54:00,upi,IDFC,951.07,05,0,13,12,fraud_suspected,False,immediate_retry,True,False,True,False,False,False
txn_000635,cust_001414,2026-04-26T12:04:00,wallet,SBI,750.4,54,1,12,21,invalid_details,False,do_nothing,False,False,False,False,False,True
txn_000636,cust_000008,2026-05-12T03:54:00,upi,Yes Bank,2124.41,51,0,3,4,insufficient_funds,False,do_nothing,True,True,True,True,True,True
txn_000637,cust_001226,2026-04-17T16:43:00,netbanking,SBI,747.5,91,1,16,15,technical_bank_side,False,do_nothing,False,False,True,True,False,False
txn_000638,cust_000932,2026-03-24T21:19:00,card,Yes Bank,3676.97,51,0,21,9,insufficient_funds,False,delayed_retry@12,False,False,False,False,False,False
txn_000639,cust_001219,2026-02-12T01:26:00,upi,HDFC,2143.52,91,2,1,17,technical_bank_side,False,prompt_new_payment_method,True,False,True,True,True,True
txn_000640,cust_001085,2026-01-08T16:19:00,netbanking,SBI,997.16,05,0,16,13,technical_bank_side,False,prompt_new_payment_method,False,False,True,False,True,False
txn_000641,cust_000456,2026-04-22T06:03:00,upi,Axis,1667.8,05,0,6,23,technical_bank_side,False,delayed_retry@48,False,True,True,False,False,False
txn_000642,cust_000539,2026-06-25T00:12:00,upi,HDFC,804.55,51,3,0,28,insufficient_funds,False,immediate_retry,False,False,False,False,False,False
txn_000643,cust_000559,2026-05-30T08:11:00,card,ICICI,609.19,05,0,8,19,technical_bank_side,False,delayed_retry@48,True,False,True,False,True,False
txn_000644,cust_001056,2026-02-27T16:15:00,upi,Axis,2708.72,12,2,16,7,invalid_details,False,immediate_retry,False,False,False,False,False,True
txn_000645,cust_000433,2026-03-31T17:16:00,card,ICICI,1213.57,51,0,17,7,insufficient_funds,False,delayed_retry@48,True,False,False,False,True,False
txn_000646,cust_001140,2026-07-04T18:12:00,card,HDFC,236.26,33,0,18,24,expired_card,False,delayed_retry@12,False,False,False,False,False,False
txn_000647,cust_000018,2026-01-10T19:51:00,card,IDFC,739.39,05,2,19,13,insufficient_funds,False,delayed_retry@12,False,False,False,False,False,False
txn_000648,cust_001171,2026-04-13T04:29:00,upi,ICICI,629.01,51,0,4,28,insufficient_funds,False,delayed_retry@48,False,False,False,True,False,False
txn_000649,cust_000788,2026-02-08T18:23:00,netbanking,SBI,1926.53,05,2,18,30,insufficient_funds,False,prompt_new_payment_method,False,False,False,False,True,False
txn_000650,cust_000981,2026-06-22T16:32:00,upi,IDFC,1523.09,91,0,16,20,technical_bank_side,False,prompt_new_payment_method,False,False,True,False,True,False
txn_000651,cust_000644,2026-07-08T00:04:00,card,Axis,202.37,14,0,0,24,invalid_details,False,immediate_retry,False,False,False,False,False,True
txn_000652,cust_001220,2026-06-25T00:21:00,upi,Yes Bank,2669.31,05,0,0,23,expired_card,False,do_nothing,False,False,False,False,False,True
txn_000653,cust_000274,2026-03-20T21:36:00,upi,Axis,679.75,91,0,21,17,technical_bank_side,False,prompt_new_payment_method,True,True,True,True,True,True
txn_000654,cust_000572,2026-05-31T03:12:00,upi,IDFC,1261.88,96,0,3,18,technical_bank_side,False,delayed_retry@48,True,True,True,True,True,False
txn_000655,cust_000550,2026-01-14T21:33:00,card,Kotak,820.81,91,1,21,3,technical_bank_side,False,prompt_new_payment_method,False,True,False,False,True,False
txn_000656,cust_000322,2026-03-07T21:10:00,card,Axis,2040.09,14,1,21,27,invalid_details,False,immediate_retry,False,False,False,False,False,False
txn_000657,cust_001209,2026-01-25T22:34:00,upi,HDFC,705.11,14,1,22,27,invalid_details,False,prompt_new_payment_method,False,False,False,False,False,False
txn_000658,cust_001313,2026-01-28T00:01:00,wallet,ICICI,11486.14,59,0,0,2,fraud_suspected,True,do_nothing,False,False,False,False,False,False
txn_000659,cust_000916,2026-02-24T05:41:00,upi,HDFC,3100.72,05,1,5,28,technical_bank_side,False,delayed_retry@12,True,False,False,True,False,False
txn_000660,cust_000132,2026-01-21T22:08:00,card,SBI,1147.32,59,0,22,22,fraud_suspected,True,prompt_new_payment_method,False,False,False,False,False,False
txn_000661,cust_000896,2026-04-08T18:13:00,card,SBI,2892.3,51,0,18,30,technical_bank_side,False,immediate_retry,True,False,True,False,False,False
txn_000662,cust_000517,2026-04-28T16:48:00,upi,SBI,870.88,05,0,16,14,invalid_details,False,prompt_new_payment_method,True,False,False,False,False,True
txn_000663,cust_001095,2026-01-13T01:30:00,netbanking,HDFC,417.46,05,0,1,28,invalid_details,False,immediate_retry,False,False,False,False,False,True
txn_000664,cust_000538,2026-01-15T00:40:00,upi,SBI,1811.39,91,1,0,3,technical_bank_side,False,delayed_retry@12,False,False,False,False,False,False
txn_000665,cust_000222,2026-01-21T23:00:00,card,ICICI,964.38,54,3,23,6,fraud_suspected,False,prompt_new_payment_method,True,False,False,False,False,True
txn_000666,cust_000487,2026-06-09T19:21:00,card,IDFC,1059.06,96,0,19,5,technical_bank_side,False,immediate_retry,False,False,False,False,False,False
txn_000667,cust_000350,2026-02-27T00:11:00,upi,Axis,1563.11,05,0,0,31,technical_bank_side,False,do_nothing,False,False,True,True,True,False
txn_000668,cust_001273,2026-02-03T18:00:00,card,ICICI,1251.24,33,0,18,8,expired_card,False,do_nothing,False,False,False,False,False,True
txn_000669,cust_000444,2026-02-04T03:26:00,card,Yes Bank,678.95,05,1,3,24,technical_bank_side,False,immediate_retry,False,False,False,False,False,False
txn_000670,cust_001002,2026-01-15T19:29:00,upi,HDFC,3952.14,61,0,19,29,insufficient_funds,False,delayed_retry@48,True,False,False,False,True,False
txn_000671,cust_001078,2026-01-30T05:16:00,netbanking,ICICI,1524.98,54,0,5,13,expired_card,False,delayed_retry@48,False,False,False,False,False,True
txn_000672,cust_001360,2026-01-11T23:20:00,card,Yes Bank,245.2,54,0,23,26,expired_card,False,prompt_new_payment_method,False,False,False,False,False,False
txn_000673,cust_000687,2026-06-09T23:41:00,card,IDFC,176.2,51,0,23,15,insufficient_funds,False,do_nothing,False,False,False,True,False,False
txn_000674,cust_001115,2026-02-02T06:34:00,wallet,SBI,459.15,82,1,6,4,invalid_details,False,do_nothing,False,False,False,False,False,False
txn_000675,cust_001221,2026-02-06T15:52:00,upi,Yes Bank,4623.82,54,0,15,25,expired_card,False,immediate_retry,False,False,False,False,False,False
txn_000676,cust_000655,2026-07-01T05:00:00,netbanking,Kotak,251.89,05,0,5,22,insufficient_funds,False,prompt_new_payment_method,True,True,True,True,True,True
txn_000677,cust_000455,2026-01-31T00:21:00,card,Axis,2167.35,05,1,0,11,technical_bank_side,False,immediate_retry,False,False,False,False,False,False
txn_000678,cust_000901,2026-03-22T19:40:00,wallet,ICICI,212.33,14,0,19,2,invalid_details,False,delayed_retry@12,False,False,False,False,False,False
txn_000679,cust_000257,2026-02-24T14:12:00,netbanking,SBI,2650.98,65,1,14,7,insufficient_funds,False,delayed_retry@48,True,False,False,False,True,False
txn_000680,cust_000532,2026-02-08T17:52:00,card,Kotak,716.51,63,0,17,12,fraud_suspected,True,prompt_new_payment_method,False,False,False,False,False,False
txn_000681,cust_000886,2026-01-16T11:57:00,upi,ICICI,228.01,54,1,11,30,expired_card,False,prompt_new_payment_method,False,False,False,False,False,False
txn_000682,cust_000239,2026-07-15T09:26:00,upi,HDFC,310.53,05,2,9,4,insufficient_funds,False,immediate_retry,False,False,False,False,False,False
txn_000683,cust_001489,2026-01-10T16:20:00,card,ICICI,1286.89,54,0,16,13,expired_card,False,delayed_retry@48,False,False,False,False,False,False
txn_000684,cust_001083,2026-03-31T00:13:00,card,Yes Bank,193.69,91,1,0,17,technical_bank_side,False,delayed_retry@48,False,False,False,True,False,True
txn_000685,cust_001448,2026-01-06T20:50:00,wallet,IDFC,478.07,05,0,20,23,insufficient_funds,False,prompt_new_payment_method,False,False,False,False,True,False
txn_000686,cust_000447,2026-04-01T02:48:00,card,Axis,3259.76,34,2,2,12,fraud_suspected,True,immediate_retry,False,False,False,False,False,False
txn_000687,cust_001068,2026-04-19T10:13:00,upi,IDFC,515.93,61,2,10,22,insufficient_funds,False,delayed_retry@48,False,False,False,False,False,False
txn_000688,cust_000889,2026-06-10T08:59:00,upi,Yes Bank,2137.7,51,1,8,6,insufficient_funds,False,immediate_retry,False,False,False,False,False,False
txn_000689,cust_001232,2026-05-16T06:38:00,card,ICICI,1438.57,51,0,6,10,technical_bank_side,False,immediate_retry,True,False,True,True,False,False
txn_000690,cust_000189,2026-02-11T07:13:00,netbanking,HDFC,1027.83,96,1,7,8,fraud_suspected,False,do_nothing,False,False,False,False,False,False
txn_000691,cust_001168,2026-05-30T07:56:00,wallet,Kotak,1180.31,51,0,7,26,insufficient_funds,False,prompt_new_payment_method,False,False,False,True,False,False
txn_000692,cust_000149,2026-06-11T06:06:00,card,Kotak,1419.15,51,0,6,13,insufficient_funds,False,delayed_retry@48,False,False,False,True,False,False
txn_000693,cust_000322,2026-04-16T06:55:00,netbanking,Yes Bank,439.5,05,0,6,23,expired_card,False,prompt_new_payment_method,True,False,False,False,False,True
txn_000694,cust_001471,2026-03-19T01:33:00,card,ICICI,638.78,63,0,1,13,fraud_suspected,True,delayed_retry@48,False,False,False,False,False,False
txn_000695,cust_000616,2026-03-23T12:43:00,upi,HDFC,6872.63,96,0,12,9,technical_bank_side,False,delayed_retry@12,True,False,True,True,False,False
txn_000696,cust_001233,2026-02-12T01:54:00,card,Kotak,281.17,05,1,1,7,technical_bank_side,False,delayed_retry@48,True,False,False,False,True,False
txn_000697,cust_000374,2026-07-08T09:02:00,card,SBI,2061.62,91,0,9,4,technical_bank_side,False,delayed_retry@12,False,False,False,False,False,False
txn_000698,cust_000089,2026-01-03T15:18:00,card,HDFC,851.42,33,0,15,7,expired_card,False,prompt_new_payment_method,True,False,False,False,False,True
txn_000699,cust_000397,2026-01-07T07:43:00,wallet,ICICI,8660.17,51,0,7,24,insufficient_funds,False,delayed_retry@48,True,False,False,True,True,False
txn_000700,cust_000612,2026-07-16T21:59:00,upi,Axis,621.1,12,1,21,31,invalid_details,False,delayed_retry@48,False,True,False,False,False,False
txn_000701,cust_000672,2026-06-12T00:12:00,card,Kotak,739.49,51,0,0,12,technical_bank_side,False,delayed_retry@12,True,True,True,True,True,False
txn_000702,cust_000474,2026-03-08T20:36:00,netbanking,SBI,2250.18,14,2,20,27,invalid_details,False,delayed_retry@12,False,False,False,False,False,False
txn_000703,cust_001301,2026-02-13T15:18:00,upi,HDFC,188.41,91,0,15,27,technical_bank_side,False,delayed_retry@48,False,False,False,False,False,False
txn_000704,cust_000638,2026-05-01T23:07:00,netbanking,SBI,1908.63,14,0,23,28,invalid_details,False,prompt_new_payment_method,False,False,False,False,False,False
txn_000705,cust_001079,2026-03-01T09:54:00,upi,IDFC,452.49,54,1,9,21,expired_card,False,do_nothing,False,False,False,False,False,True
txn_000706,cust_001460,2026-05-04T09:08:00,netbanking,ICICI,3420.39,51,1,9,10,insufficient_funds,False,delayed_retry@48,False,False,False,False,False,False
txn_000707,cust_000109,2026-01-30T15:45:00,card,Axis,2688.91,05,0,15,3,technical_bank_side,False,immediate_retry,True,False,True,True,True,False
txn_000708,cust_001473,2026-01-01T00:00:00,netbanking,Kotak,182.03,54,3,0,25,expired_card,False,delayed_retry@12,False,False,False,False,False,False
txn_000709,cust_001187,2026-02-13T08:41:00,upi,ICICI,283.57,14,0,8,9,invalid_details,False,delayed_retry@12,False,False,False,False,False,False
txn_000710,cust_001140,2026-03-27T19:15:00,card,Kotak,454.04,59,0,19,16,invalid_details,True,delayed_retry@12,False,False,False,False,False,False
txn_000711,cust_001126,2026-01-29T11:51:00,wallet,Kotak,11442.96,51,0,11,30,insufficient_funds,False,prompt_new_payment_method,False,False,False,False,False,False
txn_000712,cust_000112,2026-07-10T22:15:00,netbanking,Kotak,809.58,33,0,22,19,expired_card,False,delayed_retry@48,False,False,False,False,False,False
txn_000713,cust_000244,2026-06-12T19:00:00,card,SBI,1956.71,51,0,19,3,insufficient_funds,False,do_nothing,False,False,True,True,True,True
txn_000714,cust_000055,2026-07-18T17:08:00,card,Axis,416.85,59,1,17,16,fraud_suspected,True,do_nothing,False,False,False,False,False,False
txn_000715,cust_000887,2026-05-11T22:28:00,upi,HDFC,1089.86,54,2,22,28,expired_card,False,immediate_retry,False,False,False,False,False,True
txn_000716,cust_001403,2026-05-24T06:38:00,card,Kotak,559.11,91,2,6,27,technical_bank_side,False,delayed_retry@48,False,False,False,False,False,False
txn_000717,cust_000013,2026-03-15T09:26:00,card,Yes Bank,2264.72,91,1,9,29,technical_bank_side,False,do_nothing,False,False,True,True,True,False
txn_000718,cust_000691,2026-03-11T22:01:00,card,ICICI,1319.44,54,1,22,3,expired_card,False,immediate_retry,False,False,False,False,False,False
txn_000719,cust_001448,2026-01-04T09:47:00,netbanking,Axis,331.87,12,0,9,2,insufficient_funds,False,do_nothing,False,False,False,False,False,True
txn_000720,cust_000351,2026-01-30T00:39:00,upi,SBI,508.57,91,0,0,14,technical_bank_side,False,immediate_retry,True,False,True,False,False,False
txn_000721,cust_000115,2026-03-24T23:29:00,upi,Yes Bank,909.82,51,0,23,28,insufficient_funds,False,delayed_retry@48,True,False,False,False,True,False
txn_000722,cust_001457,2026-01-29T13:20:00,card,IDFC,1294.37,51,0,13,22,insufficient_funds,False,immediate_retry,False,False,False,False,True,True
txn_000723,cust_000650,2026-05-19T20:53:00,wallet,IDFC,1415.85,05,0,20,10,insufficient_funds,False,prompt_new_payment_method,False,False,True,True,True,False
txn_000724,cust_000310,2026-01-10T08:48:00,netbanking,Yes Bank,804.24,54,0,8,17,expired_card,False,delayed_retry@12,False,False,False,False,False,False
txn_000725,cust_000231,2026-06-08T05:27:00,upi,IDFC,147.91,14,0,5,29,invalid_details,False,immediate_retry,False,False,False,False,False,False
txn_000726,cust_000661,2026-07-03T18:53:00,upi,IDFC,2426.13,51,1,18,23,technical_bank_side,False,prompt_new_payment_method,False,False,False,True,False,False
txn_000727,cust_000221,2026-01-16T02:28:00,upi,Kotak,1120.03,05,0,2,3,insufficient_funds,False,prompt_new_payment_method,False,False,False,False,False,False
txn_000728,cust_000581,2026-07-17T08:14:00,upi,Yes Bank,208.26,51,0,8,13,insufficient_funds,False,do_nothing,False,False,True,True,True,True
txn_000729,cust_001332,2026-05-24T01:42:00,card,Axis,218.11,91,1,1,25,technical_bank_side,False,prompt_new_payment_method,False,False,True,True,False,False
txn_000730,cust_001246,2026-06-17T09:41:00,card,Yes Bank,9893.24,61,2,9,14,insufficient_funds,False,delayed_retry@48,False,False,False,False,False,False
txn_000731,cust_000770,2026-04-29T16:08:00,upi,IDFC,1625.44,05,2,16,21,insufficient_funds,False,delayed_retry@12,False,False,False,False,True,False
txn_000732,cust_000036,2026-07-14T09:12:00,upi,Yes Bank,465.15,14,2,9,26,insufficient_funds,False,immediate_retry,False,False,False,False,False,False
txn_000733,cust_000335,2026-02-09T15:32:00,card,Axis,2056.39,91,1,15,13,technical_bank_side,False,immediate_retry,True,False,True,True,True,False
txn_000734,cust_000926,2026-05-08T10:23:00,card,Yes Bank,15283.36,61,0,10,7,insufficient_funds,False,do_nothing,False,False,False,True,False,False
txn_000735,cust_000215,2026-03-07T07:43:00,netbanking,Axis,392.82,54,2,7,10,expired_card,False,prompt_new_payment_method,False,False,False,False,False,False
txn_000736,cust_000351,2026-05-23T04:58:00,card,ICICI,2949.98,05,1,4,10,insufficient_funds,False,prompt_new_payment_method,False,False,False,False,True,False
txn_000737,cust_000772,2026-05-11T03:49:00,upi,Yes Bank,847.54,82,2,3,2,invalid_details,False,do_nothing,False,False,True,False,False,False
txn_000738,cust_000139,2026-05-10T23:42:00,upi,ICICI,2169.62,61,0,23,26,insufficient_funds,False,do_nothing,False,False,True,True,True,True
txn_000739,cust_000246,2026-07-12T03:52:00,card,ICICI,508.24,54,3,3,27,expired_card,False,immediate_retry,False,False,False,False,False,True
txn_000740,cust_001249,2026-05-22T20:14:00,upi,Axis,1392.45,05,2,20,18,technical_bank_side,False,do_nothing,False,False,False,False,False,False
txn_000741,cust_000300,2026-05-23T13:06:00,card,IDFC,556.24,91,1,13,17,technical_bank_side,False,delayed_retry@48,False,False,False,False,False,False
txn_000742,cust_000157,2026-01-10T22:52:00,upi,Kotak,3727.91,34,1,22,6,fraud_suspected,True,delayed_retry@48,False,False,False,False,False,False
txn_000743,cust_000903,2026-07-12T19:21:00,card,SBI,4406.33,91,1,19,4,technical_bank_side,False,delayed_retry@12,False,False,False,False,True,False
txn_000744,cust_000752,2026-05-21T22:54:00,card,Axis,3205.89,12,1,22,4,invalid_details,False,delayed_retry@12,False,False,False,False,False,False
txn_000745,cust_000116,2026-06-29T14:40:00,wallet,Kotak,1353.44,14,2,14,6,invalid_details,False,do_nothing,False,False,False,False,False,False
txn_000746,cust_001169,2026-02-13T01:21:00,upi,Axis,1229.51,05,0,1,8,technical_bank_side,False,prompt_new_payment_method,True,True,True,True,True,True
txn_000747,cust_001374,2026-06-27T12:28:00,card,SBI,1843.11,51,0,12,15,insufficient_funds,False,immediate_retry,True,True,True,True,True,False
txn_000748,cust_000101,2026-01-07T09:30:00,upi,Kotak,636.34,05,0,9,9,technical_bank_side,False,delayed_retry@12,False,False,True,False,False,False
txn_000749,cust_000068,2026-06-27T07:46:00,card,SBI,1282.84,51,3,7,16,insufficient_funds,False,immediate_retry,False,False,False,False,False,False
txn_000750,cust_000280,2026-05-25T07:58:00,netbanking,IDFC,795.55,91,2,7,4,technical_bank_side,False,delayed_retry@48,True,False,True,False,True,False
txn_000751,cust_001092,2026-07-04T13:12:00,wallet,HDFC,952.29,05,2,13,1,insufficient_funds,False,prompt_new_payment_method,False,False,False,False,False,False
txn_000752,cust_001478,2026-01-24T00:40:00,card,ICICI,2821.2,61,3,0,23,insufficient_funds,False,prompt_new_payment_method,False,False,True,False,False,False
txn_000753,cust_000546,2026-05-07T23:51:00,card,Kotak,796.44,51,1,23,6,technical_bank_side,False,do_nothing,False,False,True,True,False,False
txn_000754,cust_000921,2026-03-05T13:06:00,card,ICICI,730.31,51,1,13,28,insufficient_funds,False,delayed_retry@12,True,True,True,True,True,True
txn_000755,cust_000257,2026-07-05T12:12:00,wallet,ICICI,750.78,05,0,12,2,technical_bank_side,False,immediate_retry,True,False,True,False,True,False
txn_000756,cust_000763,2026-05-25T16:57:00,card,Yes Bank,389.66,51,0,16,4,insufficient_funds,False,prompt_new_payment_method,False,False,True,True,False,False
txn_000757,cust_000077,2026-02-20T16:23:00,upi,ICICI,1898.25,34,0,16,31,fraud_suspected,True,delayed_retry@48,False,False,False,False,False,False
txn_000758,cust_000403,2026-03-02T23:52:00,upi,HDFC,549.68,65,0,23,18,insufficient_funds,False,delayed_retry@48,False,False,False,True,False,False
txn_000759,cust_001365,2026-04-11T21:32:00,upi,Kotak,1134.79,05,1,21,4,technical_bank_side,False,do_nothing,True,True,True,True,True,False
txn_000760,cust_000842,2026-01-12T21:14:00,card,Yes Bank,4511.45,51,0,21,29,technical_bank_side,False,delayed_retry@48,False,False,True,False,False,False
txn_000761,cust_001078,2026-05-11T05:08:00,card,Kotak,3334.1,91,0,5,4,technical_bank_side,False,delayed_retry@12,False,False,True,False,False,True
txn_000762,cust_000659,2026-03-04T04:16:00,netbanking,Kotak,835.29,51,0,4,24,expired_card,False,prompt_new_payment_method,False,False,False,True,True,False
txn_000763,cust_000152,2026-04-17T02:01:00,card,Axis,4669.16,05,1,2,9,fraud_suspected,True,prompt_new_payment_method,False,False,False,False,False,False
txn_000764,cust_000197,2026-01-10T16:33:00,upi,SBI,907.26,05,0,16,23,invalid_details,False,prompt_new_payment_method,False,False,False,False,False,False
txn_000765,cust_000819,2026-05-07T03:07:00,upi,ICICI,2100.76,91,0,3,26,technical_bank_side,False,delayed_retry@12,False,False,False,False,False,False
txn_000766,cust_001434,2026-05-19T22:02:00,card,Axis,632.91,51,0,22,8,insufficient_funds,False,prompt_new_payment_method,False,False,False,False,True,False
txn_000767,cust_001054,2026-05-11T21:01:00,upi,SBI,368.36,54,0,21,16,expired_card,False,immediate_retry,False,False,False,False,False,True
txn_000768,cust_000428,2026-01-28T04:35:00,card,IDFC,250.88,91,0,4,10,technical_bank_side,False,delayed_retry@12,False,False,False,False,True,False
txn_000769,cust_000529,2026-05-18T05:32:00,card,SBI,1147.73,82,2,5,4,invalid_details,False,do_nothing,False,False,False,False,False,False
txn_000770,cust_001327,2026-04-01T03:19:00,upi,IDFC,867.01,05,1,3,27,insufficient_funds,False,immediate_retry,False,False,False,True,False,False
txn_000771,cust_001357,2026-05-03T17:34:00,card,HDFC,1717.65,51,1,17,28,insufficient_funds,False,delayed_retry@48,False,False,False,False,False,False
txn_000772,cust_000673,2026-03-28T08:22:00,upi,Axis,4635.34,51,1,8,13,insufficient_funds,False,do_nothing,False,False,False,False,False,False
txn_000773,cust_000123,2026-04-13T00:23:00,upi,IDFC,451.54,91,1,0,23,technical_bank_side,False,delayed_retry@48,False,False,True,False,False,False
txn_000774,cust_000770,2026-01-30T02:02:00,upi,Yes Bank,1724.56,82,0,2,27,invalid_details,False,prompt_new_payment_method,False,False,False,False,False,False
txn_000775,cust_000669,2026-05-16T20:26:00,card,IDFC,7618.34,51,0,20,16,insufficient_funds,False,delayed_retry@12,False,False,False,False,False,False
txn_000776,cust_000925,2026-03-16T06:03:00,wallet,SBI,1851.51,91,3,6,25,technical_bank_side,False,delayed_retry@12,False,False,False,False,False,False
txn_000777,cust_000712,2026-02-16T10:06:00,wallet,ICICI,14400.37,61,2,10,6,insufficient_funds,False,delayed_retry@48,False,False,False,True,False,True
txn_000778,cust_000650,2026-06-07T08:57:00,card,Axis,877.31,34,1,8,14,fraud_suspected,True,delayed_retry@48,False,False,False,False,False,False
txn_000779,cust_000677,2026-03-18T17:42:00,upi,ICICI,1061.35,96,0,17,27,technical_bank_side,False,do_nothing,False,False,True,False,True,False
txn_000780,cust_001329,2026-03-30T21:01:00,card,Kotak,378.84,54,0,21,17,expired_card,False,delayed_retry@12,False,False,False,False,False,False
txn_000781,cust_000704,2026-05-08T11:12:00,upi,Axis,1271.2,61,3,11,22,insufficient_funds,False,prompt_new_payment_method,True,False,False,False,False,True
txn_000782,cust_000418,2026-02-25T16:51:00,wallet,ICICI,962.21,51,2,16,7,insufficient_funds,False,do_nothing,False,False,False,False,False,False
txn_000783,cust_001291,2026-07-18T08:14:00,wallet,HDFC,1126.8,54,2,8,15,expired_card,False,prompt_new_payment_method,False,False,False,False,False,False
txn_000784,cust_000323,2026-04-16T20:34:00,netbanking,ICICI,8859.14,05,0,20,25,technical_bank_side,False,delayed_retry@48,False,False,False,False,False,False
txn_000785,cust_000059,2026-03-06T10:06:00,wallet,HDFC,1025.36,51,0,10,23,technical_bank_side,False,delayed_retry@48,False,False,True,True,False,False
txn_000786,cust_000379,2026-07-03T05:19:00,card,IDFC,185.5,33,2,5,10,expired_card,False,do_nothing,False,False,False,False,False,True
txn_000787,cust_000437,2026-04-21T06:27:00,upi,Axis,3569.5,51,1,6,11,insufficient_funds,False,do_nothing,False,False,False,False,False,False
txn_000788,cust_001436,2026-07-02T06:00:00,card,IDFC,2806.73,12,0,6,7,invalid_details,False,delayed_retry@12,True,False,True,True,False,True
txn_000789,cust_000078,2026-04-08T08:45:00,card,IDFC,178.22,05,2,8,16,technical_bank_side,False,do_nothing,False,False,False,False,False,False
txn_000790,cust_000778,2026-01-26T12:23:00,upi,Axis,2021.01,51,1,12,7,insufficient_funds,False,immediate_retry,True,False,True,False,True,False
txn_000791,cust_001250,2026-05-19T10:03:00,card,IDFC,3597.34,54,3,10,13,expired_card,False,delayed_retry@12,False,False,False,False,False,False
txn_000792,cust_001012,2026-06-03T02:04:00,card,Axis,405.01,96,0,2,4,expired_card,False,immediate_retry,True,False,True,True,True,True
txn_000793,cust_001074,2026-06-27T21:56:00,wallet,Axis,412.03,51,1,21,22,insufficient_funds,False,delayed_retry@12,False,False,False,False,False,False
txn_000794,cust_000710,2026-07-08T21:10:00,card,IDFC,1610.08,96,2,21,18,technical_bank_side,False,immediate_retry,False,False,False,True,True,False
txn_000795,cust_001010,2026-02-14T00:54:00,card,HDFC,927.76,14,1,0,16,invalid_details,False,do_nothing,False,False,False,False,False,False
txn_000796,cust_000086,2026-01-08T03:41:00,card,IDFC,680.64,51,1,3,30,insufficient_funds,False,immediate_retry,False,False,False,False,False,False
txn_000797,cust_000112,2026-03-22T19:22:00,card,SBI,332.2,96,0,19,22,technical_bank_side,False,delayed_retry@48,True,False,True,True,True,False
txn_000798,cust_001277,2026-04-07T21:50:00,card,Yes Bank,2967.94,14,0,21,29,invalid_details,False,prompt_new_payment_method,False,False,False,False,False,False
txn_000799,cust_001381,2026-06-07T10:12:00,upi,IDFC,5405.83,61,0,10,15,insufficient_funds,False,delayed_retry@48,False,False,False,False,False,False
txn_000800,cust_000880,2026-01-05T12:01:00,card,Kotak,31972.23,61,0,12,27,insufficient_funds,False,delayed_retry@48,False,False,False,True,False,False
txn_000801,cust_000993,2026-05-08T03:43:00,card,SBI,1036.42,91,0,3,4,technical_bank_side,False,delayed_retry@12,True,True,True,True,True,False
txn_000802,cust_000130,2026-03-13T19:11:00,upi,ICICI,1220.2,05,0,19,2,technical_bank_side,False,do_nothing,False,False,True,False,True,False
txn_000803,cust_000777,2026-01-20T02:48:00,netbanking,ICICI,4307.35,61,0,2,23,insufficient_funds,False,do_nothing,True,True,True,True,True,True
txn_000804,cust_000367,2026-03-26T17:59:00,upi,IDFC,979.28,51,1,17,16,insufficient_funds,False,delayed_retry@48,False,False,False,False,False,False
txn_000805,cust_001172,2026-03-21T03:49:00,card,HDFC,71.82,91,0,3,24,technical_bank_side,False,prompt_new_payment_method,True,False,True,True,True,True
txn_000806,cust_001060,2026-04-06T17:47:00,card,IDFC,675.59,61,0,17,13,insufficient_funds,False,do_nothing,False,False,False,False,False,False
txn_000807,cust_001265,2026-06-13T18:25:00,card,Axis,1717.81,33,0,18,26,expired_card,False,immediate_retry,False,False,False,False,False,True
txn_000808,cust_000131,2026-04-14T06:58:00,card,IDFC,810.3,51,0,6,28,insufficient_funds,False,delayed_retry@48,False,False,False,True,False,False
txn_000809,cust_000214,2026-03-08T09:50:00,card,HDFC,1765.16,33,0,9,31,expired_card,False,immediate_retry,False,True,False,False,False,True
txn_000810,cust_001020,2026-01-24T01:08:00,card,Yes Bank,326.09,54,0,1,17,expired_card,False,immediate_retry,False,True,False,False,False,False
txn_000811,cust_001180,2026-05-04T13:23:00,card,Yes Bank,567.59,05,1,13,1,insufficient_funds,False,delayed_retry@48,False,False,False,False,False,False
txn_000812,cust_001288,2026-03-09T18:32:00,netbanking,HDFC,1851.38,82,0,18,1,invalid_details,False,immediate_retry,False,False,False,False,False,False
txn_000813,cust_000099,2026-01-26T07:39:00,card,Axis,3259.51,51,1,7,17,insufficient_funds,False,delayed_retry@48,True,True,False,True,True,False
txn_000814,cust_000708,2026-04-28T14:46:00,netbanking,IDFC,790.7,82,3,14,9,invalid_details,False,delayed_retry@12,False,True,True,False,False,True
txn_000815,cust_001233,2026-05-31T04:08:00,upi,Kotak,5630.79,05,0,4,12,insufficient_funds,False,delayed_retry@12,False,False,False,False,False,False
txn_000816,cust_001058,2026-04-19T19:18:00,netbanking,Axis,11953.08,63,0,19,23,fraud_suspected,True,delayed_retry@48,False,False,False,False,False,False
txn_000817,cust_000374,2026-06-18T21:07:00,wallet,ICICI,5056.55,61,3,21,12,insufficient_funds,False,prompt_new_payment_method,False,False,False,True,False,False
txn_000818,cust_000866,2026-04-27T04:31:00,upi,IDFC,661.44,14,0,4,18,invalid_details,False,delayed_retry@48,False,False,False,False,False,True
txn_000819,cust_001147,2026-01-23T18:19:00,card,HDFC,7100.23,05,0,18,16,technical_bank_side,False,do_nothing,False,False,True,False,True,False
txn_000820,cust_000936,2026-04-29T08:18:00,card,ICICI,4041.26,65,0,8,15,insufficient_funds,False,do_nothing,False,False,False,True,True,False
txn_000821,cust_000916,2026-02-01T17:29:00,netbanking,Axis,2130.08,14,0,17,1,invalid_details,False,prompt_new_payment_method,False,False,False,False,False,False
txn_000822,cust_001499,2026-03-04T18:00:00,card,IDFC,1248.35,96,0,18,5,technical_bank_side,False,delayed_retry@48,False,False,True,True,False,False
txn_000823,cust_001496,2026-06-23T01:01:00,upi,HDFC,254.45,14,0,1,20,invalid_details,False,prompt_new_payment_method,True,False,False,False,False,True
txn_000824,cust_000105,2026-01-22T18:37:00,card,IDFC,4962.16,14,1,18,12,invalid_details,False,delayed_retry@48,False,False,False,False,False,False
txn_000825,cust_000806,2026-01-09T23:07:00,upi,IDFC,879.37,51,0,23,3,insufficient_funds,False,delayed_retry@48,True,False,False,True,True,False
txn_000826,cust_001289,2026-04-15T15:26:00,upi,HDFC,3089.31,51,0,15,10,insufficient_funds,False,do_nothing,False,False,False,True,True,False
txn_000827,cust_000527,2026-04-22T14:08:00,netbanking,HDFC,1429.73,14,3,14,12,technical_bank_side,False,immediate_retry,False,False,False,False,False,False
txn_000828,cust_001158,2026-04-08T05:01:00,upi,IDFC,2897.57,05,0,5,6,fraud_suspected,True,do_nothing,False,False,False,False,False,False
txn_000829,cust_000774,2026-05-30T02:31:00,card,Yes Bank,1501.83,33,0,2,16,expired_card,False,delayed_retry@48,False,False,False,False,False,False
txn_000830,cust_001286,2026-06-29T11:21:00,card,Kotak,663.02,14,0,11,21,invalid_details,False,delayed_retry@12,False,False,False,False,False,False
txn_000831,cust_000890,2026-01-07T13:33:00,card,ICICI,11878.82,12,0,13,28,invalid_details,False,immediate_retry,False,False,False,False,False,False
txn_000832,cust_001195,2026-02-27T05:51:00,upi,Yes Bank,724.01,54,1,5,26,expired_card,False,do_nothing,False,False,False,False,False,False
txn_000833,cust_000560,2026-06-29T16:10:00,upi,Axis,4540.2,59,0,16,16,fraud_suspected,True,delayed_retry@48,False,False,False,False,False,False
txn_000834,cust_000267,2026-07-11T01:14:00,card,ICICI,1210.63,91,0,1,18,technical_bank_side,False,do_nothing,False,False,False,False,False,False
txn_000835,cust_001076,2026-05-02T09:12:00,upi,Yes Bank,621.99,33,0,9,15,expired_card,False,delayed_retry@48,False,False,False,False,False,True
txn_000836,cust_001031,2026-04-24T03:01:00,netbanking,HDFC,1297.88,96,1,3,15,technical_bank_side,False,do_nothing,False,False,True,False,False,False
txn_000837,cust_000579,2026-07-02T02:15:00,card,Axis,386.69,91,1,2,31,fraud_suspected,False,delayed_retry@12,True,False,True,True,False,False
txn_000838,cust_000612,2026-05-13T09:15:00,netbanking,Yes Bank,1737.09,54,1,9,19,expired_card,False,do_nothing,False,False,False,False,False,False
txn_000839,cust_001410,2026-01-30T06:53:00,upi,ICICI,376.98,96,0,6,21,technical_bank_side,False,prompt_new_payment_method,True,False,True,True,True,True
txn_000840,cust_000881,2026-01-02T01:46:00,card,Kotak,1040.89,12,1,1,20,invalid_details,False,delayed_retry@48,False,False,False,False,False,False
txn_000841,cust_000805,2026-04-09T06:21:00,wallet,IDFC,3061.37,54,0,6,27,expired_card,False,immediate_retry,False,True,False,False,False,True
txn_000842,cust_001175,2026-02-13T21:29:00,netbanking,SBI,279.96,82,1,21,6,invalid_details,False,immediate_retry,False,False,False,False,False,False
txn_000843,cust_001489,2026-06-24T10:51:00,card,IDFC,812.47,33,0,10,13,expired_card,False,delayed_retry@12,False,False,False,False,False,False
txn_000844,cust_000011,2026-03-24T01:24:00,card,IDFC,6360.5,33,0,1,29,expired_card,False,immediate_retry,False,False,False,False,False,False
txn_000845,cust_000922,2026-06-08T11:44:00,upi,SBI,1268.59,54,2,11,6,expired_card,False,do_nothing,False,False,False,False,False,True
txn_000846,cust_000956,2026-01-15T20:47:00,upi,Axis,8463.55,61,1,20,8,insufficient_funds,False,delayed_retry@12,False,False,False,False,False,False
txn_000847,cust_000246,2026-01-24T07:08:00,card,ICICI,94.19,05,0,7,30,insufficient_funds,False,delayed_retry@12,True,False,False,True,True,False
txn_000848,cust_000974,2026-05-29T17:13:00,card,IDFC,840.74,51,0,17,13,insufficient_funds,False,do_nothing,False,False,False,False,False,False
txn_000849,cust_000499,2026-06-22T10:13:00,netbanking,SBI,5137.74,65,0,10,27,insufficient_funds,False,prompt_new_payment_method,False,False,False,False,False,False
txn_000850,cust_000867,2026-02-06T18:02:00,card,Yes Bank,1572.22,65,2,18,17,insufficient_funds,False,delayed_retry@48,True,False,False,False,True,False
txn_000851,cust_000408,2026-03-15T20:03:00,upi,Axis,1535.71,63,0,20,30,expired_card,True,delayed_retry@12,False,False,False,False,False,False
txn_000852,cust_000530,2026-06-10T22:56:00,wallet,Kotak,531.48,05,0,22,22,expired_card,False,do_nothing,False,False,False,False,False,True
txn_000853,cust_001000,2026-01-26T22:30:00,netbanking,ICICI,9861.78,51,1,22,30,technical_bank_side,False,do_nothing,False,False,True,True,False,False
txn_000854,cust_001350,2026-03-21T15:13:00,card,IDFC,3053.18,59,1,15,28,fraud_suspected,True,prompt_new_payment_method,False,False,False,False,False,False
txn_000855,cust_001308,2026-02-18T10:14:00,card,ICICI,941.11,82,0,10,7,invalid_details,False,do_nothing,False,False,False,False,False,False
txn_000856,cust_001495,2026-03-20T03:26:00,upi,Yes Bank,5426.02,05,0,3,23,expired_card,False,immediate_retry,False,False,False,False,False,False
txn_000857,cust_000357,2026-05-26T23:22:00,card,ICICI,4960.96,54,1,23,10,expired_card,False,delayed_retry@48,False,False,False,False,False,True
txn_000858,cust_000363,2026-01-20T11:33:00,wallet,IDFC,23296.93,33,1,11,17,expired_card,False,delayed_retry@48,False,True,False,False,False,True
txn_000859,cust_000245,2026-05-10T07:33:00,upi,ICICI,477.01,14,0,7,10,invalid_details,False,immediate_retry,False,False,False,False,False,False
txn_000860,cust_000075,2026-02-11T02:57:00,card,Yes Bank,2053.29,33,1,2,12,expired_card,False,immediate_retry,False,False,False,False,False,False
txn_000861,cust_000189,2026-04-17T08:08:00,netbanking,HDFC,535.07,96,0,8,4,technical_bank_side,False,delayed_retry@48,True,False,False,True,True,True
txn_000862,cust_001482,2026-02-23T02:33:00,upi,HDFC,402.15,05,1,2,10,technical_bank_side,False,do_nothing,False,False,False,False,False,False
txn_000863,cust_000251,2026-04-04T07:31:00,netbanking,IDFC,670.43,14,0,7,8,expired_card,False,do_nothing,False,False,False,False,False,True
txn_000864,cust_000141,2026-04-27T17:14:00,netbanking,Yes Bank,2765.08,51,0,17,4,insufficient_funds,False,delayed_retry@48,False,False,False,False,False,False
txn_000865,cust_000872,2026-04-17T23:17:00,card,SBI,318.15,05,1,23,24,expired_card,False,delayed_retry@12,False,False,False,False,False,False
txn_000866,cust_001474,2026-05-18T10:45:00,netbanking,Kotak,1273.77,96,1,10,7,technical_bank_side,False,prompt_new_payment_method,False,False,False,False,True,False
txn_000867,cust_000025,2026-05-14T22:46:00,card,Yes Bank,268.03,51,0,22,18,insufficient_funds,False,immediate_retry,False,False,False,False,False,False
txn_000868,cust_000282,2026-02-27T00:50:00,card,HDFC,3864.12,54,1,0,23,expired_card,False,immediate_retry,False,False,False,False,False,False
txn_000869,cust_001170,2026-03-30T06:33:00,upi,IDFC,1492.01,14,2,6,27,technical_bank_side,False,do_nothing,False,False,False,False,False,False
txn_000870,cust_000762,2026-01-26T18:34:00,card,Yes Bank,349.38,54,2,18,4,fraud_suspected,False,prompt_new_payment_method,False,False,False,False,False,False
txn_000871,cust_001364,2026-01-10T01:40:00,upi,ICICI,4343.65,51,2,1,8,insufficient_funds,False,do_nothing,False,False,False,False,False,False
txn_000872,cust_000695,2026-03-26T07:32:00,card,ICICI,1041.44,59,0,7,5,fraud_suspected,True,do_nothing,False,False,False,False,False,False
txn_000873,cust_001182,2026-06-07T09:30:00,upi,HDFC,1796.18,54,1,9,12,expired_card,False,do_nothing,False,False,False,False,False,False
txn_000874,cust_001488,2026-07-13T03:38:00,card,Axis,2711.71,51,1,3,22,insufficient_funds,False,delayed_retry@12,True,True,True,True,True,False
txn_000875,cust_001033,2026-02-23T10:02:00,upi,Yes Bank,1189.3,91,0,10,20,technical_bank_side,False,delayed_retry@12,False,False,True,False,True,False
txn_000876,cust_001372,2026-01-09T01:12:00,card,HDFC,382.83,12,0,1,16,invalid_details,False,prompt_new_payment_method,False,False,False,False,False,False
txn_000877,cust_000781,2026-03-21T15:06:00,upi,Kotak,742.61,96,0,15,6,technical_bank_side,False,delayed_retry@48,True,True,True,True,True,False
txn_000878,cust_001174,2026-02-21T11:51:00,card,SBI,2225.17,51,1,11,26,technical_bank_side,False,prompt_new_payment_method,False,False,True,True,False,False
txn_000879,cust_000216,2026-01-09T14:58:00,card,IDFC,545.37,05,1,14,4,technical_bank_side,False,immediate_retry,False,False,False,False,False,False
txn_000880,cust_000194,2026-04-20T11:12:00,card,Yes Bank,957.25,82,1,11,9,invalid_details,False,delayed_retry@48,False,False,True,False,False,False
txn_000881,cust_001060,2026-03-30T14:02:00,card,Kotak,1854.24,61,1,14,18,insufficient_funds,False,prompt_new_payment_method,False,False,False,False,False,False
txn_000882,cust_001416,2026-04-23T11:26:00,card,Axis,4854.27,12,0,11,3,invalid_details,False,immediate_retry,False,False,False,False,False,True
txn_000883,cust_001224,2026-03-12T17:46:00,wallet,Yes Bank,486.13,14,0,17,26,technical_bank_side,False,delayed_retry@48,False,False,False,False,False,False
txn_000884,cust_000090,2026-01-07T01:08:00,card,IDFC,1042.16,14,0,1,8,invalid_details,False,do_nothing,False,False,False,False,False,False
txn_000885,cust_001418,2026-07-11T09:18:00,upi,Kotak,1853.4,82,0,9,23,invalid_details,False,do_nothing,True,True,False,False,False,True
txn_000886,cust_000205,2026-05-11T07:57:00,upi,IDFC,72.08,54,0,7,24,expired_card,False,do_nothing,False,False,False,False,False,False
txn_000887,cust_000911,2026-06-01T17:28:00,card,HDFC,261.39,54,0,17,18,expired_card,False,do_nothing,False,False,False,False,False,False
txn_000888,cust_000535,2026-03-18T12:13:00,wallet,IDFC,1234.37,91,1,12,8,technical_bank_side,False,delayed_retry@12,True,False,False,True,False,False
txn_000889,cust_000638,2026-04-29T18:22:00,upi,IDFC,5800.69,51,0,18,17,insufficient_funds,False,do_nothing,False,False,False,False,False,False
txn_000890,cust_001372,2026-06-26T08:38:00,netbanking,HDFC,1511.85,14,1,8,8,fraud_suspected,False,prompt_new_payment_method,False,False,False,False,False,False
txn_000891,cust_001002,2026-03-07T13:47:00,card,SBI,10979.49,12,1,13,17,invalid_details,False,do_nothing,False,False,False,False,False,False
txn_000892,cust_000960,2026-07-09T21:22:00,card,SBI,1146.31,33,0,21,28,expired_card,False,do_nothing,False,False,False,True,False,True
txn_000893,cust_001346,2026-05-20T11:29:00,wallet,SBI,3114.01,05,0,11,4,technical_bank_side,False,delayed_retry@12,False,False,True,False,True,False
txn_000894,cust_000415,2026-05-17T20:48:00,upi,Axis,3046.24,05,1,20,16,technical_bank_side,False,do_nothing,True,True,True,True,False,False
txn_000895,cust_001159,2026-05-30T19:23:00,card,SBI,1069.0,51,1,19,9,technical_bank_side,False,immediate_retry,True,False,True,True,True,False
txn_000896,cust_000700,2026-02-24T07:17:00,card,Kotak,500.64,96,1,7,16,technical_bank_side,False,delayed_retry@48,False,False,True,False,False,False
txn_000897,cust_000423,2026-04-24T08:13:00,upi,Axis,8740.69,14,0,8,7,technical_bank_side,False,immediate_retry,False,False,False,False,False,False
txn_000898,cust_000592,2026-06-30T05:54:00,card,Yes Bank,544.91,05,1,5,15,invalid_details,False,delayed_retry@12,False,False,False,False,False,True
txn_000899,cust_000878,2026-06-13T20:26:00,netbanking,Kotak,2702.29,91,3,20,4,technical_bank_side,False,immediate_retry,False,False,False,False,False,False
txn_000900,cust_001195,2026-07-04T17:47:00,card,IDFC,11902.96,51,1,17,12,invalid_details,False,prompt_new_payment_method,False,False,False,True,True,False
txn_000901,cust_001139,2026-05-18T00:54:00,upi,ICICI,801.66,51,0,0,4,insufficient_funds,False,prompt_new_payment_method,False,False,True,False,True,False
txn_000902,cust_000351,2026-03-04T21:43:00,upi,IDFC,1736.25,05,1,21,31,insufficient_funds,False,delayed_retry@12,False,False,False,False,True,False
txn_000903,cust_000435,2026-01-13T15:43:00,upi,Kotak,537.53,51,0,15,12,insufficient_funds,False,prompt_new_payment_method,False,True,False,False,False,False
txn_000904,cust_001481,2026-02-17T06:56:00,card,Yes Bank,431.53,05,2,6,11,insufficient_funds,False,delayed_retry@48,False,False,False,True,False,False
txn_000905,cust_001219,2026-05-28T21:36:00,upi,Kotak,333.27,51,1,21,13,insufficient_funds,False,do_nothing,False,False,False,False,False,False
txn_000906,cust_000376,2026-01-19T08:15:00,upi,IDFC,3620.7,51,0,8,3,insufficient_funds,False,delayed_retry@48,False,False,False,False,False,False
txn_000907,cust_000693,2026-02-21T15:16:00,wallet,Axis,776.49,51,0,15,27,insufficient_funds,False,delayed_retry@12,False,False,False,False,True,False
txn_000908,cust_000142,2026-03-19T19:54:00,card,Yes Bank,14907.97,91,0,19,27,technical_bank_side,False,do_nothing,False,False,False,True,True,False
txn_000909,cust_001170,2026-05-07T17:30:00,wallet,IDFC,1405.62,96,1,17,12,technical_bank_side,False,prompt_new_payment_method,False,False,False,True,True,False
txn_000910,cust_001007,2026-06-20T04:36:00,card,HDFC,1396.57,63,0,4,9,fraud_suspected,True,prompt_new_payment_method,False,False,False,False,False,False
txn_000911,cust_000089,2026-07-06T23:15:00,card,ICICI,2096.65,96,0,23,31,technical_bank_side,False,do_nothing,True,True,True,True,True,True
txn_000912,cust_000382,2026-06-04T01:50:00,netbanking,Axis,14387.76,54,0,1,23,expired_card,False,prompt_new_payment_method,True,False,False,False,False,True
txn_000913,cust_000443,2026-03-20T09:09:00,card,Kotak,796.37,91,0,9,15,technical_bank_side,False,delayed_retry@12,False,False,True,False,True,False
txn_000914,cust_000963,2026-04-01T05:22:00,card,Axis,4819.21,96,3,5,13,insufficient_funds,False,delayed_retry@12,False,True,False,False,False,False
txn_000915,cust_000873,2026-03-24T18:38:00,card,Kotak,2687.74,05,1,18,6,insufficient_funds,False,do_nothing,True,True,True,False,True,True
txn_000916,cust_000677,2026-07-10T16:46:00,card,ICICI,430.13,05,1,16,8,insufficient_funds,False,delayed_retry@12,False,False,False,False,False,False
txn_000917,cust_001047,2026-04-09T13:45:00,card,SBI,104.23,51,0,13,7,insufficient_funds,False,delayed_retry@12,True,False,True,True,True,True
txn_000918,cust_000722,2026-06-07T02:45:00,card,IDFC,1942.39,12,1,2,25,invalid_details,False,delayed_retry@48,False,False,False,False,False,True
txn_000919,cust_001344,2026-02-06T11:29:00,card,IDFC,3156.54,51,0,11,31,insufficient_funds,False,delayed_retry@12,False,False,False,False,False,False
txn_000920,cust_000492,2026-04-03T06:02:00,card,Kotak,2477.47,65,2,6,25,insufficient_funds,False,delayed_retry@12,False,False,False,False,False,False
txn_000921,cust_001357,2026-03-09T21:13:00,upi,Kotak,5279.55,96,0,21,31,technical_bank_side,False,immediate_retry,False,False,False,False,True,False
txn_000922,cust_001025,2026-05-17T01:30:00,card,HDFC,2357.53,05,2,1,10,technical_bank_side,False,delayed_retry@48,False,False,False,False,False,False
txn_000923,cust_000946,2026-07-02T06:25:00,card,ICICI,831.91,51,2,6,19,insufficient_funds,False,immediate_retry,False,False,False,True,False,False
txn_000924,cust_001142,2026-02-12T22:55:00,upi,ICICI,443.16,14,0,22,1,invalid_details,False,do_nothing,False,False,True,True,False,True
txn_000925,cust_001232,2026-03-01T08:48:00,card,HDFC,281.3,96,0,8,4,technical_bank_side,False,prompt_new_payment_method,False,False,False,False,False,False
txn_000926,cust_000656,2026-04-30T21:27:00,card,Yes Bank,1415.36,51,0,21,11,insufficient_funds,False,prompt_new_payment_method,False,False,True,True,True,False
txn_000927,cust_000559,2026-02-06T05:57:00,card,Yes Bank,1115.59,96,0,5,24,technical_bank_side,False,delayed_retry@12,True,False,True,True,False,False
txn_000928,cust_001060,2026-04-02T22:35:00,upi,Axis,646.56,51,0,22,4,insufficient_funds,False,delayed_retry@48,True,False,True,False,True,False
txn_000929,cust_000612,2026-04-27T06:54:00,upi,SBI,2617.36,91,1,6,6,technical_bank_side,False,delayed_retry@48,False,False,False,True,False,False
txn_000930,cust_001070,2026-05-21T18:33:00,upi,Axis,1524.05,05,2,18,2,technical_bank_side,False,immediate_retry,True,False,True,False,False,False
txn_000931,cust_000179,2026-01-24T11:15:00,netbanking,Axis,15906.82,63,0,11,28,fraud_suspected,True,delayed_retry@48,False,False,False,False,False,False
txn_000932,cust_001295,2026-01-22T05:06:00,card,Kotak,1822.1,51,1,5,15,insufficient_funds,False,immediate_retry,False,False,False,True,False,False
txn_000933,cust_000498,2026-06-06T23:25:00,upi,Kotak,491.11,51,3,23,12,insufficient_funds,False,immediate_retry,False,False,False,False,False,False
txn_000934,cust_001354,2026-07-07T04:47:00,upi,IDFC,1908.15,65,3,4,7,insufficient_funds,False,delayed_retry@48,False,False,False,False,False,False
txn_000935,cust_000594,2026-02-17T06:28:00,card,IDFC,814.36,14,2,6,15,invalid_details,False,prompt_new_payment_method,True,False,False,False,False,True
txn_000936,cust_000060,2026-06-16T04:59:00,upi,Axis,4081.94,14,2,4,10,invalid_details,False,delayed_retry@12,False,True,False,False,False,False
txn_000937,cust_000839,2026-06-10T07:22:00,upi,HDFC,2610.1,05,0,7,31,expired_card,False,prompt_new_payment_method,True,False,False,False,False,True
txn_000938,cust_000773,2026-03-25T17:54:00,upi,HDFC,1747.9,96,0,17,5,technical_bank_side,False,prompt_new_payment_method,False,False,False,False,False,False
txn_000939,cust_000460,2026-03-17T03:23:00,card,HDFC,985.45,05,1,3,12,technical_bank_side,False,prompt_new_payment_method,False,False,False,True,False,False
txn_000940,cust_001201,2026-03-28T15:21:00,wallet,Kotak,188.6,12,1,15,13,fraud_suspected,False,do_nothing,False,False,False,False,False,True
txn_000941,cust_001408,2026-04-20T08:04:00,netbanking,IDFC,218.31,82,0,8,1,invalid_details,False,delayed_retry@48,False,False,False,False,False,False
txn_000942,cust_001119,2026-05-19T14:36:00,wallet,SBI,403.91,61,0,14,24,insufficient_funds,False,prompt_new_payment_method,False,True,False,True,True,False
txn_000943,cust_001195,2026-04-25T19:24:00,netbanking,Yes Bank,466.57,54,2,19,12,expired_card,False,immediate_retry,False,False,False,False,False,True
txn_000944,cust_000206,2026-03-05T05:02:00,card,Axis,3599.45,05,1,5,17,fraud_suspected,True,prompt_new_payment_method,False,False,False,False,False,False
txn_000945,cust_000530,2026-01-06T20:29:00,card,Kotak,1125.97,14,0,20,12,invalid_details,False,do_nothing,False,False,False,False,False,False
txn_000946,cust_000666,2026-04-02T12:16:00,upi,Axis,445.89,51,0,12,31,insufficient_funds,False,delayed_retry@12,False,False,False,False,False,False
txn_000947,cust_000745,2026-04-18T14:08:00,netbanking,Yes Bank,992.2,51,0,14,26,fraud_suspected,False,prompt_new_payment_method,False,False,True,True,False,False
txn_000948,cust_000462,2026-02-21T06:55:00,card,HDFC,3197.15,05,2,6,27,fraud_suspected,True,delayed_retry@12,False,False,False,False,False,False
txn_000949,cust_001227,2026-04-18T14:10:00,upi,IDFC,2933.5,51,0,14,25,insufficient_funds,False,delayed_retry@48,False,False,False,True,False,False
txn_000950,cust_001260,2026-03-03T04:28:00,upi,Kotak,5610.23,14,1,4,8,invalid_details,False,immediate_retry,False,False,False,False,False,False
txn_000951,cust_000763,2026-05-07T08:18:00,upi,HDFC,228.29,91,0,8,10,technical_bank_side,False,delayed_retry@12,True,False,True,True,True,False
txn_000952,cust_000721,2026-05-05T01:58:00,card,SBI,2843.28,51,0,1,23,technical_bank_side,False,delayed_retry@12,False,True,True,False,True,False
txn_000953,cust_001428,2026-01-10T05:28:00,netbanking,IDFC,11324.51,61,1,5,20,insufficient_funds,False,immediate_retry,True,False,True,True,False,False
txn_000954,cust_001033,2026-05-11T23:18:00,upi,Kotak,1024.17,51,0,23,29,insufficient_funds,False,prompt_new_payment_method,False,True,False,True,True,False
txn_000955,cust_001027,2026-02-28T06:13:00,wallet,ICICI,12409.18,96,1,6,8,technical_bank_side,False,delayed_retry@12,False,False,False,False,True,False
txn_000956,cust_000632,2026-03-25T15:02:00,upi,IDFC,5677.86,05,0,15,7,insufficient_funds,False,do_nothing,False,False,False,True,False,False
txn_000957,cust_000057,2026-03-09T10:11:00,card,SBI,3132.5,96,1,10,27,technical_bank_side,False,delayed_retry@48,False,False,False,True,False,False
txn_000958,cust_000677,2026-02-18T16:25:00,card,ICICI,2234.53,91,0,16,5,technical_bank_side,False,delayed_retry@12,True,False,True,True,True,True
txn_000959,cust_000632,2026-07-15T19:32:00,card,Kotak,2518.86,51,0,19,31,insufficient_funds,False,prompt_new_payment_method,False,False,False,False,True,False
txn_000960,cust_001053,2026-01-11T22:28:00,upi,Yes Bank,392.37,14,2,22,13,invalid_details,False,delayed_retry@12,False,False,False,False,False,False
txn_000961,cust_000929,2026-02-10T08:03:00,card,IDFC,3360.04,12,2,8,24,invalid_details,False,delayed_retry@48,False,False,False,False,False,False
txn_000962,cust_000582,2026-04-13T11:42:00,wallet,Yes Bank,1878.84,51,0,11,1,insufficient_funds,False,do_nothing,False,False,False,False,True,False
txn_000963,cust_000761,2026-07-15T01:04:00,card,HDFC,2418.5,54,3,1,6,expired_card,False,immediate_retry,False,False,False,False,False,True
txn_000964,cust_000899,2026-02-24T13:09:00,card,Yes Bank,2836.34,82,0,13,16,invalid_details,False,do_nothing,False,False,False,False,False,False
txn_000965,cust_000863,2026-06-13T23:17:00,card,ICICI,695.85,05,1,23,21,insufficient_funds,False,do_nothing,False,False,False,True,False,False
txn_000966,cust_000720,2026-01-27T23:58:00,card,ICICI,1107.19,54,0,23,2,expired_card,False,prompt_new_payment_method,False,True,False,False,False,False
txn_000967,cust_000669,2026-02-10T08:05:00,wallet,SBI,2199.73,05,2,8,24,technical_bank_side,False,do_nothing,False,False,True,False,False,False
txn_000968,cust_000284,2026-07-10T01:41:00,card,Axis,1215.57,51,1,1,31,insufficient_funds,False,delayed_retry@12,False,False,True,False,True,False
txn_000969,cust_000384,2026-05-07T14:49:00,wallet,Axis,804.86,59,3,14,3,fraud_suspected,True,immediate_retry,False,False,False,False,False,False
txn_000970,cust_000318,2026-03-04T10:29:00,wallet,SBI,2217.5,05,1,10,25,technical_bank_side,False,delayed_retry@48,True,False,True,True,True,False
txn_000971,cust_000224,2026-04-28T05:07:00,upi,Axis,580.2,54,0,5,25,expired_card,False,delayed_retry@48,False,False,False,False,False,False
txn_000972,cust_000474,2026-01-31T17:42:00,wallet,SBI,548.84,91,0,17,31,technical_bank_side,False,prompt_new_payment_method,True,False,True,True,True,True
txn_000973,cust_000317,2026-05-05T22:11:00,card,Kotak,5299.36,61,1,22,6,insufficient_funds,False,prompt_new_payment_method,False,False,False,False,False,False
txn_000974,cust_001339,2026-07-06T00:05:00,card,Yes Bank,5218.27,05,0,0,2,technical_bank_side,False,prompt_new_payment_method,False,False,False,True,True,False
txn_000975,cust_000060,2026-03-17T23:52:00,netbanking,Axis,576.42,05,2,23,21,invalid_details,False,do_nothing,False,False,False,False,False,False
txn_000976,cust_000452,2026-06-29T07:14:00,upi,Kotak,3803.64,96,2,7,4,technical_bank_side,False,delayed_retry@48,False,False,False,False,False,False
txn_000977,cust_001436,2026-07-02T19:09:00,upi,IDFC,17317.17,51,0,19,14,insufficient_funds,False,delayed_retry@12,False,False,False,False,False,False
txn_000978,cust_001243,2026-05-09T11:36:00,upi,Axis,206.97,54,1,11,5,expired_card,False,delayed_retry@48,False,False,False,False,False,False
txn_000979,cust_000148,2026-05-29T23:09:00,card,HDFC,2760.73,51,0,23,26,invalid_details,False,do_nothing,False,False,False,False,False,True
txn_000980,cust_001224,2026-03-06T18:00:00,netbanking,SBI,683.66,14,2,18,10,invalid_details,False,delayed_retry@12,False,True,False,False,False,False
txn_000981,cust_000171,2026-07-20T11:53:00,card,HDFC,1053.83,96,1,11,9,technical_bank_side,False,delayed_retry@48,False,False,False,False,False,False
txn_000982,cust_000118,2026-03-19T02:15:00,upi,Yes Bank,13310.82,91,2,2,4,technical_bank_side,False,do_nothing,False,False,False,True,False,True
txn_000983,cust_001402,2026-07-19T16:46:00,card,Kotak,908.86,51,0,16,1,insufficient_funds,False,prompt_new_payment_method,True,False,False,True,True,True
txn_000984,cust_000167,2026-07-13T23:41:00,card,SBI,1989.78,82,0,23,22,invalid_details,False,prompt_new_payment_method,False,False,False,False,False,False
txn_000985,cust_000598,2026-01-16T16:18:00,netbanking,ICICI,4341.66,14,0,16,7,invalid_details,False,delayed_retry@48,True,False,False,False,True,True
txn_000986,cust_000947,2026-05-18T08:52:00,card,ICICI,194.92,12,1,8,5,invalid_details,False,delayed_retry@12,False,False,False,False,False,False
txn_000987,cust_001419,2026-06-18T18:36:00,card,IDFC,423.54,51,1,18,1,insufficient_funds,False,delayed_retry@12,False,False,False,False,False,False
txn_000988,cust_000048,2026-03-05T02:24:00,upi,HDFC,2462.39,54,0,2,7,expired_card,False,immediate_retry,False,False,False,False,False,False
txn_000989,cust_000940,2026-04-25T04:32:00,card,HDFC,5186.04,51,0,4,18,insufficient_funds,False,immediate_retry,False,False,False,False,False,False
txn_000990,cust_000316,2026-04-07T15:06:00,upi,Axis,129.44,61,1,15,24,insufficient_funds,False,prompt_new_payment_method,False,False,False,False,False,False
txn_000991,cust_000281,2026-03-16T05:03:00,card,ICICI,1381.22,51,0,5,8,insufficient_funds,False,do_nothing,False,False,False,False,False,False
txn_000992,cust_000407,2026-03-30T15:40:00,card,IDFC,376.67,05,3,15,27,invalid_details,False,delayed_retry@12,False,False,False,False,False,False
txn_000993,cust_000776,2026-06-12T04:42:00,card,IDFC,3882.38,51,0,4,26,insufficient_funds,False,do_nothing,False,False,False,True,False,False
txn_000994,cust_001209,2026-06-23T20:24:00,card,Yes Bank,778.09,51,0,20,14,insufficient_funds,False,do_nothing,False,False,False,True,True,False
txn_000995,cust_000915,2026-01-21T08:32:00,upi,IDFC,743.37,14,0,8,27,invalid_details,False,prompt_new_payment_method,False,False,False,False,False,False
txn_000996,cust_001031,2026-01-19T03:32:00,card,HDFC,3546.01,61,1,3,20,insufficient_funds,False,delayed_retry@12,True,True,True,True,True,False
txn_000997,cust_000425,2026-07-18T14:46:00,wallet,HDFC,2079.56,05,1,14,6,insufficient_funds,False,prompt_new_payment_method,False,False,False,False,False,False
txn_000998,cust_000910,2026-03-28T09:00:00,card,Axis,667.84,51,0,9,23,insufficient_funds,False,delayed_retry@48,True,True,True,True,True,False
txn_000999,cust_001174,2026-01-21T06:43:00,card,HDFC,848.52,51,0,6,27,insufficient_funds,False,prompt_new_payment_method,False,False,False,True,True,False
txn_001000,cust_001378,2026-07-13T18:49:00,upi,Kotak,8173.88,12,1,18,26,invalid_details,False,delayed_retry@12,False,False,False,False,False,False
txn_001001,cust_001390,2026-05-13T19:41:00,card,SBI,1033.37,51,2,19,21,technical_bank_side,False,prompt_new_payment_method,False,False,False,False,True,False
txn_001002,cust_000479,2026-05-26T11:15:00,upi,IDFC,189.55,51,1,11,17,insufficient_funds,False,delayed_retry@48,False,False,False,False,False,False
txn_001003,cust_001422,2026-01-09T20:35:00,upi,Yes Bank,1044.35,51,2,20,16,technical_bank_side,False,prompt_new_payment_method,False,False,True,False,False,False
txn_001004,cust_000912,2026-04-29T07:48:00,netbanking,Axis,2324.82,96,0,7,9,invalid_details,False,do_nothing,False,False,True,True,False,True
txn_001005,cust_000769,2026-07-05T13:33:00,netbanking,Kotak,627.16,82,1,13,30,invalid_details,False,do_nothing,False,False,False,False,False,True
txn_001006,cust_000554,2026-02-06T17:15:00,card,Kotak,7579.46,54,0,17,10,expired_card,False,immediate_retry,False,False,False,False,False,False
txn_001007,cust_001488,2026-01-14T20:29:00,card,Axis,3079.4,65,0,20,3,insufficient_funds,False,delayed_retry@48,False,False,False,False,False,False
txn_001008,cust_000434,2026-06-08T05:16:00,card,ICICI,962.89,33,1,5,20,expired_card,False,delayed_retry@12,False,False,False,False,False,False
txn_001009,cust_000433,2026-06-08T19:06:00,card,Yes Bank,726.5,82,1,19,3,invalid_details,False,immediate_retry,False,False,False,False,False,False
txn_001010,cust_000416,2026-01-30T22:55:00,card,ICICI,703.75,51,1,22,21,insufficient_funds,False,do_nothing,False,False,False,False,True,True
txn_001011,cust_000612,2026-07-19T18:19:00,upi,ICICI,1048.58,82,0,18,21,invalid_details,False,immediate_retry,False,False,False,False,False,False
txn_001012,cust_000572,2026-06-22T04:35:00,netbanking,Axis,774.22,96,1,4,14,technical_bank_side,False,delayed_retry@12,True,False,True,True,False,False
txn_001013,cust_000015,2026-01-16T22:57:00,card,IDFC,1009.13,14,0,22,19,invalid_details,False,delayed_retry@48,False,False,False,False,False,False
txn_001014,cust_000890,2026-05-22T15:30:00,upi,Yes Bank,1633.67,12,1,15,11,invalid_details,False,do_nothing,False,False,False,False,False,False
txn_001015,cust_000681,2026-07-11T00:44:00,upi,IDFC,2236.88,82,0,0,18,invalid_details,False,do_nothing,False,False,False,True,False,True
txn_001016,cust_001128,2026-02-13T22:18:00,card,SBI,2354.06,91,2,22,28,technical_bank_side,False,delayed_retry@48,False,False,False,True,False,False
txn_001017,cust_001196,2026-05-20T12:52:00,netbanking,IDFC,2548.27,51,0,12,11,insufficient_funds,False,delayed_retry@12,False,False,False,False,False,False
txn_001018,cust_000380,2026-05-12T06:03:00,card,Axis,1087.21,14,0,6,28,invalid_details,False,delayed_retry@48,False,False,False,False,False,False
txn_001019,cust_000438,2026-01-10T14:28:00,upi,Axis,3998.83,51,1,14,2,technical_bank_side,False,do_nothing,True,True,True,True,True,False
txn_001020,cust_000078,2026-01-08T08:40:00,upi,Axis,1841.75,96,2,8,27,technical_bank_side,False,delayed_retry@48,True,True,True,False,True,False
txn_001021,cust_001313,2026-03-07T06:00:00,upi,Kotak,1088.55,51,0,6,27,insufficient_funds,False,immediate_retry,False,False,False,False,False,False
txn_001022,cust_000870,2026-07-11T13:19:00,upi,HDFC,1372.02,54,3,13,14,expired_card,False,do_nothing,False,False,False,False,False,False
txn_001023,cust_001335,2026-03-27T16:50:00,card,Yes Bank,1207.91,61,1,16,20,fraud_suspected,False,prompt_new_payment_method,True,False,False,True,False,True
txn_001024,cust_000945,2026-03-09T04:25:00,card,ICICI,2149.59,05,0,4,2,expired_card,False,immediate_retry,False,False,False,False,False,True
txn_001025,cust_000723,2026-03-21T11:35:00,card,Kotak,284.45,96,1,11,15,technical_bank_side,False,delayed_retry@12,True,True,True,True,True,False
txn_001026,cust_001253,2026-06-21T12:55:00,upi,IDFC,8695.64,59,0,12,20,fraud_suspected,True,delayed_retry@48,False,False,False,False,False,False
txn_001027,cust_000566,2026-06-30T17:07:00,card,ICICI,651.12,61,0,17,13,insufficient_funds,False,prompt_new_payment_method,False,False,False,True,True,False
txn_001028,cust_001233,2026-04-20T23:20:00,upi,Yes Bank,2752.51,54,1,23,2,expired_card,False,prompt_new_payment_method,True,False,False,False,False,True
txn_001029,cust_001212,2026-04-16T13:46:00,card,IDFC,5707.37,05,0,13,25,technical_bank_side,False,immediate_retry,True,False,True,False,False,False
txn_001030,cust_000922,2026-02-24T02:37:00,card,Kotak,987.7,91,1,2,17,insufficient_funds,False,do_nothing,False,False,False,True,False,False
txn_001031,cust_001106,2026-07-15T03:22:00,card,HDFC,283.62,61,0,3,31,insufficient_funds,False,do_nothing,False,False,False,False,False,False
txn_001032,cust_000006,2026-06-26T21:39:00,card,Kotak,800.77,51,1,21,10,expired_card,False,delayed_retry@12,True,False,True,True,False,False
txn_001033,cust_001219,2026-04-17T01:31:00,card,Yes Bank,686.83,51,0,1,14,insufficient_funds,False,delayed_retry@48,False,False,False,False,False,False
txn_001034,cust_000909,2026-05-01T17:16:00,upi,SBI,590.27,91,3,17,12,technical_bank_side,False,immediate_retry,False,False,False,False,False,False
txn_001035,cust_000260,2026-07-05T16:59:00,upi,Yes Bank,1608.73,51,1,16,25,insufficient_funds,False,delayed_retry@12,False,False,False,False,True,False
txn_001036,cust_000609,2026-01-22T21:20:00,upi,ICICI,4289.73,12,0,21,29,invalid_details,False,delayed_retry@48,False,False,False,False,False,False
txn_001037,cust_000688,2026-04-12T01:02:00,upi,Kotak,1024.76,91,0,1,26,technical_bank_side,False,immediate_retry,True,False,True,True,True,True
txn_001038,cust_001430,2026-04-30T22:55:00,upi,ICICI,212.95,51,0,22,3,technical_bank_side,False,prompt_new_payment_method,False,False,True,False,True,False
txn_001039,cust_000110,2026-03-09T09:14:00,netbanking,IDFC,1424.63,51,0,9,12,technical_bank_side,False,delayed_retry@48,False,False,False,False,False,False
txn_001040,cust_000497,2026-04-27T03:07:00,card,HDFC,2646.62,51,0,3,26,insufficient_funds,False,prompt_new_payment_method,False,False,False,False,True,False
txn_001041,cust_001387,2026-06-22T18:57:00,card,IDFC,3280.86,51,1,18,28,insufficient_funds,False,do_nothing,True,True,True,True,True,False
txn_001042,cust_000197,2026-02-08T17:58:00,netbanking,Kotak,482.22,59,2,17,25,fraud_suspected,True,delayed_retry@48,False,False,False,False,False,False
txn_001043,cust_000164,2026-03-31T13:06:00,upi,SBI,2051.87,54,3,13,17,expired_card,False,prompt_new_payment_method,False,False,False,False,False,False
txn_001044,cust_000713,2026-07-11T04:45:00,card,HDFC,2322.99,61,0,4,8,insufficient_funds,False,delayed_retry@48,True,False,False,False,True,False
txn_001045,cust_001450,2026-06-19T22:05:00,card,Axis,1335.23,82,0,22,15,invalid_details,False,prompt_new_payment_method,True,False,False,False,False,True
txn_001046,cust_000048,2026-02-04T21:16:00,card,IDFC,1100.02,12,0,21,21,invalid_details,False,immediate_retry,False,False,False,False,False,False
txn_001047,cust_000379,2026-05-13T05:34:00,card,SBI,1094.62,12,0,5,18,invalid_details,False,prompt_new_payment_method,False,False,False,False,False,False
txn_001048,cust_001396,2026-06-28T11:04:00,card,HDFC,2172.16,34,0,11,4,fraud_suspected,True,delayed_retry@12,False,False,False,False,False,False
txn_001049,cust_000022,2026-07-05T01:48:00,wallet,HDFC,3258.45,05,0,1,5,insufficient_funds,False,prompt_new_payment_method,False,False,False,False,False,False
txn_001050,cust_000198,2026-01-10T05:09:00,upi,ICICI,5366.24,91,0,5,24,technical_bank_side,False,prompt_new_payment_method,False,True,True,True,True,False
txn_001051,cust_001227,2026-01-31T18:08:00,upi,HDFC,2659.85,51,0,18,19,insufficient_funds,False,prompt_new_payment_method,False,False,False,True,False,False
txn_001052,cust_001067,2026-01-31T07:51:00,upi,Axis,753.67,05,1,7,28,invalid_details,False,do_nothing,False,False,False,False,False,False
txn_001053,cust_000865,2026-05-05T22:34:00,card,Axis,1878.69,91,2,22,26,technical_bank_side,False,immediate_retry,False,False,False,False,False,True
txn_001054,cust_000073,2026-06-08T22:55:00,upi,Yes Bank,4467.53,54,3,22,27,expired_card,False,delayed_retry@48,False,False,False,False,False,False
txn_001055,cust_000979,2026-01-21T19:31:00,netbanking,ICICI,464.91,61,0,19,14,insufficient_funds,False,delayed_retry@12,False,False,False,False,True,False
txn_001056,cust_000679,2026-04-07T09:11:00,netbanking,Axis,1343.41,05,0,9,26,invalid_details,False,immediate_retry,False,False,False,False,False,True
txn_001057,cust_001444,2026-02-01T10:59:00,card,HDFC,243.75,65,0,10,22,insufficient_funds,False,prompt_new_payment_method,False,False,False,False,False,False
txn_001058,cust_000382,2026-03-02T06:12:00,upi,Yes Bank,817.22,54,3,6,9,expired_card,False,delayed_retry@48,False,False,False,False,False,False
txn_001059,cust_000088,2026-03-04T19:40:00,netbanking,Axis,243.52,91,0,19,31,technical_bank_side,False,delayed_retry@48,True,True,True,True,True,False
txn_001060,cust_001092,2026-06-26T04:41:00,upi,Yes Bank,1541.62,91,1,4,20,technical_bank_side,False,prompt_new_payment_method,False,False,True,True,False,False
txn_001061,cust_000613,2026-02-09T01:04:00,card,Axis,773.41,91,2,1,20,technical_bank_side,False,delayed_retry@12,False,False,False,False,False,False
txn_001062,cust_000467,2026-05-23T23:19:00,netbanking,ICICI,3304.23,51,0,23,13,insufficient_funds,False,prompt_new_payment_method,False,False,False,False,False,False
txn_001063,cust_000853,2026-07-14T00:50:00,netbanking,SBI,1215.16,59,1,0,31,fraud_suspected,True,prompt_new_payment_method,False,False,False,False,False,False
txn_001064,cust_000300,2026-05-11T07:43:00,wallet,Yes Bank,1820.22,33,2,7,19,expired_card,False,immediate_retry,False,False,False,False,False,False
txn_001065,cust_000606,2026-04-17T14:17:00,card,SBI,1706.9,33,0,14,20,expired_card,False,immediate_retry,False,False,False,False,False,False
txn_001066,cust_000924,2026-02-06T03:21:00,upi,Yes Bank,4050.54,91,0,3,3,technical_bank_side,False,immediate_retry,False,False,False,False,False,False
txn_001067,cust_000908,2026-04-10T10:57:00,card,IDFC,2198.86,54,1,10,17,expired_card,False,delayed_retry@48,False,False,False,False,False,False
txn_001068,cust_001090,2026-06-17T08:26:00,netbanking,Axis,648.32,51,1,8,23,insufficient_funds,False,prompt_new_payment_method,False,True,True,True,True,False
txn_001069,cust_000220,2026-03-05T19:56:00,netbanking,ICICI,170.42,05,3,19,20,technical_bank_side,False,delayed_retry@12,False,True,True,False,False,False
txn_001070,cust_000402,2026-06-19T22:11:00,wallet,Kotak,2400.5,51,0,22,2,insufficient_funds,False,do_nothing,False,False,False,False,False,False
txn_001071,cust_000684,2026-06-05T17:47:00,netbanking,SBI,1797.44,54,0,17,19,insufficient_funds,False,prompt_new_payment_method,False,False,False,False,False,False
txn_001072,cust_000005,2026-02-04T03:25:00,upi,IDFC,10323.31,05,0,3,26,invalid_details,False,immediate_retry,False,False,False,False,False,True
txn_001073,cust_000276,2026-03-10T10:58:00,upi,Kotak,773.96,05,3,10,3,invalid_details,False,delayed_retry@48,False,False,False,False,False,True
txn_001074,cust_000951,2026-05-18T18:24:00,upi,ICICI,1088.47,51,0,18,24,insufficient_funds,False,immediate_retry,False,False,False,False,False,False
txn_001075,cust_000257,2026-05-16T04:04:00,wallet,Kotak,320.63,82,0,4,26,expired_card,False,delayed_retry@48,False,False,False,False,False,False
txn_001076,cust_000914,2026-05-02T21:54:00,upi,Axis,2947.35,91,0,21,14,technical_bank_side,False,do_nothing,False,False,True,True,True,False
txn_001077,cust_000149,2026-03-31T02:24:00,netbanking,Kotak,756.36,63,0,2,12,fraud_suspected,True,delayed_retry@48,False,False,False,False,False,False
txn_001078,cust_000287,2026-02-11T18:26:00,upi,ICICI,2447.46,61,1,18,21,insufficient_funds,False,delayed_retry@12,True,False,False,True,False,False
txn_001079,cust_000667,2026-06-24T02:17:00,upi,IDFC,2906.29,51,1,2,26,insufficient_funds,False,delayed_retry@12,False,False,False,False,False,False
txn_001080,cust_000377,2026-02-14T14:45:00,netbanking,ICICI,4112.13,51,0,14,29,insufficient_funds,False,delayed_retry@12,True,False,False,True,False,True
txn_001081,cust_000170,2026-05-11T23:08:00,upi,ICICI,1823.51,05,2,23,20,technical_bank_side,False,do_nothing,False,False,True,False,False,True
txn_001082,cust_001002,2026-07-09T02:47:00,card,Yes Bank,983.04,91,0,2,15,technical_bank_side,False,delayed_retry@48,False,False,False,False,False,False
txn_001083,cust_000195,2026-05-12T09:26:00,upi,SBI,1656.39,05,0,9,19,expired_card,False,do_nothing,True,True,False,False,False,False
txn_001084,cust_000733,2026-01-05T11:32:00,card,Kotak,2903.07,51,1,11,15,insufficient_funds,False,immediate_retry,False,False,False,True,True,False
txn_001085,cust_000555,2026-02-28T01:29:00,netbanking,Kotak,1179.79,51,1,1,15,insufficient_funds,False,delayed_retry@48,False,False,False,True,False,False
txn_001086,cust_001344,2026-06-22T11:15:00,card,HDFC,594.03,05,1,11,25,insufficient_funds,False,delayed_retry@12,True,False,False,True,False,False
txn_001087,cust_000699,2026-03-27T08:24:00,upi,Yes Bank,1299.82,05,0,8,12,insufficient_funds,False,prompt_new_payment_method,False,False,False,True,False,False
txn_001088,cust_000331,2026-04-18T08:37:00,netbanking,IDFC,2069.48,51,0,8,15,insufficient_funds,False,delayed_retry@48,False,False,False,False,False,False
txn_001089,cust_000581,2026-06-01T11:16:00,upi,Yes Bank,1120.99,91,2,11,7,technical_bank_side,False,do_nothing,False,False,False,False,False,False
txn_001090,cust_000581,2026-06-19T09:57:00,card,HDFC,2370.21,63,1,9,15,fraud_suspected,True,immediate_retry,False,False,False,False,False,False
txn_001091,cust_000089,2026-03-04T01:42:00,upi,Yes Bank,2115.03,51,0,1,14,technical_bank_side,False,prompt_new_payment_method,False,False,False,False,False,False
txn_001092,cust_000634,2026-03-16T03:18:00,card,Yes Bank,6248.87,51,0,3,16,insufficient_funds,False,delayed_retry@12,True,False,True,True,False,False
txn_001093,cust_000881,2026-05-20T16:37:00,upi,IDFC,549.23,51,0,16,30,insufficient_funds,False,prompt_new_payment_method,False,False,False,False,False,False
txn_001094,cust_001137,2026-05-01T02:34:00,upi,HDFC,3769.95,54,0,2,5,invalid_details,False,do_nothing,False,False,False,False,False,True
txn_001095,cust_001063,2026-05-26T03:33:00,card,SBI,1043.36,51,3,3,31,insufficient_funds,False,immediate_retry,False,False,False,True,False,False
txn_001096,cust_000748,2026-05-05T14:50:00,card,SBI,2231.91,61,0,14,1,insufficient_funds,False,immediate_retry,False,False,False,False,False,False
txn_001097,cust_000020,2026-01-21T13:51:00,netbanking,HDFC,424.41,51,0,13,23,insufficient_funds,False,do_nothing,False,False,False,False,False,False
txn_001098,cust_000115,2026-02-02T01:13:00,card,SBI,734.13,91,0,1,20,technical_bank_side,False,do_nothing,False,False,True,False,True,False
txn_001099,cust_000176,2026-06-08T08:43:00,wallet,Kotak,441.87,65,0,8,23,insufficient_funds,False,immediate_retry,True,False,True,False,True,False
txn_001100,cust_001323,2026-02-14T15:43:00,card,Kotak,1290.44,14,0,15,15,invalid_details,False,prompt_new_payment_method,True,False,True,False,False,True
txn_001101,cust_000934,2026-02-09T04:39:00,netbanking,Kotak,996.08,59,0,4,7,fraud_suspected,True,do_nothing,False,False,False,False,False,False
txn_001102,cust_000837,2026-06-06T16:20:00,upi,ICICI,625.86,59,2,16,17,fraud_suspected,True,immediate_retry,False,False,False,False,False,False
txn_001103,cust_001497,2026-03-19T09:49:00,upi,ICICI,393.41,54,0,9,20,expired_card,False,delayed_retry@12,False,False,False,False,False,False
txn_001104,cust_001402,2026-01-19T12:10:00,card,SBI,3232.48,12,0,12,10,invalid_details,False,do_nothing,True,True,False,False,False,True
txn_001105,cust_000919,2026-07-06T23:57:00,netbanking,Kotak,689.18,14,2,23,19,invalid_details,False,do_nothing,False,False,False,False,False,False
txn_001106,cust_001387,2026-01-18T11:41:00,card,Axis,801.63,54,0,11,8,expired_card,False,immediate_retry,True,True,True,True,False,True
txn_001107,cust_000395,2026-06-05T16:17:00,wallet,Yes Bank,1076.45,61,0,16,6,insufficient_funds,False,prompt_new_payment_method,False,False,False,False,False,False
txn_001108,cust_001071,2026-07-05T18:33:00,card,Yes Bank,372.61,51,2,18,21,insufficient_funds,False,prompt_new_payment_method,False,False,True,True,True,False
txn_001109,cust_000398,2026-01-24T19:55:00,wallet,Kotak,1388.92,51,0,19,26,insufficient_funds,False,immediate_retry,False,False,False,False,True,False
txn_001110,cust_000232,2026-07-14T13:21:00,upi,SBI,315.81,51,0,13,14,invalid_details,False,prompt_new_payment_method,False,False,False,True,True,False
txn_001111,cust_000114,2026-03-08T08:28:00,card,SBI,910.26,51,0,8,23,insufficient_funds,False,immediate_retry,False,False,False,False,True,False
txn_001112,cust_000547,2026-02-20T16:23:00,upi,Axis,2050.18,96,0,16,23,technical_bank_side,False,do_nothing,False,False,False,False,True,False
txn_001113,cust_001045,2026-04-10T07:32:00,card,SBI,1407.82,54,0,7,23,expired_card,False,delayed_retry@12,False,False,False,False,False,True
txn_001114,cust_000575,2026-01-02T07:24:00,card,Axis,8207.42,54,0,7,29,expired_card,False,immediate_retry,False,False,False,False,False,False
txn_001115,cust_000043,2026-04-09T13:33:00,netbanking,ICICI,1956.58,51,0,13,18,insufficient_funds,False,delayed_retry@48,False,False,False,True,False,False
txn_001116,cust_000113,2026-02-22T05:42:00,card,SBI,35403.62,96,1,5,5,technical_bank_side,False,do_nothing,True,True,True,False,True,False
txn_001117,cust_001302,2026-06-22T18:01:00,card,HDFC,1256.49,61,0,18,17,insufficient_funds,False,delayed_retry@48,False,False,False,True,False,False
txn_001118,cust_000850,2026-06-28T02:22:00,card,ICICI,4059.89,54,1,2,1,expired_card,False,delayed_retry@48,False,True,False,False,False,True
txn_001119,cust_001292,2026-03-26T02:11:00,upi,Yes Bank,2378.24,51,0,2,5,expired_card,False,delayed_retry@48,False,False,False,False,False,False
txn_001120,cust_000077,2026-03-04T11:06:00,card,Yes Bank,4706.96,14,3,11,17,invalid_details,False,prompt_new_payment_method,True,True,False,False,False,True
txn_001121,cust_000212,2026-06-27T21:44:00,upi,SBI,199.14,12,2,21,9,invalid_details,False,prompt_new_payment_method,True,False,False,False,False,True
txn_001122,cust_001393,2026-07-17T04:46:00,upi,IDFC,416.34,51,0,4,24,insufficient_funds,False,do_nothing,False,False,False,False,False,False
txn_001123,cust_000795,2026-06-23T01:01:00,upi,Yes Bank,7316.35,14,1,1,16,invalid_details,False,delayed_retry@12,False,True,False,False,False,True
txn_001124,cust_001245,2026-01-21T09:18:00,wallet,Yes Bank,3206.83,61,0,9,27,insufficient_funds,False,delayed_retry@48,False,False,False,False,False,False
txn_001125,cust_001215,2026-02-14T21:22:00,upi,HDFC,402.8,54,1,21,8,expired_card,False,do_nothing,False,False,False,False,False,False
txn_001126,cust_000889,2026-05-07T08:09:00,card,Kotak,331.23,05,0,8,9,technical_bank_side,False,do_nothing,False,False,True,False,False,False
txn_001127,cust_000808,2026-03-06T03:38:00,upi,Axis,1131.0,51,0,3,6,insufficient_funds,False,immediate_retry,False,False,False,True,False,False
txn_001128,cust_000678,2026-01-04T19:49:00,card,Kotak,1927.46,96,0,19,8,technical_bank_side,False,delayed_retry@48,True,True,True,True,True,False
txn_001129,cust_000353,2026-03-15T11:07:00,upi,Kotak,1171.52,59,1,11,28,fraud_suspected,True,delayed_retry@12,False,False,False,False,False,False
txn_001130,cust_001200,2026-03-23T06:39:00,upi,Kotak,1225.93,51,0,6,9,insufficient_funds,False,delayed_retry@12,True,True,False,True,False,False
txn_001131,cust_001107,2026-03-17T02:01:00,upi,Kotak,285.91,61,0,2,12,insufficient_funds,False,delayed_retry@48,True,False,False,True,True,False
txn_001132,cust_000375,2026-06-08T09:54:00,card,IDFC,987.38,65,0,9,31,insufficient_funds,False,delayed_retry@12,True,False,False,True,True,False
txn_001133,cust_001121,2026-04-16T07:16:00,card,HDFC,1030.23,05,3,7,12,technical_bank_side,False,prompt_new_payment_method,False,False,False,False,False,False
txn_001134,cust_001387,2026-02-04T03:52:00,upi,SBI,1571.04,51,0,3,28,insufficient_funds,False,immediate_retry,False,False,False,False,False,False
txn_001135,cust_000302,2026-01-14T00:01:00,card,Yes Bank,1358.05,51,1,0,25,insufficient_funds,False,do_nothing,False,False,False,True,False,False
txn_001136,cust_000606,2026-02-03T17:57:00,wallet,Axis,1014.32,91,2,17,20,technical_bank_side,False,do_nothing,True,True,True,False,False,False
txn_001137,cust_001093,2026-02-25T09:29:00,upi,Yes Bank,1215.53,59,0,9,15,fraud_suspected,True,do_nothing,False,False,False,False,False,False
txn_001138,cust_000478,2026-02-06T07:16:00,card,SBI,76.54,91,0,7,7,technical_bank_side,False,do_nothing,False,False,True,False,True,False
txn_001139,cust_000753,2026-07-13T18:18:00,upi,Axis,2610.11,05,0,18,3,technical_bank_side,False,do_nothing,True,True,True,False,False,False
txn_001140,cust_000340,2026-05-02T21:07:00,upi,Axis,3585.98,54,0,21,29,expired_card,False,delayed_retry@12,False,False,False,False,False,True
txn_001141,cust_001018,2026-05-14T18:43:00,upi,Axis,1788.51,05,1,18,14,technical_bank_side,False,do_nothing,False,False,True,False,False,False
txn_001142,cust_001001,2026-01-09T21:04:00,card,Axis,10782.3,12,1,21,2,invalid_details,False,prompt_new_payment_method,False,False,False,False,False,False
txn_001143,cust_000521,2026-04-21T22:10:00,upi,ICICI,135.32,34,3,22,7,fraud_suspected,True,immediate_retry,False,False,False,False,False,False
txn_001144,cust_000939,2026-06-27T06:38:00,card,Yes Bank,366.49,51,0,6,3,insufficient_funds,False,immediate_retry,False,False,False,True,False,False
txn_001145,cust_000234,2026-03-12T09:58:00,upi,Kotak,211.88,96,2,9,28,technical_bank_side,False,do_nothing,False,False,False,False,False,False
txn_001146,cust_001446,2026-01-03T01:10:00,card,Yes Bank,3981.73,14,2,1,9,invalid_details,False,immediate_retry,False,False,False,False,False,False
txn_001147,cust_000207,2026-04-02T03:14:00,card,IDFC,1883.64,51,0,3,25,insufficient_funds,False,prompt_new_payment_method,False,False,True,True,False,False
txn_001148,cust_000557,2026-05-25T02:21:00,card,Kotak,688.04,65,2,2,15,insufficient_funds,False,delayed_retry@48,True,False,False,False,True,False
txn_001149,cust_000779,2026-07-17T16:17:00,upi,ICICI,1186.15,14,1,16,20,invalid_details,False,prompt_new_payment_method,False,False,False,False,False,False
txn_001150,cust_001410,2026-03-07T15:31:00,card,SBI,6342.68,54,0,15,22,expired_card,False,immediate_retry,False,False,False,False,False,True
txn_001151,cust_000486,2026-01-17T11:03:00,card,Yes Bank,3808.35,51,2,11,16,insufficient_funds,False,do_nothing,False,False,False,False,False,False
txn_001152,cust_001106,2026-06-21T02:01:00,card,HDFC,445.51,91,3,2,15,technical_bank_side,False,immediate_retry,True,False,True,False,False,False
txn_001153,cust_001140,2026-01-09T23:33:00,card,Axis,1369.47,05,0,23,23,insufficient_funds,False,prompt_new_payment_method,False,False,False,False,False,False
txn_001154,cust_000143,2026-02-20T21:40:00,card,Axis,4410.51,14,1,21,2,invalid_details,False,immediate_retry,False,False,False,False,False,True
txn_001155,cust_000444,2026-06-13T13:01:00,card,SBI,1896.84,51,0,13,16,insufficient_funds,False,delayed_retry@48,False,False,False,False,False,False
txn_001156,cust_000070,2026-07-06T03:49:00,upi,HDFC,306.78,61,1,3,5,insufficient_funds,False,immediate_retry,False,False,False,False,False,False
txn_001157,cust_000792,2026-05-10T16:02:00,card,Kotak,1810.37,05,0,16,28,fraud_suspected,True,do_nothing,False,False,False,False,False,False
txn_001158,cust_000901,2026-02-24T18:02:00,upi,IDFC,1496.6,14,1,18,16,invalid_details,False,prompt_new_payment_method,False,False,False,False,False,False
txn_001159,cust_000811,2026-01-05T19:04:00,card,ICICI,1415.88,91,2,19,12,technical_bank_side,False,do_nothing,False,False,False,False,False,False
txn_001160,cust_001413,2026-04-17T17:43:00,upi,IDFC,419.9,61,1,17,2,insufficient_funds,False,prompt_new_payment_method,False,False,False,False,True,False
txn_001161,cust_000315,2026-06-06T05:29:00,card,Kotak,660.51,63,1,5,3,fraud_suspected,True,do_nothing,False,False,False,False,False,False
txn_001162,cust_001446,2026-02-08T09:28:00,card,HDFC,332.89,33,0,9,17,expired_card,False,prompt_new_payment_method,False,False,False,False,False,False
txn_001163,cust_000421,2026-05-08T08:36:00,card,HDFC,350.32,33,0,8,15,expired_card,False,do_nothing,False,False,False,False,False,False
txn_001164,cust_001349,2026-05-13T22:37:00,card,Axis,2135.57,65,1,22,1,insufficient_funds,False,do_nothing,True,True,True,True,True,True
txn_001165,cust_000919,2026-03-01T17:05:00,card,Axis,367.94,51,0,17,8,insufficient_funds,False,delayed_retry@12,False,False,False,False,False,False
txn_001166,cust_000921,2026-02-13T22:52:00,upi,Axis,926.29,12,1,22,28,insufficient_funds,False,delayed_retry@48,False,False,False,False,False,False
txn_001167,cust_000281,2026-01-09T07:05:00,card,IDFC,1910.49,12,0,7,28,fraud_suspected,False,immediate_retry,False,False,False,False,False,False
txn_001168,cust_000443,2026-07-06T16:43:00,card,Axis,1335.56,05,3,16,26,technical_bank_side,False,immediate_retry,True,False,True,False,True,False
txn_001169,cust_000627,2026-06-21T05:45:00,netbanking,SBI,1125.42,33,0,5,6,expired_card,False,delayed_retry@12,False,False,False,False,False,False
txn_001170,cust_000460,2026-04-16T06:29:00,card,Axis,960.86,51,0,6,26,insufficient_funds,False,delayed_retry@48,True,False,False,True,True,False
txn_001171,cust_000445,2026-04-13T01:26:00,upi,Kotak,648.65,96,0,1,3,technical_bank_side,False,delayed_retry@12,False,False,True,False,False,False
txn_001172,cust_000921,2026-06-04T12:33:00,card,IDFC,5390.66,51,0,12,18,insufficient_funds,False,delayed_retry@48,False,False,False,True,False,False
txn_001173,cust_000982,2026-04-24T02:19:00,upi,HDFC,456.21,05,0,2,20,insufficient_funds,False,do_nothing,True,True,False,True,True,True
txn_001174,cust_000439,2026-05-30T12:15:00,card,SBI,870.22,61,0,12,4,insufficient_funds,False,prompt_new_payment_method,False,False,False,True,False,False
txn_001175,cust_000838,2026-07-20T03:59:00,wallet,HDFC,9690.47,91,1,3,3,technical_bank_side,False,do_nothing,True,True,True,True,True,False
txn_001176,cust_001327,2026-03-14T09:51:00,upi,HDFC,300.03,61,1,9,15,insufficient_funds,False,prompt_new_payment_method,False,False,False,False,False,False
txn_001177,cust_000787,2026-01-15T20:01:00,card,IDFC,1090.96,59,1,20,4,fraud_suspected,True,prompt_new_payment_method,False,False,False,False,False,False
txn_001178,cust_001351,2026-02-18T09:50:00,card,SBI,569.19,82,0,9,2,invalid_details,False,immediate_retry,False,True,False,False,False,True
txn_001179,cust_000885,2026-04-13T23:15:00,card,SBI,266.46,65,0,23,4,insufficient_funds,False,delayed_retry@48,True,False,False,True,True,True
txn_001180,cust_001268,2026-01-30T04:48:00,upi,ICICI,524.42,63,0,4,2,fraud_suspected,True,prompt_new_payment_method,False,False,False,False,False,False
txn_001181,cust_000757,2026-01-31T07:41:00,wallet,Yes Bank,488.18,61,0,7,8,insufficient_funds,False,delayed_retry@48,True,False,False,True,True,False
txn_001182,cust_000977,2026-04-20T09:18:00,upi,SBI,1202.17,91,1,9,27,technical_bank_side,False,do_nothing,True,True,False,False,False,False
txn_001183,cust_000488,2026-06-11T04:27:00,card,SBI,1142.72,14,0,4,20,invalid_details,False,delayed_retry@48,False,False,False,False,False,False
txn_001184,cust_000133,2026-01-09T12:23:00,card,ICICI,5635.9,51,3,12,10,insufficient_funds,False,delayed_retry@48,False,False,False,True,False,True
txn_001185,cust_000566,2026-06-17T03:33:00,card,ICICI,7047.99,65,1,3,17,insufficient_funds,False,delayed_retry@12,True,False,False,True,False,False
txn_001186,cust_000460,2026-02-26T16:20:00,card,SBI,3938.35,96,0,16,26,technical_bank_side,False,do_nothing,False,False,True,False,False,False
txn_001187,cust_001243,2026-05-04T03:39:00,card,ICICI,1132.53,63,0,3,15,fraud_suspected,True,immediate_retry,False,False,False,False,False,False
txn_001188,cust_000143,2026-04-30T05:27:00,card,ICICI,1332.31,59,0,5,1,fraud_suspected,True,immediate_retry,False,False,False,False,False,False
txn_001189,cust_001018,2026-04-19T18:20:00,upi,SBI,2233.35,05,1,18,3,insufficient_funds,False,delayed_retry@12,True,False,False,True,True,False
txn_001190,cust_000038,2026-05-20T20:02:00,card,SBI,855.78,54,0,20,9,expired_card,False,immediate_retry,False,False,False,False,False,True
txn_001191,cust_000617,2026-01-13T22:01:00,card,Kotak,1107.63,96,2,22,9,technical_bank_side,False,prompt_new_payment_method,False,False,True,True,False,False
txn_001192,cust_000766,2026-03-06T14:44:00,upi,ICICI,480.37,51,3,14,10,insufficient_funds,False,delayed_retry@48,False,False,False,True,False,False
txn_001193,cust_001414,2026-03-01T08:04:00,card,SBI,5455.67,63,0,8,2,fraud_suspected,True,delayed_retry@12,False,False,False,False,False,False
txn_001194,cust_001418,2026-01-30T17:59:00,card,Yes Bank,1473.34,54,0,17,30,expired_card,False,prompt_new_payment_method,True,False,False,False,False,True
txn_001195,cust_000800,2026-07-06T03:55:00,upi,SBI,2181.92,51,0,3,2,insufficient_funds,False,immediate_retry,False,False,False,False,False,False
txn_001196,cust_000010,2026-03-24T13:36:00,netbanking,Yes Bank,1200.67,59,0,13,10,fraud_suspected,True,do_nothing,False,False,False,False,False,False
txn_001197,cust_000014,2026-02-18T17:08:00,card,Yes Bank,11146.3,61,3,17,31,insufficient_funds,False,do_nothing,False,False,False,False,False,False
txn_001198,cust_001121,2026-03-04T11:04:00,upi,IDFC,1462.9,54,3,11,8,expired_card,False,delayed_retry@48,False,False,False,False,False,False
txn_001199,cust_000763,2026-01-10T20:15:00,upi,SBI,7739.13,51,1,20,11,insufficient_funds,False,immediate_retry,False,False,False,False,False,False
txn_001200,cust_000630,2026-05-26T09:03:00,upi,ICICI,495.07,96,2,9,14,expired_card,False,delayed_retry@12,False,True,False,False,False,False
txn_001201,cust_001253,2026-02-20T23:14:00,card,Yes Bank,3571.84,51,3,23,30,insufficient_funds,False,delayed_retry@48,False,True,False,True,False,False
txn_001202,cust_000394,2026-06-06T07:11:00,upi,Kotak,930.93,14,0,7,18,invalid_details,False,delayed_retry@12,False,False,False,False,False,False
txn_001203,cust_001410,2026-03-04T21:47:00,card,HDFC,825.33,63,1,21,4,fraud_suspected,True,delayed_retry@48,False,False,False,False,False,False
txn_001204,cust_000825,2026-02-25T07:36:00,netbanking,IDFC,2486.06,51,2,7,24,insufficient_funds,False,immediate_retry,False,False,False,False,False,True
txn_001205,cust_000711,2026-05-24T18:29:00,upi,IDFC,1523.48,05,0,18,30,insufficient_funds,False,delayed_retry@12,False,False,False,False,False,False
txn_001206,cust_000181,2026-05-06T09:16:00,netbanking,ICICI,4796.56,54,0,9,8,expired_card,False,immediate_retry,False,False,False,False,True,True
txn_001207,cust_000698,2026-04-07T12:53:00,wallet,Kotak,1601.55,61,0,12,18,insufficient_funds,False,do_nothing,False,False,False,True,False,False
txn_001208,cust_000539,2026-06-15T08:07:00,card,Yes Bank,845.22,91,0,8,21,technical_bank_side,False,immediate_retry,True,False,True,True,False,False
txn_001209,cust_001303,2026-02-08T19:21:00,card,SBI,519.03,05,0,19,18,technical_bank_side,False,immediate_retry,False,False,False,False,False,False
txn_001210,cust_000602,2026-01-27T01:48:00,upi,Yes Bank,664.35,51,3,1,21,technical_bank_side,False,immediate_retry,False,False,False,False,False,True
txn_001211,cust_000789,2026-05-30T18:47:00,card,SBI,963.18,12,0,18,19,invalid_details,False,do_nothing,True,True,False,False,False,True
txn_001212,cust_000282,2026-01-04T15:02:00,card,SBI,455.43,33,1,15,14,expired_card,False,immediate_retry,True,False,True,False,False,False
txn_001213,cust_000300,2026-06-16T21:50:00,upi,IDFC,340.2,82,1,21,31,invalid_details,False,delayed_retry@12,False,False,False,False,False,False
txn_001214,cust_000508,2026-04-29T15:21:00,card,Kotak,3420.08,14,0,15,3,invalid_details,False,delayed_retry@48,False,False,False,False,False,False
txn_001215,cust_000385,2026-05-16T08:27:00,upi,Yes Bank,1059.98,54,0,8,21,expired_card,False,delayed_retry@12,False,True,False,False,False,True
txn_001216,cust_001227,2026-06-24T04:45:00,upi,IDFC,3154.49,05,0,4,11,technical_bank_side,False,do_nothing,False,False,True,False,False,True
txn_001217,cust_000971,2026-05-21T15:17:00,card,Axis,376.11,54,0,15,30,expired_card,False,delayed_retry@48,False,False,False,False,False,False
txn_001218,cust_000795,2026-03-26T03:19:00,upi,SBI,158.75,14,0,3,22,invalid_details,False,delayed_retry@48,False,False,False,False,False,False
txn_001219,cust_000914,2026-07-19T09:52:00,netbanking,SBI,511.79,05,2,9,6,technical_bank_side,False,delayed_retry@12,False,False,True,False,False,False
txn_001220,cust_001485,2026-02-24T07:42:00,netbanking,ICICI,53.88,51,2,7,1,insufficient_funds,False,prompt_new_payment_method,False,False,False,False,True,False
txn_001221,cust_000447,2026-02-03T15:55:00,card,Kotak,496.1,91,0,15,25,technical_bank_side,False,delayed_retry@48,False,False,True,True,False,True
txn_001222,cust_001129,2026-03-16T03:41:00,upi,SBI,2724.33,14,0,3,27,invalid_details,False,delayed_retry@12,False,False,False,False,False,False
txn_001223,cust_001132,2026-03-09T06:00:00,card,IDFC,475.29,61,1,6,29,insufficient_funds,False,do_nothing,False,False,False,True,True,False
txn_001224,cust_001006,2026-06-27T20:35:00,card,HDFC,484.72,54,0,20,30,expired_card,False,delayed_retry@12,False,False,False,False,False,True
txn_001225,cust_001212,2026-01-22T16:08:00,card,HDFC,3259.42,54,1,16,4,technical_bank_side,False,delayed_retry@12,False,False,False,False,False,True
txn_001226,cust_000588,2026-02-19T09:15:00,card,Axis,663.18,54,2,9,7,expired_card,False,prompt_new_payment_method,False,False,False,False,False,False
txn_001227,cust_000515,2026-06-15T08:35:00,netbanking,SBI,161.98,51,3,8,17,insufficient_funds,False,prompt_new_payment_method,False,False,False,False,False,False
txn_001228,cust_001055,2026-02-08T13:50:00,upi,ICICI,4965.21,51,0,13,29,technical_bank_side,False,delayed_retry@12,True,True,True,True,True,True
txn_001229,cust_001185,2026-01-25T14:55:00,card,SBI,1222.85,05,0,14,31,technical_bank_side,False,prompt_new_payment_method,False,False,False,False,False,False
txn_001230,cust_000830,2026-04-17T08:35:00,upi,Yes Bank,536.69,96,1,8,11,technical_bank_side,False,delayed_retry@12,False,False,False,False,False,False
txn_001231,cust_000499,2026-04-11T10:51:00,card,Axis,1787.03,51,0,10,20,insufficient_funds,False,prompt_new_payment_method,False,False,False,True,False,False
txn_001232,cust_000219,2026-01-30T04:10:00,card,SBI,3254.72,51,0,4,31,insufficient_funds,False,delayed_retry@12,False,False,False,False,False,False
txn_001233,cust_000212,2026-02-11T09:01:00,card,SBI,7143.05,54,1,9,11,expired_card,False,prompt_new_payment_method,True,False,False,False,False,True
txn_001234,cust_000718,2026-07-01T08:58:00,upi,Yes Bank,1068.89,51,0,8,2,insufficient_funds,False,immediate_retry,False,False,False,True,False,False
txn_001235,cust_000600,2026-02-14T23:15:00,netbanking,Kotak,5313.63,82,0,23,8,invalid_details,False,delayed_retry@12,False,False,False,False,False,False
txn_001236,cust_000186,2026-03-31T03:50:00,card,Yes Bank,308.87,61,2,3,9,insufficient_funds,False,delayed_retry@48,False,False,False,True,False,False
txn_001237,cust_000373,2026-05-09T06:10:00,card,Axis,5149.7,05,0,6,13,technical_bank_side,False,delayed_retry@12,False,False,False,False,True,False
txn_001238,cust_000317,2026-03-11T03:51:00,wallet,ICICI,3590.96,14,0,3,23,invalid_details,False,immediate_retry,False,False,False,False,False,False
txn_001239,cust_001094,2026-05-23T21:04:00,card,SBI,766.0,05,2,21,3,insufficient_funds,False,delayed_retry@12,False,False,False,False,False,False
txn_001240,cust_000799,2026-06-13T15:56:00,card,Kotak,6829.25,51,1,15,19,insufficient_funds,False,delayed_retry@12,True,False,True,True,True,True
txn_001241,cust_000948,2026-01-19T01:36:00,card,ICICI,919.61,14,0,1,18,invalid_details,False,prompt_new_payment_method,False,False,False,False,False,False
txn_001242,cust_000711,2026-05-15T12:52:00,upi,SBI,2799.86,82,1,12,18,invalid_details,False,do_nothing,False,False,False,False,False,False
txn_001243,cust_000833,2026-01-15T11:13:00,netbanking,Yes Bank,3347.46,91,1,11,29,technical_bank_side,False,delayed_retry@12,True,False,True,True,False,False
txn_001244,cust_001256,2026-06-13T08:26:00,wallet,Kotak,2460.51,91,1,8,26,technical_bank_side,False,delayed_retry@12,True,False,False,True,False,True
txn_001245,cust_000268,2026-01-06T09:25:00,netbanking,ICICI,4818.06,14,0,9,9,invalid_details,False,delayed_retry@12,False,False,False,False,False,False
txn_001246,cust_001058,2026-04-05T14:14:00,card,SBI,1110.83,51,0,14,23,insufficient_funds,False,delayed_retry@12,True,False,False,True,True,False
txn_001247,cust_000300,2026-03-16T10:01:00,card,HDFC,529.65,51,0,10,28,technical_bank_side,False,do_nothing,False,False,True,False,False,False
txn_001248,cust_000255,2026-01-21T05:31:00,netbanking,IDFC,1324.9,51,0,5,8,technical_bank_side,False,delayed_retry@12,False,False,False,False,False,False
txn_001249,cust_001198,2026-05-14T03:52:00,card,Yes Bank,4814.48,51,1,3,17,technical_bank_side,False,delayed_retry@48,False,False,True,True,False,False
txn_001250,cust_001065,2026-02-08T02:56:00,upi,HDFC,284.34,54,0,2,26,expired_card,False,prompt_new_payment_method,False,False,False,False,False,False
txn_001251,cust_000188,2026-03-25T07:12:00,card,Axis,29357.34,51,0,7,6,technical_bank_side,False,immediate_retry,True,False,True,True,True,True
txn_001252,cust_000081,2026-05-09T20:10:00,card,HDFC,11526.57,96,1,20,17,technical_bank_side,False,immediate_retry,True,False,True,False,True,False
txn_001253,cust_000661,2026-04-23T02:51:00,card,HDFC,1468.59,05,1,2,2,insufficient_funds,False,immediate_retry,False,False,False,False,False,False
txn_001254,cust_000623,2026-01-17T06:12:00,netbanking,IDFC,1834.54,51,2,6,29,insufficient_funds,False,prompt_new_payment_method,False,False,False,False,False,False
txn_001255,cust_000542,2026-06-07T10:37:00,upi,HDFC,605.85,51,1,10,4,insufficient_funds,False,do_nothing,False,False,False,True,False,False
txn_001256,cust_000194,2026-03-11T06:22:00,netbanking,IDFC,500.58,65,0,6,13,insufficient_funds,False,prompt_new_payment_method,False,True,False,True,False,False
txn_001257,cust_001183,2026-02-24T07:47:00,card,Axis,469.06,54,0,7,17,expired_card,False,prompt_new_payment_method,True,False,False,False,False,True
txn_001258,cust_000278,2026-01-16T18:41:00,card,HDFC,718.7,54,2,18,1,expired_card,False,delayed_retry@48,False,False,False,False,False,True
txn_001259,cust_000755,2026-05-28T13:12:00,card,HDFC,1649.4,51,1,13,31,insufficient_funds,False,immediate_retry,False,False,False,False,False,False
txn_001260,cust_000287,2026-02-18T09:47:00,wallet,Yes Bank,1130.56,05,0,9,11,technical_bank_side,False,prompt_new_payment_method,False,True,False,False,True,False
txn_001261,cust_000958,2026-06-26T12:47:00,upi,SBI,354.78,61,0,12,25,insufficient_funds,False,delayed_retry@12,False,False,False,False,False,False
txn_001262,cust_000547,2026-05-03T21:53:00,wallet,IDFC,471.37,51,2,21,18,insufficient_funds,False,prompt_new_payment_method,False,False,False,False,False,False
txn_001263,cust_001218,2026-03-09T16:49:00,netbanking,Yes Bank,583.72,91,1,16,28,technical_bank_side,False,do_nothing,False,False,False,False,False,False
txn_001264,cust_000262,2026-06-10T08:32:00,upi,ICICI,5774.78,61,0,8,2,insufficient_funds,False,delayed_retry@48,False,False,False,True,False,True
txn_001265,cust_000391,2026-05-04T03:11:00,upi,ICICI,646.43,54,1,3,14,invalid_details,False,immediate_retry,False,False,False,False,False,False
txn_001266,cust_000937,2026-02-13T00:26:00,card,ICICI,524.2,14,0,0,7,invalid_details,False,delayed_retry@12,False,False,False,False,False,True
txn_001267,cust_000972,2026-07-06T00:02:00,card,Kotak,4447.96,54,3,0,3,technical_bank_side,False,delayed_retry@12,False,False,False,False,False,False
txn_001268,cust_000284,2026-06-16T06:20:00,card,ICICI,4159.32,05,3,6,2,fraud_suspected,True,do_nothing,False,False,False,False,False,False
txn_001269,cust_001053,2026-06-23T03:21:00,card,HDFC,177.77,96,1,3,30,technical_bank_side,False,do_nothing,False,False,True,True,True,False
txn_001270,cust_000487,2026-03-14T09:29:00,wallet,HDFC,1016.76,51,0,9,20,invalid_details,False,immediate_retry,True,True,True,True,True,False
txn_001271,cust_000732,2026-05-26T18:27:00,wallet,IDFC,212.42,05,1,18,31,technical_bank_side,False,prompt_new_payment_method,False,True,True,True,True,False
txn_001272,cust_001354,2026-07-15T10:05:00,card,Axis,873.5,12,1,10,20,invalid_details,False,delayed_retry@48,False,True,False,False,False,False
txn_001273,cust_000437,2026-03-08T11:17:00,upi,HDFC,1456.4,51,0,11,9,insufficient_funds,False,immediate_retry,True,False,True,True,False,False
txn_001274,cust_001095,2026-06-12T03:56:00,netbanking,HDFC,2491.97,61,0,3,17,insufficient_funds,False,prompt_new_payment_method,False,False,False,False,False,False
txn_001275,cust_000819,2026-04-25T15:26:00,wallet,HDFC,1736.58,91,1,15,10,technical_bank_side,False,prompt_new_payment_method,False,False,False,False,False,False
txn_001276,cust_001096,2026-06-06T00:11:00,netbanking,ICICI,74.71,61,0,0,16,insufficient_funds,False,do_nothing,False,False,False,False,False,False
txn_001277,cust_001210,2026-01-24T07:38:00,card,Kotak,1943.43,63,0,7,28,fraud_suspected,True,prompt_new_payment_method,False,False,False,False,False,False
txn_001278,cust_000790,2026-07-20T09:37:00,card,Kotak,1344.04,59,0,9,2,fraud_suspected,True,immediate_retry,False,False,False,False,False,False
txn_001279,cust_001445,2026-04-06T22:42:00,upi,Kotak,1254.21,51,3,22,4,insufficient_funds,False,do_nothing,False,False,False,False,False,False
txn_001280,cust_000467,2026-02-26T23:07:00,card,ICICI,286.04,14,0,23,3,insufficient_funds,False,delayed_retry@48,False,False,False,False,False,False
txn_001281,cust_001075,2026-06-28T01:41:00,card,HDFC,1618.04,54,0,1,30,expired_card,False,delayed_retry@48,False,False,False,False,False,True
txn_001282,cust_000023,2026-06-25T13:03:00,card,ICICI,5215.32,51,0,13,23,insufficient_funds,False,immediate_retry,False,False,False,False,False,False
txn_001283,cust_000187,2026-07-06T00:22:00,upi,IDFC,2738.25,51,0,0,9,insufficient_funds,False,do_nothing,False,False,True,True,True,True
txn_001284,cust_001114,2026-02-21T16:08:00,netbanking,Axis,1459.39,96,0,16,24,technical_bank_side,False,delayed_retry@12,True,False,True,True,True,False
txn_001285,cust_000763,2026-03-10T16:23:00,upi,Yes Bank,729.38,34,2,16,4,fraud_suspected,True,prompt_new_payment_method,False,True,False,False,False,False
txn_001286,cust_001115,2026-02-12T20:36:00,upi,Yes Bank,1196.26,14,2,20,29,invalid_details,False,delayed_retry@12,False,False,False,False,False,False
txn_001287,cust_000244,2026-03-31T07:06:00,card,HDFC,2087.51,63,0,7,7,fraud_suspected,True,immediate_retry,False,False,False,False,False,False
txn_001288,cust_000915,2026-06-13T08:56:00,upi,SBI,100.79,61,3,8,3,insufficient_funds,False,immediate_retry,False,False,False,False,False,False
txn_001289,cust_001320,2026-06-27T03:52:00,netbanking,Kotak,1208.84,14,2,3,12,invalid_details,False,delayed_retry@12,False,False,False,False,False,False
txn_001290,cust_001217,2026-07-06T01:16:00,upi,Kotak,1206.28,51,1,1,17,insufficient_funds,False,delayed_retry@12,False,False,False,False,False,False
txn_001291,cust_000492,2026-04-23T08:17:00,card,IDFC,726.8,05,2,8,29,invalid_details,False,delayed_retry@48,False,False,False,False,False,False
txn_001292,cust_000239,2026-03-20T05:27:00,upi,IDFC,9645.33,65,0,5,29,insufficient_funds,False,prompt_new_payment_method,False,False,True,True,True,False
txn_001293,cust_000912,2026-04-24T16:30:00,card,Axis,4045.4,12,1,16,28,invalid_details,False,prompt_new_payment_method,False,False,False,False,False,False
txn_001294,cust_001110,2026-04-15T05:33:00,card,Yes Bank,1223.15,61,0,5,17,insufficient_funds,False,do_nothing,False,False,False,True,False,True
txn_001295,cust_001426,2026-01-28T16:08:00,upi,ICICI,189.24,61,1,16,31,insufficient_funds,False,prompt_new_payment_method,False,False,False,False,False,False
txn_001296,cust_000744,2026-04-21T09:52:00,upi,SBI,798.75,91,2,9,11,technical_bank_side,False,do_nothing,True,True,True,False,True,True
txn_001297,cust_001408,2026-02-24T21:59:00,card,ICICI,2922.9,51,0,21,29,insufficient_funds,False,do_nothing,True,True,False,True,True,False
txn_001298,cust_001381,2026-05-24T15:30:00,card,Yes Bank,1515.43,14,0,15,22,invalid_details,False,delayed_retry@48,False,False,False,False,False,False
txn_001299,cust_000863,2026-03-26T08:19:00,upi,HDFC,625.61,91,0,8,21,technical_bank_side,False,immediate_retry,True,False,True,True,True,False
txn_001300,cust_000865,2026-07-15T20:52:00,upi,IDFC,723.43,05,1,20,25,expired_card,False,do_nothing,False,False,False,False,False,True
txn_001301,cust_000040,2026-02-27T03:32:00,upi,Kotak,6012.02,82,0,3,19,invalid_details,False,delayed_retry@12,False,False,False,False,False,True
txn_001302,cust_001444,2026-01-31T14:46:00,upi,SBI,6073.05,54,0,14,18,expired_card,False,delayed_retry@12,False,False,False,False,False,True
txn_001303,cust_001410,2026-03-10T05:09:00,netbanking,Kotak,637.82,12,1,5,4,invalid_details,False,do_nothing,False,False,False,False,False,False
txn_001304,cust_000553,2026-05-05T21:58:00,card,ICICI,4260.28,65,2,21,27,insufficient_funds,False,prompt_new_payment_method,False,True,False,False,False,False
txn_001305,cust_000043,2026-02-21T22:09:00,card,IDFC,339.47,33,0,22,25,expired_card,False,immediate_retry,False,False,False,False,False,False
txn_001306,cust_000921,2026-03-15T08:15:00,card,Axis,563.66,05,2,8,22,technical_bank_side,False,do_nothing,False,False,True,False,True,True
txn_001307,cust_001354,2026-03-22T18:48:00,card,Yes Bank,5335.28,51,0,18,22,technical_bank_side,False,prompt_new_payment_method,False,False,True,False,True,False
txn_001308,cust_000259,2026-03-14T14:18:00,card,ICICI,959.07,51,2,14,2,insufficient_funds,False,delayed_retry@48,False,False,False,False,False,False
txn_001309,cust_001381,2026-05-25T11:59:00,card,Axis,615.99,51,2,11,24,insufficient_funds,False,immediate_retry,False,False,False,True,True,False
txn_001310,cust_000879,2026-04-21T01:19:00,upi,Yes Bank,2486.48,65,3,1,26,insufficient_funds,False,prompt_new_payment_method,False,False,False,False,False,False
txn_001311,cust_000382,2026-04-10T05:37:00,upi,IDFC,205.98,05,1,5,16,insufficient_funds,False,prompt_new_payment_method,False,True,False,False,False,False
txn_001312,cust_000782,2026-01-13T01:19:00,upi,Yes Bank,7932.06,54,2,1,6,expired_card,False,delayed_retry@12,False,False,False,False,False,False
txn_001313,cust_001050,2026-04-24T15:46:00,netbanking,SBI,1022.03,14,2,15,12,invalid_details,False,delayed_retry@12,False,False,False,False,False,False
txn_001314,cust_001390,2026-04-02T14:52:00,upi,ICICI,1345.61,51,0,14,19,insufficient_funds,False,do_nothing,False,False,False,False,False,False
txn_001315,cust_000307,2026-06-30T13:31:00,card,Kotak,15701.54,05,1,13,10,insufficient_funds,False,do_nothing,True,True,False,True,True,True
txn_001316,cust_000075,2026-03-18T03:38:00,card,SBI,1522.49,54,0,3,26,expired_card,False,delayed_retry@48,False,False,False,False,False,False
txn_001317,cust_001065,2026-04-04T04:40:00,upi,Kotak,199.07,51,0,4,11,insufficient_funds,False,delayed_retry@48,False,False,False,False,False,False
txn_001318,cust_000216,2026-06-24T10:26:00,netbanking,HDFC,788.61,91,1,10,28,technical_bank_side,False,prompt_new_payment_method,False,False,True,False,True,False
txn_001319,cust_001287,2026-01-18T01:34:00,card,SBI,1224.1,65,1,1,4,insufficient_funds,False,do_nothing,False,False,False,True,False,False
txn_001320,cust_000394,2026-03-16T05:32:00,card,Kotak,2511.63,63,2,5,18,fraud_suspected,True,do_nothing,False,False,False,False,False,False
txn_001321,cust_001062,2026-04-13T12:28:00,wallet,IDFC,4157.91,05,2,12,23,technical_bank_side,False,prompt_new_payment_method,False,False,False,False,False,False
txn_001322,cust_000184,2026-05-06T07:38:00,card,HDFC,932.45,05,0,7,4,fraud_suspected,True,delayed_retry@48,False,False,False,False,False,False
txn_001323,cust_001398,2026-07-06T11:21:00,netbanking,Kotak,3711.16,96,3,11,6,technical_bank_side,False,do_nothing,False,False,False,True,True,True
txn_001324,cust_000637,2026-02-21T12:33:00,card,Axis,1375.41,51,1,12,7,fraud_suspected,False,immediate_retry,False,False,False,False,False,False
txn_001325,cust_000501,2026-02-06T12:57:00,netbanking,Kotak,212.46,05,0,12,16,insufficient_funds,False,delayed_retry@48,True,False,False,False,True,True
txn_001326,cust_001143,2026-01-09T12:58:00,upi,ICICI,1553.76,05,0,12,30,technical_bank_side,False,do_nothing,False,False,False,True,False,False
txn_001327,cust_000214,2026-03-26T21:20:00,upi,ICICI,2112.38,51,0,21,24,insufficient_funds,False,prompt_new_payment_method,False,False,False,True,False,False
txn_001328,cust_000918,2026-05-07T15:53:00,netbanking,IDFC,778.72,05,0,15,9,expired_card,False,prompt_new_payment_method,True,False,False,True,False,True
txn_001329,cust_001349,2026-01-06T23:57:00,netbanking,Kotak,998.76,65,2,23,16,expired_card,False,do_nothing,False,False,False,False,False,True
txn_001330,cust_001055,2026-05-03T09:02:00,card,Axis,533.94,05,0,9,21,invalid_details,False,delayed_retry@48,False,False,False,False,False,False
txn_001331,cust_000944,2026-01-10T13:12:00,card,ICICI,14163.28,51,3,13,28,expired_card,False,delayed_retry@48,False,True,False,False,False,False
txn_001332,cust_001312,2026-07-15T14:05:00,upi,SBI,820.47,65,2,14,28,insufficient_funds,False,do_nothing,False,False,True,True,True,False
txn_001333,cust_001267,2026-03-07T08:32:00,upi,Axis,2080.68,54,0,8,8,expired_card,False,delayed_retry@12,False,False,False,False,False,True
txn_001334,cust_000707,2026-02-19T23:49:00,upi,SBI,3466.99,05,2,23,19,expired_card,False,delayed_retry@48,False,False,False,False,False,True
txn_001335,cust_000972,2026-06-29T22:06:00,upi,HDFC,6769.25,59,0,22,9,fraud_suspected,True,immediate_retry,False,False,False,False,False,False
txn_001336,cust_000699,2026-04-19T16:59:00,card,ICICI,161.83,96,0,16,15,technical_bank_side,False,do_nothing,True,True,True,True,True,True
txn_001337,cust_000900,2026-06-08T15:26:00,netbanking,Yes Bank,335.43,14,0,15,4,invalid_details,False,immediate_retry,False,False,False,False,False,False
txn_001338,cust_000022,2026-04-25T09:12:00,upi,Axis,146.76,51,0,9,7,insufficient_funds,False,do_nothing,False,False,False,True,False,False
txn_001339,cust_000960,2026-07-16T14:56:00,upi,Axis,782.44,05,0,14,21,invalid_details,False,delayed_retry@12,False,False,False,False,False,False
txn_001340,cust_000309,2026-06-16T18:04:00,upi,Kotak,1584.62,12,0,18,6,invalid_details,False,immediate_retry,False,False,False,False,False,False
txn_001341,cust_000915,2026-01-29T06:33:00,wallet,Axis,157.86,61,0,6,30,insufficient_funds,False,do_nothing,False,False,False,True,True,False
txn_001342,cust_000622,2026-02-22T22:48:00,upi,IDFC,4355.79,54,0,22,31,expired_card,False,do_nothing,False,False,False,False,False,False
txn_001343,cust_001137,2026-04-20T21:06:00,card,ICICI,1075.95,34,2,21,25,fraud_suspected,True,delayed_retry@48,False,False,False,False,False,False
txn_001344,cust_000685,2026-04-23T14:21:00,card,SBI,472.33,96,1,14,28,technical_bank_side,False,do_nothing,False,False,False,True,True,False
txn_001345,cust_000894,2026-01-31T21:52:00,card,IDFC,1491.39,91,1,21,26,technical_bank_side,False,prompt_new_payment_method,False,False,False,True,False,False
txn_001346,cust_000468,2026-04-28T05:19:00,wallet,SBI,429.87,91,0,5,13,technical_bank_side,False,do_nothing,False,False,True,True,False,False
txn_001347,cust_000245,2026-05-07T11:32:00,card,ICICI,3594.82,96,0,11,20,technical_bank_side,False,prompt_new_payment_method,False,False,False,True,False,False
txn_001348,cust_001073,2026-01-15T13:39:00,card,ICICI,1704.38,51,1,13,16,insufficient_funds,False,immediate_retry,False,False,False,False,False,False
txn_001349,cust_001246,2026-05-05T09:34:00,upi,ICICI,553.36,96,2,9,25,technical_bank_side,False,do_nothing,True,True,True,False,True,False
txn_001350,cust_000746,2026-06-14T19:05:00,upi,Kotak,1510.79,05,0,19,2,insufficient_funds,False,prompt_new_payment_method,False,False,False,False,True,False
txn_001351,cust_000345,2026-05-17T19:29:00,card,Yes Bank,1474.64,51,3,19,14,insufficient_funds,False,immediate_retry,False,False,False,False,False,False
txn_001352,cust_000185,2026-02-16T10:46:00,card,SBI,1880.91,51,0,10,24,insufficient_funds,False,delayed_retry@12,False,False,False,False,False,False
txn_001353,cust_001413,2026-03-05T06:21:00,upi,ICICI,347.73,61,0,6,3,insufficient_funds,False,delayed_retry@12,False,True,True,False,True,False
txn_001354,cust_000985,2026-01-14T02:53:00,card,ICICI,1111.88,51,0,2,28,insufficient_funds,False,immediate_retry,False,False,False,True,False,False
txn_001355,cust_000904,2026-05-16T06:06:00,upi,HDFC,4050.92,05,0,6,8,invalid_details,False,immediate_retry,False,False,False,False,False,True
txn_001356,cust_001492,2026-02-06T23:26:00,netbanking,ICICI,1617.44,54,1,23,21,expired_card,False,do_nothing,True,True,False,False,False,True
txn_001357,cust_001207,2026-05-30T01:53:00,upi,Kotak,709.86,59,1,1,31,fraud_suspected,True,delayed_retry@12,False,False,False,False,False,False
txn_001358,cust_001209,2026-06-01T19:42:00,card,HDFC,1621.37,96,2,19,26,technical_bank_side,False,delayed_retry@48,False,False,False,False,False,False
txn_001359,cust_001227,2026-06-30T06:04:00,card,Yes Bank,4741.64,05,0,6,21,invalid_details,False,do_nothing,False,False,False,False,False,False
txn_001360,cust_001319,2026-03-29T13:33:00,card,IDFC,14091.87,05,0,13,11,technical_bank_side,False,delayed_retry@12,False,False,True,False,False,True
txn_001361,cust_001243,2026-06-24T14:58:00,netbanking,Kotak,3574.39,61,2,14,21,insufficient_funds,False,immediate_retry,False,True,False,False,False,False
txn_001362,cust_001476,2026-03-27T02:41:00,wallet,HDFC,433.87,91,0,2,17,technical_bank_side,False,immediate_retry,False,False,False,False,True,True
txn_001363,cust_000195,2026-05-12T02:02:00,card,IDFC,774.01,51,0,2,3,insufficient_funds,False,immediate_retry,False,False,False,False,False,False
txn_001364,cust_000751,2026-02-14T12:18:00,card,Kotak,6573.95,96,0,12,30,technical_bank_side,False,delayed_retry@48,True,True,True,True,True,True
txn_001365,cust_001430,2026-05-06T10:13:00,card,IDFC,983.67,05,0,10,25,technical_bank_side,False,prompt_new_payment_method,True,True,True,True,True,True
txn_001366,cust_001053,2026-01-06T16:32:00,upi,IDFC,375.48,05,1,16,15,invalid_details,False,do_nothing,False,False,False,False,False,False
txn_001367,cust_000487,2026-07-06T21:09:00,upi,IDFC,735.21,91,1,21,14,technical_bank_side,False,do_nothing,False,False,True,True,False,False
txn_001368,cust_001426,2026-01-26T16:19:00,upi,ICICI,199.02,51,3,16,18,insufficient_funds,False,do_nothing,False,False,False,False,False,False
txn_001369,cust_000014,2026-04-06T17:34:00,upi,IDFC,854.73,91,0,17,4,technical_bank_side,False,prompt_new_payment_method,False,False,False,False,False,False
txn_001370,cust_000686,2026-05-26T21:22:00,card,ICICI,834.29,96,1,21,5,technical_bank_side,False,do_nothing,True,True,False,False,False,False
txn_001371,cust_000422,2026-05-19T13:21:00,card,Axis,1478.14,91,1,13,20,technical_bank_side,False,do_nothing,False,False,True,False,False,False
txn_001372,cust_001385,2026-07-14T10:33:00,upi,SBI,127.06,05,0,10,25,technical_bank_side,False,prompt_new_payment_method,True,False,True,True,True,True
txn_001373,cust_001249,2026-02-23T12:09:00,card,ICICI,207.63,54,1,12,30,expired_card,False,delayed_retry@48,False,False,False,False,False,False
txn_001374,cust_001390,2026-02-05T04:13:00,card,Axis,938.27,96,1,4,7,expired_card,False,immediate_retry,False,False,False,False,False,False
txn_001375,cust_001138,2026-04-27T13:23:00,upi,Yes Bank,4234.62,05,0,13,12,expired_card,False,do_nothing,False,False,False,False,False,True
txn_001376,cust_001251,2026-04-05T00:03:00,upi,Kotak,335.71,12,2,0,9,fraud_suspected,False,delayed_retry@48,False,False,False,False,False,True
txn_001377,cust_000343,2026-03-30T07:08:00,wallet,Yes Bank,731.51,61,2,7,7,insufficient_funds,False,do_nothing,False,False,False,True,False,False
txn_001378,cust_001136,2026-01-04T12:46:00,card,ICICI,605.95,14,2,12,7,invalid_details,False,delayed_retry@12,False,False,False,False,False,False
txn_001379,cust_000114,2026-04-08T01:16:00,card,ICICI,443.29,54,0,1,31,expired_card,False,prompt_new_payment_method,True,False,False,False,False,True
txn_001380,cust_000208,2026-05-21T11:27:00,card,SBI,380.57,91,0,11,4,technical_bank_side,False,delayed_retry@12,True,False,True,True,False,False
txn_001381,cust_000753,2026-03-24T04:35:00,card,SBI,1862.53,59,1,4,22,fraud_suspected,True,delayed_retry@12,False,False,False,False,False,False
txn_001382,cust_001466,2026-04-07T17:57:00,card,Kotak,425.57,05,1,17,31,expired_card,False,delayed_retry@12,False,False,False,False,False,False
txn_001383,cust_000601,2026-07-01T04:51:00,card,HDFC,718.44,65,1,4,10,insufficient_funds,False,prompt_new_payment_method,False,False,False,True,False,False
txn_001384,cust_000906,2026-05-23T12:09:00,card,Axis,2223.23,96,1,12,24,technical_bank_side,False,delayed_retry@48,False,False,False,True,False,False
txn_001385,cust_001356,2026-05-19T10:31:00,upi,HDFC,947.63,82,2,10,8,invalid_details,False,prompt_new_payment_method,False,False,False,False,False,False
txn_001386,cust_000190,2026-07-19T14:11:00,wallet,SBI,2778.62,14,1,14,30,invalid_details,False,delayed_retry@12,False,False,False,False,False,False
txn_001387,cust_001374,2026-03-12T20:09:00,upi,HDFC,982.09,51,0,20,6,insufficient_funds,False,do_nothing,True,True,False,True,True,True
txn_001388,cust_000726,2026-05-18T06:26:00,upi,Yes Bank,3078.77,51,1,6,4,insufficient_funds,False,immediate_retry,False,False,False,False,False,False
txn_001389,cust_000683,2026-01-21T21:28:00,wallet,Axis,1996.03,51,0,21,6,insufficient_funds,False,prompt_new_payment_method,False,False,False,True,True,False
txn_001390,cust_000971,2026-05-08T09:01:00,netbanking,IDFC,1741.58,65,1,9,8,expired_card,False,do_nothing,False,False,False,False,False,False
txn_001391,cust_000773,2026-01-01T08:31:00,wallet,Axis,2951.88,96,2,8,8,technical_bank_side,False,do_nothing,False,False,False,False,False,False
txn_001392,cust_001085,2026-05-29T04:45:00,card,IDFC,8075.06,05,0,4,21,expired_card,False,do_nothing,False,False,False,False,False,False
txn_001393,cust_000482,2026-01-17T23:20:00,upi,SBI,870.7,05,2,23,14,technical_bank_side,False,immediate_retry,False,False,False,False,False,False
txn_001394,cust_000382,2026-07-08T10:03:00,upi,Yes Bank,9099.19,05,1,10,10,insufficient_funds,False,do_nothing,False,False,True,False,True,True
txn_001395,cust_001088,2026-02-09T11:22:00,upi,Kotak,1277.58,51,0,11,5,insufficient_funds,False,delayed_retry@48,False,False,False,False,False,False
txn_001396,cust_001189,2026-05-28T20:00:00,upi,ICICI,1999.1,61,0,20,30,insufficient_funds,False,delayed_retry@12,True,True,False,True,False,False
txn_001397,cust_000010,2026-06-29T23:12:00,card,SBI,1056.13,54,0,23,6,expired_card,False,delayed_retry@12,False,False,False,False,False,False
txn_001398,cust_000762,2026-02-06T02:35:00,upi,Axis,2618.58,54,2,2,19,technical_bank_side,False,immediate_retry,False,False,False,False,False,False
txn_001399,cust_001499,2026-07-03T06:58:00,card,Yes Bank,352.05,65,1,6,19,insufficient_funds,False,prompt_new_payment_method,False,False,False,False,True,False
txn_001400,cust_000935,2026-01-01T20:23:00,upi,Kotak,6990.27,96,1,20,14,technical_bank_side,False,do_nothing,False,False,False,False,False,False
txn_001401,cust_000838,2026-02-28T17:28:00,card,Kotak,2400.61,51,1,17,9,technical_bank_side,False,prompt_new_payment_method,True,False,True,True,True,True
txn_001402,cust_001121,2026-01-16T15:26:00,netbanking,HDFC,1997.63,05,0,15,5,invalid_details,False,delayed_retry@48,False,False,False,False,False,False
txn_001403,cust_001100,2026-06-22T15:25:00,upi,HDFC,761.29,96,1,15,21,technical_bank_side,False,prompt_new_payment_method,False,False,False,True,False,False
txn_001404,cust_000255,2026-07-01T01:38:00,upi,SBI,445.62,05,0,1,27,invalid_details,False,do_nothing,False,False,False,False,False,False
txn_001405,cust_000118,2026-02-22T09:12:00,netbanking,Kotak,1460.13,59,0,9,30,fraud_suspected,True,delayed_retry@48,False,False,False,False,False,False
txn_001406,cust_001489,2026-03-04T19:51:00,upi,Axis,1456.99,12,0,19,8,invalid_details,False,do_nothing,False,False,False,False,False,False
txn_001407,cust_001308,2026-04-02T08:28:00,card,Kotak,1098.84,12,2,8,7,invalid_details,False,delayed_retry@48,False,True,False,False,False,True
txn_001408,cust_000481,2026-02-14T13:47:00,card,HDFC,1217.05,54,0,13,1,expired_card,False,prompt_new_payment_method,False,False,False,False,False,False
txn_001409,cust_001453,2026-02-01T13:21:00,card,SBI,3710.87,05,1,13,25,insufficient_funds,False,delayed_retry@12,False,False,False,False,False,False
txn_001410,cust_000524,2026-01-14T03:38:00,card,ICICI,297.73,51,1,3,18,insufficient_funds,False,immediate_retry,False,False,False,False,False,False
txn_001411,cust_000303,2026-07-18T18:16:00,upi,ICICI,1894.52,14,3,18,19,invalid_details,False,immediate_retry,False,False,False,False,False,False
txn_001412,cust_001117,2026-02-06T23:36:00,card,IDFC,1804.22,51,2,23,23,invalid_details,False,do_nothing,False,False,False,False,True,False
txn_001413,cust_001242,2026-02-25T08:01:00,card,Axis,1536.96,91,1,8,3,technical_bank_side,False,immediate_retry,True,True,True,True,False,False
txn_001414,cust_000091,2026-01-19T23:04:00,wallet,Axis,733.94,59,1,23,12,fraud_suspected,True,immediate_retry,False,False,False,False,False,False
txn_001415,cust_000607,2026-01-31T09:09:00,upi,Axis,1507.12,14,0,9,2,invalid_details,False,do_nothing,False,False,False,False,False,False
txn_001416,cust_000680,2026-03-30T01:28:00,wallet,HDFC,3732.26,14,0,1,4,invalid_details,False,delayed_retry@48,False,False,False,False,False,False
txn_001417,cust_000268,2026-06-14T16:09:00,card,Kotak,952.37,14,3,16,11,invalid_details,False,immediate_retry,False,False,False,False,False,True
txn_001418,cust_000325,2026-05-25T15:43:00,upi,Kotak,1666.31,65,0,15,9,insufficient_funds,False,delayed_retry@48,True,True,True,True,True,False
txn_001419,cust_000915,2026-01-31T08:11:00,upi,SBI,292.14,54,0,8,3,expired_card,False,do_nothing,False,False,False,False,False,True
txn_001420,cust_001260,2026-01-31T22:40:00,upi,Axis,1126.18,61,0,22,22,insufficient_funds,False,do_nothing,False,False,False,False,False,False
txn_001421,cust_000567,2026-01-12T20:57:00,card,SBI,1363.9,51,3,20,2,technical_bank_side,False,do_nothing,False,False,False,False,False,False
txn_001422,cust_001440,2026-01-16T22:24:00,card,SBI,8143.66,54,0,22,9,expired_card,False,do_nothing,False,False,False,False,False,False
txn_001423,cust_001018,2026-06-14T23:59:00,card,Kotak,2731.97,33,1,23,24,expired_card,False,immediate_retry,False,False,False,False,False,True
txn_001424,cust_000356,2026-04-14T08:17:00,upi,Kotak,1314.28,51,0,8,11,insufficient_funds,False,do_nothing,False,False,False,False,False,False
txn_001425,cust_000511,2026-01-08T07:20:00,upi,Axis,1030.68,54,1,7,11,expired_card,False,do_nothing,False,False,False,False,False,False
txn_001426,cust_001128,2026-04-20T07:49:00,netbanking,IDFC,792.21,51,1,7,4,insufficient_funds,False,delayed_retry@48,False,False,False,False,False,False
txn_001427,cust_001467,2026-03-04T09:50:00,card,Kotak,437.88,59,0,9,5,fraud_suspected,True,prompt_new_payment_method,False,False,False,False,False,False
txn_001428,cust_000923,2026-07-03T02:20:00,netbanking,Axis,636.29,59,1,2,21,fraud_suspected,True,prompt_new_payment_method,False,False,False,False,False,False
txn_001429,cust_001250,2026-06-24T19:43:00,card,HDFC,1052.96,05,1,19,21,insufficient_funds,False,delayed_retry@12,False,False,False,False,False,False
txn_001430,cust_000908,2026-02-17T02:28:00,card,IDFC,267.16,12,0,2,1,invalid_details,False,delayed_retry@12,False,False,False,False,False,True
txn_001431,cust_000307,2026-03-29T16:11:00,card,Kotak,3296.17,91,0,16,1,technical_bank_side,False,delayed_retry@12,False,False,True,False,False,False
txn_001432,cust_000019,2026-02-13T12:05:00,card,Axis,483.61,05,1,12,31,technical_bank_side,False,do_nothing,False,False,False,False,False,False
txn_001433,cust_000437,2026-07-12T15:54:00,upi,IDFC,1801.99,65,0,15,6,insufficient_funds,False,do_nothing,False,False,False,True,False,False
txn_001434,cust_001179,2026-02-27T11:57:00,card,Axis,3204.95,54,0,11,12,expired_card,False,do_nothing,False,False,False,False,False,False
txn_001435,cust_000520,2026-07-07T08:13:00,card,HDFC,2787.02,54,0,8,12,expired_card,False,immediate_retry,False,False,False,False,False,False
txn_001436,cust_000281,2026-04-05T13:53:00,upi,HDFC,2778.93,05,0,13,2,insufficient_funds,False,prompt_new_payment_method,False,False,False,True,False,False
txn_001437,cust_000760,2026-06-26T23:04:00,card,Kotak,867.73,96,1,23,8,technical_bank_side,False,delayed_retry@12,False,False,False,False,False,False
txn_001438,cust_000097,2026-01-21T20:50:00,upi,HDFC,887.92,51,1,20,29,insufficient_funds,False,delayed_retry@12,True,False,True,True,False,True
txn_001439,cust_001026,2026-07-18T17:26:00,upi,Axis,642.02,51,0,17,4,invalid_details,False,delayed_retry@12,False,False,False,False,True,False
txn_001440,cust_001439,2026-06-15T04:47:00,upi,SBI,2417.93,91,0,4,9,technical_bank_side,False,do_nothing,False,False,True,False,False,False
txn_001441,cust_000531,2026-01-03T21:16:00,card,Axis,6416.29,51,2,21,2,insufficient_funds,False,immediate_retry,True,True,True,True,True,True
txn_001442,cust_001389,2026-03-10T23:47:00,netbanking,IDFC,179.43,91,1,23,16,technical_bank_side,False,delayed_retry@12,False,False,False,False,False,False
txn_001443,cust_000731,2026-01-31T03:42:00,upi,Kotak,3617.21,51,0,3,20,insufficient_funds,False,immediate_retry,False,False,False,False,True,False
txn_001444,cust_001430,2026-05-11T16:29:00,upi,ICICI,365.67,51,0,16,25,insufficient_funds,False,prompt_new_payment_method,False,False,False,False,True,False
txn_001445,cust_000690,2026-03-17T16:17:00,netbanking,Axis,1807.88,51,0,16,31,insufficient_funds,False,immediate_retry,False,False,False,False,True,False
txn_001446,cust_001261,2026-04-24T04:08:00,wallet,Axis,1354.17,14,2,4,27,invalid_details,False,prompt_new_payment_method,False,False,False,False,False,False
txn_001447,cust_001423,2026-06-30T14:07:00,card,Axis,1299.59,05,0,14,13,insufficient_funds,False,prompt_new_payment_method,False,False,False,False,False,False
txn_001448,cust_000466,2026-07-08T02:37:00,card,ICICI,592.6,91,1,2,25,technical_bank_side,False,do_nothing,False,False,True,False,False,False
txn_001449,cust_000603,2026-02-27T13:41:00,card,IDFC,1356.09,14,0,13,14,invalid_details,False,do_nothing,False,False,False,False,False,True
txn_001450,cust_001299,2026-05-30T12:21:00,upi,Axis,780.74,05,1,12,17,fraud_suspected,True,immediate_retry,False,False,False,False,False,False
txn_001451,cust_001124,2026-03-13T11:40:00,card,IDFC,2149.09,14,3,11,19,invalid_details,False,prompt_new_payment_method,False,False,False,False,False,False
txn_001452,cust_001492,2026-02-06T03:00:00,wallet,ICICI,1664.18,05,1,3,26,insufficient_funds,False,do_nothing,False,False,False,False,False,False
txn_001453,cust_001364,2026-01-04T20:07:00,upi,Kotak,1683.77,91,2,20,26,technical_bank_side,False,immediate_retry,True,False,True,False,False,False
txn_001454,cust_000443,2026-01-23T07:07:00,card,SBI,693.11,51,2,7,3,insufficient_funds,False,do_nothing,False,False,False,False,False,False
txn_001455,cust_000014,2026-03-18T07:03:00,wallet,Axis,1473.75,51,0,7,25,insufficient_funds,False,delayed_retry@48,True,False,True,True,True,False
txn_001456,cust_001306,2026-03-31T16:39:00,wallet,ICICI,261.8,54,1,16,2,expired_card,False,delayed_retry@12,False,False,False,False,False,True
txn_001457,cust_000361,2026-07-12T12:55:00,netbanking,Kotak,872.05,96,1,12,12,technical_bank_side,False,delayed_retry@12,False,False,True,False,False,False
txn_001458,cust_000620,2026-07-04T09:29:00,upi,IDFC,585.4,61,1,9,12,fraud_suspected,False,prompt_new_payment_method,True,False,True,True,True,True
txn_001459,cust_000246,2026-03-21T10:43:00,netbanking,IDFC,665.15,61,1,10,29,insufficient_funds,False,immediate_retry,False,True,False,True,False,False
txn_001460,cust_000011,2026-03-20T14:31:00,card,ICICI,408.9,05,0,14,7,technical_bank_side,False,delayed_retry@12,False,False,True,False,False,False
txn_001461,cust_000409,2026-07-06T07:46:00,upi,IDFC,2378.11,65,0,7,30,insufficient_funds,False,prompt_new_payment_method,False,False,True,True,True,False
txn_001462,cust_000322,2026-07-05T08:05:00,upi,IDFC,1426.27,59,0,8,14,fraud_suspected,True,immediate_retry,False,False,False,False,False,False
txn_001463,cust_001355,2026-06-12T12:39:00,upi,Kotak,869.83,05,1,12,14,insufficient_funds,False,immediate_retry,False,False,False,False,False,False
txn_001464,cust_001056,2026-03-16T05:35:00,card,Axis,855.54,05,1,5,29,insufficient_funds,False,do_nothing,False,False,False,True,True,False
txn_001465,cust_000374,2026-06-28T10:12:00,upi,Kotak,2812.61,05,0,10,13,expired_card,False,immediate_retry,False,False,False,False,False,True
txn_001466,cust_001440,2026-03-02T17:50:00,card,SBI,297.9,61,0,17,17,insufficient_funds,False,do_nothing,False,False,False,True,True,True
txn_001467,cust_000164,2026-07-04T03:00:00,upi,Axis,1369.87,96,1,3,2,technical_bank_side,False,delayed_retry@48,True,True,False,True,True,True
txn_001468,cust_000772,2026-06-20T12:35:00,card,IDFC,340.67,61,1,12,18,insufficient_funds,False,delayed_retry@48,False,False,False,False,False,False
txn_001469,cust_001056,2026-06-22T17:34:00,card,Axis,493.36,14,0,17,24,invalid_details,False,prompt_new_payment_method,False,False,False,False,False,False
txn_001470,cust_001225,2026-05-26T05:53:00,card,SBI,2703.66,05,0,5,26,technical_bank_side,False,do_nothing,False,False,True,False,False,False
txn_001471,cust_001275,2026-01-02T23:45:00,upi,IDFC,1410.63,34,1,23,2,fraud_suspected,True,delayed_retry@12,False,False,False,False,False,False
txn_001472,cust_001322,2026-01-14T07:20:00,card,Axis,404.68,91,0,7,30,technical_bank_side,False,delayed_retry@48,False,False,True,False,False,False
txn_001473,cust_000677,2026-02-12T12:43:00,card,Kotak,1381.32,51,0,12,10,insufficient_funds,False,delayed_retry@48,False,False,False,False,False,False
txn_001474,cust_000510,2026-01-25T08:44:00,card,Axis,2509.39,05,0,8,18,technical_bank_side,False,do_nothing,False,False,True,True,False,False
txn_001475,cust_001317,2026-04-25T05:55:00,card,Kotak,117.71,51,1,5,16,insufficient_funds,False,delayed_retry@12,False,False,False,False,False,False
txn_001476,cust_000606,2026-02-03T14:29:00,upi,SBI,3662.25,65,0,14,19,insufficient_funds,False,do_nothing,False,False,False,False,False,False
txn_001477,cust_001130,2026-06-12T13:21:00,card,SBI,1355.14,51,0,13,7,insufficient_funds,False,do_nothing,False,False,False,False,False,False
txn_001478,cust_001018,2026-04-21T17:33:00,card,Axis,582.8,54,1,17,26,expired_card,False,delayed_retry@48,False,False,False,False,False,True
txn_001479,cust_000224,2026-05-11T22:34:00,card,Axis,2039.27,51,3,22,11,insufficient_funds,False,do_nothing,True,True,False,False,False,True
txn_001480,cust_000927,2026-05-23T13:00:00,card,Kotak,1731.79,05,0,13,9,expired_card,False,do_nothing,False,False,False,False,False,False
txn_001481,cust_000242,2026-04-26T21:21:00,card,IDFC,564.04,51,2,21,9,expired_card,False,immediate_retry,False,False,False,False,True,False
txn_001482,cust_000115,2026-05-27T08:41:00,card,SBI,1208.78,14,3,8,15,invalid_details,False,delayed_retry@12,False,False,False,False,False,False
txn_001483,cust_000218,2026-06-12T15:12:00,netbanking,Kotak,3205.98,51,0,15,27,insufficient_funds,False,delayed_retry@48,False,False,False,False,False,False
txn_001484,cust_000009,2026-01-16T14:40:00,upi,Yes Bank,695.73,51,0,14,7,insufficient_funds,False,do_nothing,False,False,False,True,False,False
txn_001485,cust_000051,2026-05-29T01:51:00,upi,IDFC,1679.73,96,2,1,21,technical_bank_side,False,prompt_new_payment_method,False,False,False,False,False,False
txn_001486,cust_000035,2026-03-06T22:28:00,upi,HDFC,1503.37,91,1,22,7,technical_bank_side,False,delayed_retry@48,True,False,False,True,True,True
txn_001487,cust_000622,2026-05-29T12:25:00,upi,IDFC,1601.75,96,1,12,4,technical_bank_side,False,delayed_retry@12,True,False,False,True,False,False
txn_001488,cust_000483,2026-06-19T21:29:00,card,ICICI,2151.57,51,0,21,12,insufficient_funds,False,do_nothing,False,False,False,True,True,False
txn_001489,cust_000474,2026-01-01T11:12:00,card,Kotak,1381.62,51,0,11,29,insufficient_funds,False,delayed_retry@12,True,False,False,True,True,False
txn_001490,cust_000825,2026-07-04T08:44:00,card,SBI,166.95,96,0,8,24,technical_bank_side,False,delayed_retry@12,False,False,True,False,False,False
txn_001491,cust_000992,2026-06-28T07:47:00,card,Kotak,952.86,51,0,7,12,insufficient_funds,False,do_nothing,False,False,False,False,False,True
txn_001492,cust_000949,2026-06-05T07:51:00,upi,HDFC,953.29,54,1,7,12,expired_card,False,immediate_retry,True,False,True,False,False,False
txn_001493,cust_000301,2026-06-08T07:20:00,card,Kotak,1944.94,05,1,7,25,invalid_details,False,delayed_retry@48,False,False,True,False,False,False
txn_001494,cust_001473,2026-05-12T06:32:00,card,Yes Bank,533.98,51,3,6,29,insufficient_funds,False,immediate_retry,False,False,False,False,False,False
txn_001495,cust_000068,2026-05-18T09:25:00,card,IDFC,364.36,54,1,9,13,expired_card,False,do_nothing,False,False,False,False,False,False
txn_001496,cust_000242,2026-02-02T10:44:00,upi,Yes Bank,7709.5,59,1,10,27,fraud_suspected,True,do_nothing,False,False,False,False,False,False
txn_001497,cust_001294,2026-01-19T14:22:00,upi,Yes Bank,2061.08,51,1,14,4,technical_bank_side,False,delayed_retry@12,True,False,False,True,False,False
txn_001498,cust_001148,2026-06-06T20:25:00,wallet,ICICI,3465.22,63,3,20,27,fraud_suspected,True,do_nothing,False,False,False,False,False,False
txn_001499,cust_001184,2026-03-30T16:30:00,card,Yes Bank,601.87,51,1,16,10,insufficient_funds,False,delayed_retry@12,False,False,False,False,True,False
txn_001500,cust_000112,2026-01-07T20:13:00,upi,ICICI,1424.77,61,0,20,21,insufficient_funds,False,delayed_retry@12,True,False,True,True,True,True
txn_001501,cust_000743,2026-06-30T17:15:00,wallet,Yes Bank,2801.95,91,1,17,19,technical_bank_side,False,immediate_retry,True,False,True,False,False,False
txn_001502,cust_001209,2026-05-10T13:55:00,netbanking,IDFC,6167.97,82,0,13,13,invalid_details,False,immediate_retry,False,False,False,False,False,True
txn_001503,cust_000614,2026-01-30T13:51:00,upi,ICICI,1711.21,54,0,13,26,expired_card,False,immediate_retry,False,False,False,False,False,False
txn_001504,cust_000345,2026-03-11T18:50:00,card,Yes Bank,1290.19,33,3,18,8,expired_card,False,delayed_retry@48,False,False,False,False,False,False
txn_001505,cust_000471,2026-04-30T21:02:00,upi,Kotak,5278.03,51,1,21,21,technical_bank_side,False,delayed_retry@48,False,False,True,True,False,True
txn_001506,cust_000196,2026-06-17T02:30:00,card,SBI,6617.47,51,1,2,23,insufficient_funds,False,immediate_retry,False,False,False,False,False,False
txn_001507,cust_000157,2026-05-29T05:19:00,card,Axis,1103.58,51,0,5,16,insufficient_funds,False,do_nothing,False,False,False,True,True,False
txn_001508,cust_001206,2026-01-03T23:38:00,card,IDFC,1458.46,54,0,23,4,expired_card,False,delayed_retry@48,False,False,False,False,False,False
txn_001509,cust_000169,2026-06-20T20:33:00,card,SBI,426.61,05,1,20,23,fraud_suspected,True,prompt_new_payment_method,False,False,False,False,False,False
txn_001510,cust_000847,2026-04-28T17:36:00,wallet,Kotak,9922.79,96,0,17,12,technical_bank_side,False,immediate_retry,True,False,True,True,False,False
txn_001511,cust_000484,2026-01-21T05:10:00,card,SBI,3916.02,96,2,5,24,technical_bank_side,False,prompt_new_payment_method,False,False,False,True,False,False
txn_001512,cust_000815,2026-07-09T05:50:00,upi,Axis,882.9,12,1,5,14,invalid_details,False,do_nothing,False,False,False,False,False,False
txn_001513,cust_001219,2026-03-13T22:23:00,upi,IDFC,685.08,61,2,22,29,insufficient_funds,False,do_nothing,True,True,False,False,False,True
txn_001514,cust_001386,2026-03-26T23:22:00,upi,HDFC,1511.84,91,0,23,26,technical_bank_side,False,delayed_retry@48,True,False,True,False,True,False
txn_001515,cust_000842,2026-02-15T14:04:00,card,SBI,772.75,91,1,14,21,technical_bank_side,False,delayed_retry@48,False,False,True,False,False,False
txn_001516,cust_001140,2026-04-25T18:13:00,upi,SBI,736.4,54,1,18,6,expired_card,False,do_nothing,False,False,False,False,False,False
txn_001517,cust_000348,2026-04-16T09:03:00,card,Yes Bank,2315.23,14,0,9,23,invalid_details,False,do_nothing,False,False,False,False,False,True
txn_001518,cust_000864,2026-03-26T01:06:00,card,HDFC,1634.82,59,1,1,6,fraud_suspected,True,do_nothing,False,False,False,False,False,False
txn_001519,cust_001041,2026-01-11T17:23:00,upi,SBI,307.94,51,0,17,21,insufficient_funds,False,delayed_retry@12,False,False,False,False,True,False
txn_001520,cust_001185,2026-06-16T14:15:00,netbanking,Kotak,949.72,54,0,14,3,expired_card,False,do_nothing,False,False,False,False,False,False
txn_001521,cust_000153,2026-03-10T22:23:00,card,IDFC,1488.31,51,1,22,23,insufficient_funds,False,prompt_new_payment_method,False,True,False,False,False,False
txn_001522,cust_000931,2026-03-22T16:30:00,upi,Axis,1397.06,51,0,16,3,insufficient_funds,False,do_nothing,False,False,False,False,True,False
txn_001523,cust_000302,2026-03-15T04:01:00,upi,Axis,780.17,51,0,4,1,insufficient_funds,False,do_nothing,True,True,True,True,True,False
txn_001524,cust_000123,2026-05-18T01:40:00,card,SBI,1319.6,12,1,1,18,invalid_details,False,immediate_retry,False,False,False,False,False,False
txn_001525,cust_000319,2026-01-03T22:25:00,card,IDFC,346.83,34,1,22,31,fraud_suspected,True,do_nothing,False,False,False,False,False,False
txn_001526,cust_001055,2026-06-27T12:34:00,card,Kotak,14576.76,51,1,12,31,insufficient_funds,False,delayed_retry@12,True,False,False,True,True,False
txn_001527,cust_001068,2026-02-14T03:23:00,card,Yes Bank,1822.02,33,2,3,22,expired_card,False,delayed_retry@48,False,False,False,False,False,False
txn_001528,cust_000332,2026-04-30T22:03:00,netbanking,ICICI,2907.69,05,2,22,12,expired_card,False,prompt_new_payment_method,True,False,False,False,False,True
txn_001529,cust_001296,2026-01-20T14:57:00,upi,Kotak,2884.29,54,0,14,16,expired_card,False,do_nothing,False,False,False,False,False,True
txn_001530,cust_000704,2026-02-02T12:22:00,upi,Axis,289.76,54,2,12,4,expired_card,False,delayed_retry@12,False,False,False,False,False,False
txn_001531,cust_000508,2026-02-08T15:18:00,upi,Yes Bank,480.98,91,1,15,29,insufficient_funds,False,immediate_retry,True,False,True,True,True,False
txn_001532,cust_000280,2026-04-19T05:23:00,card,HDFC,4376.01,51,1,5,19,insufficient_funds,False,delayed_retry@12,False,False,False,False,False,False
txn_001533,cust_000636,2026-02-23T12:09:00,card,Axis,5409.5,51,3,12,14,insufficient_funds,False,do_nothing,False,False,False,True,False,True
txn_001534,cust_001499,2026-04-18T09:10:00,upi,ICICI,674.06,96,1,9,10,technical_bank_side,False,delayed_retry@12,False,True,False,False,False,False
txn_001535,cust_000486,2026-04-14T10:52:00,netbanking,IDFC,442.25,14,0,10,29,invalid_details,False,prompt_new_payment_method,False,False,False,False,False,False
txn_001536,cust_001320,2026-04-23T21:54:00,upi,Kotak,236.63,51,0,21,20,insufficient_funds,False,delayed_retry@12,False,False,False,False,True,False
txn_001537,cust_000010,2026-06-27T00:06:00,upi,SBI,9606.08,54,1,0,10,expired_card,False,delayed_retry@12,False,False,False,False,False,True
txn_001538,cust_000295,2026-02-03T19:42:00,upi,Kotak,1593.93,91,0,19,1,technical_bank_side,False,delayed_retry@12,False,False,True,False,True,True
txn_001539,cust_000524,2026-05-02T03:45:00,card,HDFC,1613.16,05,0,3,5,insufficient_funds,False,delayed_retry@48,False,False,False,True,False,False
txn_001540,cust_001165,2026-05-30T14:02:00,upi,Kotak,1122.86,51,1,14,20,insufficient_funds,False,prompt_new_payment_method,False,False,False,True,False,False
txn_001541,cust_001166,2026-04-11T08:49:00,upi,ICICI,3379.04,51,0,8,30,insufficient_funds,False,do_nothing,False,False,False,True,False,False
txn_001542,cust_000815,2026-01-25T08:56:00,upi,Axis,1605.25,14,1,8,11,invalid_details,False,prompt_new_payment_method,True,True,False,False,False,True
txn_001543,cust_001007,2026-02-06T10:58:00,netbanking,SBI,803.01,51,0,10,3,insufficient_funds,False,delayed_retry@12,True,False,False,True,False,False
txn_001544,cust_000709,2026-01-18T23:42:00,wallet,Axis,549.44,05,3,23,23,invalid_details,False,do_nothing,False,False,False,False,False,False
txn_001545,cust_001442,2026-04-09T12:15:00,card,HDFC,4165.45,05,1,12,1,insufficient_funds,False,immediate_retry,True,False,True,False,False,False
txn_001546,cust_000333,2026-03-23T12:32:00,card,IDFC,648.09,51,1,12,4,insufficient_funds,False,prompt_new_payment_method,True,True,True,True,True,True
txn_001547,cust_000355,2026-04-11T09:46:00,card,ICICI,394.71,59,1,9,31,fraud_suspected,True,do_nothing,False,False,False,False,False,False
txn_001548,cust_001330,2026-04-13T19:18:00,upi,HDFC,1610.23,51,0,19,10,insufficient_funds,False,do_nothing,False,False,False,False,False,False
txn_001549,cust_000677,2026-02-24T21:36:00,card,Axis,440.32,54,0,21,5,expired_card,False,delayed_retry@12,False,False,False,False,False,True
txn_001550,cust_001206,2026-01-22T17:30:00,card,IDFC,1036.82,61,2,17,19,insufficient_funds,False,prompt_new_payment_method,False,False,False,False,False,False
txn_001551,cust_001383,2026-01-04T19:29:00,card,Yes Bank,661.34,05,1,19,27,expired_card,False,prompt_new_payment_method,True,False,False,False,False,True
txn_001552,cust_000668,2026-04-25T20:08:00,card,Yes Bank,507.02,14,0,20,31,invalid_details,False,delayed_retry@12,False,False,False,False,False,False
txn_001553,cust_000535,2026-06-23T06:37:00,card,Yes Bank,402.09,82,1,6,1,invalid_details,False,do_nothing,False,False,True,False,False,True
txn_001554,cust_001166,2026-04-28T13:49:00,upi,Kotak,1437.68,05,0,13,3,fraud_suspected,True,do_nothing,False,False,False,False,False,False
txn_001555,cust_001322,2026-06-09T03:29:00,upi,HDFC,1091.53,51,2,3,11,insufficient_funds,False,prompt_new_payment_method,False,False,False,False,True,False
txn_001556,cust_000569,2026-04-23T11:52:00,upi,ICICI,2362.61,14,0,11,12,invalid_details,False,delayed_retry@48,False,False,False,False,False,False
txn_001557,cust_000855,2026-02-27T01:23:00,card,Kotak,2262.98,14,0,1,30,invalid_details,False,prompt_new_payment_method,True,False,False,False,False,True
txn_001558,cust_001358,2026-05-02T00:27:00,card,ICICI,576.78,51,0,0,12,insufficient_funds,False,do_nothing,False,False,False,False,False,False
txn_001559,cust_000971,2026-03-23T20:52:00,card,ICICI,868.76,12,0,20,8,invalid_details,False,delayed_retry@48,False,False,False,False,False,False
txn_001560,cust_000416,2026-05-30T20:36:00,card,Yes Bank,4612.33,14,2,20,11,invalid_details,False,immediate_retry,False,False,False,False,False,True
txn_001561,cust_000888,2026-02-26T15:31:00,upi,ICICI,48186.73,33,1,15,20,expired_card,False,delayed_retry@12,False,False,False,False,False,False
txn_001562,cust_000482,2026-04-17T00:04:00,upi,HDFC,4765.91,65,0,0,21,insufficient_funds,False,immediate_retry,False,False,False,False,False,False
txn_001563,cust_000898,2026-02-13T13:53:00,upi,ICICI,3100.02,91,0,13,17,technical_bank_side,False,prompt_new_payment_method,False,False,True,False,True,False
txn_001564,cust_001339,2026-05-27T11:41:00,upi,HDFC,583.31,51,0,11,14,insufficient_funds,False,delayed_retry@12,False,False,False,False,False,False
txn_001565,cust_000395,2026-02-12T21:51:00,card,SBI,1578.16,51,0,21,24,technical_bank_side,False,delayed_retry@12,True,False,True,True,False,False
txn_001566,cust_000027,2026-04-04T17:34:00,card,SBI,1218.89,51,1,17,31,insufficient_funds,False,delayed_retry@12,True,False,False,True,False,False
txn_001567,cust_001489,2026-01-05T07:05:00,card,ICICI,329.83,54,0,7,12,expired_card,False,do_nothing,False,False,False,False,False,False
txn_001568,cust_001336,2026-01-12T02:16:00,wallet,Yes Bank,480.6,51,1,2,12,insufficient_funds,False,do_nothing,False,False,False,False,False,False
txn_001569,cust_000700,2026-03-02T22:52:00,upi,Kotak,508.86,61,0,22,2,insufficient_funds,False,prompt_new_payment_method,False,False,False,False,False,False
txn_001570,cust_000314,2026-03-27T03:10:00,card,ICICI,1067.67,54,0,3,29,expired_card,False,do_nothing,False,False,False,False,False,True
txn_001571,cust_000901,2026-07-11T22:56:00,card,IDFC,1035.42,59,1,22,16,fraud_suspected,True,prompt_new_payment_method,False,False,False,False,False,False
txn_001572,cust_001205,2026-06-27T02:13:00,card,SBI,475.65,51,0,2,1,insufficient_funds,False,immediate_retry,False,False,False,True,False,False
txn_001573,cust_000779,2026-01-07T11:37:00,netbanking,HDFC,235.86,59,1,11,22,fraud_suspected,True,delayed_retry@48,False,False,False,False,False,False
txn_001574,cust_001143,2026-05-12T10:39:00,card,Kotak,23054.56,51,1,10,18,insufficient_funds,False,prompt_new_payment_method,False,False,False,True,False,False
txn_001575,cust_000401,2026-04-08T10:16:00,card,IDFC,689.7,14,0,10,17,invalid_details,False,delayed_retry@48,False,False,False,False,False,False
txn_001576,cust_000175,2026-05-31T10:04:00,netbanking,IDFC,1081.95,65,3,10,21,insufficient_funds,False,immediate_retry,False,False,False,False,True,False
txn_001577,cust_000179,2026-04-06T03:34:00,upi,IDFC,2151.09,12,0,3,29,invalid_details,False,delayed_retry@12,False,False,False,False,False,False
txn_001578,cust_000631,2026-05-16T08:44:00,upi,HDFC,245.58,96,0,8,3,technical_bank_side,False,delayed_retry@48,True,False,False,False,True,False
txn_001579,cust_001234,2026-06-07T09:39:00,upi,Axis,8128.03,91,0,9,19,technical_bank_side,False,delayed_retry@12,True,True,True,True,True,False
txn_001580,cust_001054,2026-01-08T18:56:00,upi,Kotak,10691.77,96,0,18,5,technical_bank_side,False,prompt_new_payment_method,False,False,True,False,False,False
txn_001581,cust_000993,2026-06-20T16:38:00,upi,HDFC,839.67,51,2,16,29,insufficient_funds,False,prompt_new_payment_method,False,False,False,False,True,False
txn_001582,cust_000840,2026-01-16T04:57:00,card,Kotak,1768.68,05,0,4,1,insufficient_funds,False,do_nothing,False,False,False,True,False,False
txn_001583,cust_000347,2026-05-25T05:27:00,card,SBI,3403.3,14,2,5,28,invalid_details,False,do_nothing,False,False,False,False,False,False
txn_001584,cust_000027,2026-05-09T07:10:00,card,SBI,4792.7,05,2,7,22,technical_bank_side,False,delayed_retry@48,False,False,False,True,False,False
txn_001585,cust_000548,2026-01-29T06:57:00,card,Axis,5843.5,51,2,6,4,insufficient_funds,False,delayed_retry@48,False,False,True,True,False,False
txn_001586,cust_001479,2026-05-31T14:42:00,netbanking,SBI,93.36,96,0,14,31,technical_bank_side,False,immediate_retry,True,False,True,False,True,False
txn_001587,cust_000358,2026-06-19T04:31:00,upi,Axis,1094.65,14,0,4,1,invalid_details,False,do_nothing,False,False,False,False,True,True
txn_001588,cust_000882,2026-02-05T21:41:00,upi,Yes Bank,802.42,96,1,21,25,technical_bank_side,False,do_nothing,True,True,True,True,False,True
txn_001589,cust_001383,2026-06-28T19:54:00,card,Yes Bank,1333.19,61,0,19,19,insufficient_funds,False,immediate_retry,True,False,True,False,True,False
txn_001590,cust_000739,2026-03-18T06:44:00,netbanking,Axis,2074.39,63,2,6,14,fraud_suspected,True,prompt_new_payment_method,False,False,False,False,False,False
txn_001591,cust_000940,2026-03-27T15:37:00,upi,Kotak,4286.17,14,1,15,20,invalid_details,False,immediate_retry,True,True,True,False,False,True
txn_001592,cust_001376,2026-01-23T09:53:00,card,Yes Bank,274.79,51,1,9,6,insufficient_funds,False,do_nothing,False,False,False,False,True,False
txn_001593,cust_000318,2026-04-20T08:22:00,upi,ICICI,1430.74,05,0,8,4,invalid_details,False,do_nothing,False,False,False,False,False,False
txn_001594,cust_000477,2026-02-15T16:08:00,card,Axis,541.96,54,1,16,14,expired_card,False,delayed_retry@12,False,False,False,False,False,False
txn_001595,cust_000304,2026-07-20T09:54:00,netbanking,Yes Bank,4095.0,61,0,9,9,insufficient_funds,False,delayed_retry@12,True,False,False,True,False,False
txn_001596,cust_001419,2026-05-15T21:26:00,upi,Yes Bank,642.35,96,2,21,26,technical_bank_side,False,immediate_retry,True,True,True,True,True,True
txn_001597,cust_000735,2026-02-15T03:26:00,upi,Axis,4404.83,91,1,3,26,technical_bank_side,False,delayed_retry@48,False,False,False,False,False,False
txn_001598,cust_000660,2026-01-14T21:52:00,netbanking,HDFC,2378.53,51,2,21,1,insufficient_funds,False,do_nothing,False,False,True,False,True,True
txn_001599,cust_000094,2026-04-24T16:45:00,card,IDFC,397.15,59,0,16,4,fraud_suspected,True,delayed_retry@12,False,False,False,False,False,False
txn_001600,cust_001218,2026-04-25T23:31:00,card,ICICI,1255.54,96,1,23,17,technical_bank_side,False,delayed_retry@12,False,False,False,False,False,False
txn_001601,cust_000990,2026-01-31T22:28:00,upi,Yes Bank,1906.37,05,0,22,25,insufficient_funds,False,do_nothing,False,False,False,True,True,False
txn_001602,cust_000763,2026-01-22T15:19:00,card,Axis,2697.56,96,1,15,12,technical_bank_side,False,prompt_new_payment_method,True,True,True,True,False,True
txn_001603,cust_001106,2026-07-06T09:13:00,netbanking,SBI,202.23,05,1,9,19,insufficient_funds,False,prompt_new_payment_method,False,False,False,False,False,False
txn_001604,cust_001094,2026-02-24T21:20:00,upi,Kotak,709.98,51,0,21,28,insufficient_funds,False,do_nothing,False,False,False,False,False,False
txn_001605,cust_000937,2026-06-07T09:34:00,wallet,SBI,519.46,96,0,9,26,technical_bank_side,False,delayed_retry@12,True,False,False,True,False,False
txn_001606,cust_000777,2026-06-27T02:48:00,card,Axis,1263.89,51,0,2,3,technical_bank_side,False,do_nothing,False,False,True,True,True,True
txn_001607,cust_001320,2026-04-23T06:58:00,card,SBI,608.81,34,0,6,22,fraud_suspected,True,delayed_retry@48,False,False,False,False,False,False
txn_001608,cust_001008,2026-05-20T18:33:00,wallet,Kotak,1114.01,54,1,18,12,expired_card,False,delayed_retry@12,False,False,False,False,False,True
txn_001609,cust_001428,2026-04-08T22:17:00,card,HDFC,6893.43,65,0,22,16,insufficient_funds,False,immediate_retry,True,False,True,True,False,False
txn_001610,cust_000528,2026-07-19T16:52:00,card,HDFC,4762.63,51,1,16,9,insufficient_funds,False,do_nothing,False,False,True,True,False,False
txn_001611,cust_001096,2026-05-26T21:09:00,netbanking,HDFC,708.63,91,1,21,23,technical_bank_side,False,immediate_retry,True,False,True,False,False,False
txn_001612,cust_000829,2026-06-12T21:30:00,upi,Kotak,4934.32,82,1,21,24,invalid_details,False,delayed_retry@12,False,False,False,False,False,False
txn_001613,cust_000093,2026-03-02T16:24:00,netbanking,Axis,1970.72,05,0,16,9,technical_bank_side,False,delayed_retry@48,False,False,True,True,False,False
txn_001614,cust_001356,2026-02-15T15:31:00,upi,ICICI,16627.09,51,0,15,6,insufficient_funds,False,delayed_retry@12,True,False,True,True,True,False
txn_001615,cust_001348,2026-05-17T03:58:00,upi,ICICI,1370.57,51,1,3,10,insufficient_funds,False,immediate_retry,False,False,False,True,False,False
txn_001616,cust_001138,2026-05-12T01:56:00,upi,Yes Bank,415.39,05,2,1,3,insufficient_funds,False,immediate_retry,False,False,False,False,False,False
txn_001617,cust_000173,2026-05-18T14:20:00,upi,Kotak,5233.88,51,0,14,9,insufficient_funds,False,do_nothing,False,False,False,True,False,True
txn_001618,cust_001321,2026-04-02T03:03:00,upi,ICICI,433.5,51,0,3,29,insufficient_funds,False,do_nothing,True,True,False,True,True,False
txn_001619,cust_000448,2026-05-31T19:38:00,netbanking,HDFC,66.57,61,2,19,5,insufficient_funds,False,delayed_retry@12,True,False,False,True,False,True
txn_001620,cust_000122,2026-02-10T23:10:00,card,SBI,220.01,96,0,23,10,technical_bank_side,False,delayed_retry@48,False,False,False,False,False,False
txn_001621,cust_001432,2026-05-02T01:38:00,card,ICICI,210.96,59,0,1,17,fraud_suspected,True,delayed_retry@48,False,False,False,False,False,False
txn_001622,cust_001278,2026-02-19T10:07:00,card,ICICI,5101.9,12,0,10,16,invalid_details,False,immediate_retry,False,False,False,False,False,False
txn_001623,cust_001065,2026-05-12T07:54:00,card,Yes Bank,1895.59,51,1,7,26,insufficient_funds,False,prompt_new_payment_method,False,False,True,False,False,False
txn_001624,cust_000013,2026-07-06T18:13:00,card,SBI,2481.42,51,1,18,4,insufficient_funds,False,prompt_new_payment_method,False,False,False,False,True,False
txn_001625,cust_000829,2026-04-23T05:27:00,wallet,HDFC,348.6,54,3,5,11,invalid_details,False,delayed_retry@12,False,False,False,False,False,True
txn_001626,cust_001357,2026-04-21T23:52:00,wallet,ICICI,1102.74,54,1,23,18,expired_card,False,delayed_retry@12,False,False,False,False,False,False
txn_001627,cust_001353,2026-04-14T11:02:00,upi,Axis,15116.21,91,0,11,7,technical_bank_side,False,immediate_retry,True,False,True,False,False,False
txn_001628,cust_001057,2026-07-20T08:04:00,upi,IDFC,601.37,96,0,8,10,technical_bank_side,False,do_nothing,False,False,False,True,True,True
txn_001629,cust_000284,2026-02-14T07:49:00,upi,Kotak,3448.38,54,2,7,23,expired_card,False,do_nothing,False,False,False,False,False,False
txn_001630,cust_000814,2026-02-01T03:01:00,card,ICICI,3101.69,65,1,3,23,insufficient_funds,False,prompt_new_payment_method,False,False,False,True,False,False
txn_001631,cust_000823,2026-04-28T08:25:00,card,Kotak,509.93,54,0,8,4,expired_card,False,delayed_retry@48,False,False,False,False,False,True
txn_001632,cust_001174,2026-05-19T00:33:00,card,Kotak,1038.04,91,0,0,15,technical_bank_side,False,immediate_retry,True,False,True,True,False,False
txn_001633,cust_000865,2026-05-21T10:53:00,upi,HDFC,601.76,61,2,10,28,insufficient_funds,False,delayed_retry@48,True,False,False,False,True,False
txn_001634,cust_000141,2026-01-26T07:30:00,card,IDFC,584.86,05,0,7,29,expired_card,False,delayed_retry@12,False,False,False,False,False,False
txn_001635,cust_000117,2026-05-05T18:30:00,card,IDFC,2890.27,61,2,18,13,fraud_suspected,False,immediate_retry,False,False,False,False,False,False
txn_001636,cust_000467,2026-03-06T07:12:00,card,ICICI,2904.2,65,1,7,15,insufficient_funds,False,immediate_retry,False,False,False,False,False,False
txn_001637,cust_001411,2026-01-20T03:26:00,card,ICICI,207.46,14,0,3,12,invalid_details,False,immediate_retry,True,False,True,False,False,True
txn_001638,cust_000286,2026-03-26T00:22:00,card,SBI,9900.94,91,0,0,1,technical_bank_side,False,delayed_retry@48,False,False,True,False,False,False
txn_001639,cust_001349,2026-01-26T13:35:00,upi,Yes Bank,4941.45,59,0,13,4,fraud_suspected,True,delayed_retry@12,False,False,False,False,False,False
txn_001640,cust_000351,2026-04-07T19:51:00,netbanking,SBI,2441.57,05,0,19,26,insufficient_funds,False,do_nothing,False,False,True,False,False,False
txn_001641,cust_000106,2026-04-29T20:09:00,upi,HDFC,1805.25,51,0,20,9,insufficient_funds,False,delayed_retry@12,True,False,False,True,False,True
txn_001642,cust_001074,2026-01-15T18:23:00,wallet,Axis,6268.94,14,0,18,29,invalid_details,False,do_nothing,False,False,False,False,False,True
txn_001643,cust_000733,2026-03-12T16:55:00,upi,HDFC,1300.2,05,1,16,2,technical_bank_side,False,immediate_retry,True,True,True,True,True,False
txn_001644,cust_000059,2026-06-03T00:41:00,card,SBI,4931.26,14,0,0,25,invalid_details,False,delayed_retry@12,False,False,False,False,False,False
txn_001645,cust_000783,2026-03-13T01:47:00,card,ICICI,3762.84,05,1,1,27,technical_bank_side,False,delayed_retry@12,True,False,False,True,True,True
txn_001646,cust_001375,2026-01-11T03:10:00,card,HDFC,211.4,51,2,3,29,expired_card,False,immediate_retry,False,False,False,False,True,True
txn_001647,cust_000807,2026-02-02T13:18:00,card,Axis,1298.54,12,0,13,8,invalid_details,False,do_nothing,False,False,False,False,False,False
txn_001648,cust_001112,2026-01-09T21:29:00,upi,Axis,1471.99,54,0,21,27,expired_card,False,delayed_retry@48,False,False,False,False,False,True
txn_001649,cust_000943,2026-05-08T01:20:00,upi,ICICI,1677.09,54,0,1,6,expired_card,False,immediate_retry,False,False,False,False,False,True
txn_001650,cust_001111,2026-01-18T08:54:00,upi,Axis,168.7,05,1,8,17,invalid_details,False,immediate_retry,False,True,False,False,False,False
txn_001651,cust_000283,2026-01-04T11:25:00,upi,IDFC,910.4,54,0,11,7,expired_card,False,delayed_retry@48,False,False,False,False,False,True
txn_001652,cust_001241,2026-03-11T21:09:00,upi,IDFC,3626.34,65,0,21,30,insufficient_funds,False,delayed_retry@48,True,False,False,True,True,False
txn_001653,cust_000124,2026-04-07T06:54:00,card,Yes Bank,13870.82,61,0,6,5,insufficient_funds,False,immediate_retry,False,False,False,False,False,False
txn_001654,cust_000716,2026-02-27T22:35:00,netbanking,Kotak,1762.45,51,0,22,23,insufficient_funds,False,do_nothing,False,False,True,True,True,False
txn_001655,cust_001447,2026-03-16T19:16:00,upi,Yes Bank,3180.81,82,0,19,13,invalid_details,False,immediate_retry,False,False,False,False,False,True
txn_001656,cust_000551,2026-03-18T08:31:00,card,HDFC,1710.36,14,0,8,1,invalid_details,False,do_nothing,False,False,False,False,False,False
txn_001657,cust_000045,2026-02-04T00:39:00,card,HDFC,2365.7,51,1,0,13,insufficient_funds,False,prompt_new_payment_method,False,False,False,True,True,False
txn_001658,cust_000646,2026-02-07T18:02:00,card,ICICI,1406.58,51,0,18,17,insufficient_funds,False,prompt_new_payment_method,True,False,False,False,True,True
txn_001659,cust_000995,2026-01-03T13:19:00,card,Axis,1061.26,05,0,13,24,expired_card,False,do_nothing,False,False,False,False,False,False
txn_001660,cust_001323,2026-07-13T10:57:00,wallet,ICICI,129.97,91,2,10,29,technical_bank_side,False,delayed_retry@12,False,True,True,False,True,False
txn_001661,cust_000017,2026-01-31T00:48:00,card,Kotak,377.01,96,0,0,28,technical_bank_side,False,prompt_new_payment_method,False,False,False,False,False,False
txn_001662,cust_000703,2026-01-03T05:05:00,card,SBI,580.96,51,3,5,16,insufficient_funds,False,delayed_retry@48,False,False,False,False,False,False
txn_001663,cust_000464,2026-01-22T19:48:00,card,SBI,1459.18,63,1,19,5,fraud_suspected,True,delayed_retry@48,False,False,False,False,False,False
txn_001664,cust_000681,2026-06-09T17:45:00,upi,Kotak,230.72,54,2,17,11,expired_card,False,do_nothing,False,False,False,False,False,True
txn_001665,cust_000014,2026-04-01T20:36:00,upi,Kotak,956.6,51,0,20,26,technical_bank_side,False,immediate_retry,False,False,False,False,False,False
txn_001666,cust_001195,2026-02-12T10:26:00,upi,SBI,491.76,14,0,10,4,invalid_details,False,immediate_retry,False,False,False,False,False,True
txn_001667,cust_000363,2026-02-18T19:22:00,card,ICICI,198.24,05,0,19,31,technical_bank_side,False,prompt_new_payment_method,True,True,True,True,True,True
txn_001668,cust_000230,2026-01-10T01:37:00,card,Yes Bank,175.07,91,1,1,23,technical_bank_side,False,delayed_retry@48,False,False,False,False,False,False
txn_001669,cust_000604,2026-04-06T23:05:00,card,SBI,151.89,05,0,23,15,insufficient_funds,False,delayed_retry@12,False,True,False,False,True,True
txn_001670,cust_000319,2026-05-29T07:44:00,card,HDFC,1104.29,51,0,7,25,technical_bank_side,False,prompt_new_payment_method,False,False,False,True,False,False
txn_001671,cust_000296,2026-07-02T11:30:00,upi,ICICI,1539.41,61,0,11,1,insufficient_funds,False,prompt_new_payment_method,False,False,False,True,True,False
txn_001672,cust_000113,2026-01-09T08:10:00,wallet,SBI,1201.05,54,0,8,24,expired_card,False,delayed_retry@48,False,False,False,False,False,True
txn_001673,cust_000762,2026-07-12T12:07:00,card,Kotak,1312.44,51,2,12,25,insufficient_funds,False,do_nothing,False,False,False,False,False,False
txn_001674,cust_000768,2026-01-09T23:38:00,card,Yes Bank,3557.42,05,0,23,4,invalid_details,False,do_nothing,False,False,False,False,False,False
txn_001675,cust_000652,2026-03-31T03:00:00,netbanking,Kotak,1931.22,51,3,3,30,insufficient_funds,False,prompt_new_payment_method,False,False,False,False,False,False
txn_001676,cust_001162,2026-01-12T11:35:00,upi,Kotak,555.55,51,1,11,24,insufficient_funds,False,delayed_retry@12,False,False,False,False,True,False
txn_001677,cust_000867,2026-03-05T16:54:00,upi,HDFC,1379.69,82,2,16,17,fraud_suspected,False,immediate_retry,False,False,False,False,False,False
txn_001678,cust_000173,2026-06-27T15:54:00,card,Yes Bank,1947.92,59,0,15,13,fraud_suspected,True,do_nothing,False,False,False,False,False,False
txn_001679,cust_001295,2026-01-19T03:30:00,upi,ICICI,1417.25,51,1,3,16,insufficient_funds,False,delayed_retry@12,True,False,False,True,True,False
txn_001680,cust_000534,2026-01-27T20:56:00,upi,HDFC,4836.89,96,1,20,2,technical_bank_side,False,do_nothing,False,False,False,False,True,False
txn_001681,cust_001232,2026-01-31T08:43:00,upi,SBI,730.98,51,0,8,6,insufficient_funds,False,do_nothing,False,False,False,True,False,False
txn_001682,cust_001312,2026-05-09T14:19:00,card,ICICI,2399.3,05,0,14,27,technical_bank_side,False,prompt_new_payment_method,True,False,True,True,True,True
txn_001683,cust_000806,2026-05-04T09:57:00,netbanking,SBI,280.19,05,0,9,2,fraud_suspected,True,delayed_retry@12,False,False,False,False,False,False
txn_001684,cust_001248,2026-02-06T06:40:00,card,SBI,722.48,05,0,6,1,insufficient_funds,False,immediate_retry,False,False,False,False,True,False
txn_001685,cust_000426,2026-06-06T19:10:00,card,ICICI,1427.71,91,2,19,29,technical_bank_side,False,immediate_retry,False,False,False,False,False,False
txn_001686,cust_000569,2026-05-24T04:28:00,netbanking,ICICI,3083.76,12,1,4,29,invalid_details,False,delayed_retry@12,False,False,False,False,False,False
txn_001687,cust_001083,2026-01-06T19:19:00,upi,ICICI,624.96,14,0,19,23,invalid_details,False,delayed_retry@12,False,False,False,False,False,True
txn_001688,cust_000949,2026-03-18T21:58:00,netbanking,SBI,5826.2,51,0,21,9,insufficient_funds,False,prompt_new_payment_method,True,False,True,True,True,True
txn_001689,cust_001217,2026-01-13T14:09:00,upi,HDFC,748.39,61,1,14,4,insufficient_funds,False,prompt_new_payment_method,False,False,False,False,False,False
txn_001690,cust_000465,2026-05-04T23:32:00,upi,HDFC,3287.41,51,0,23,9,insufficient_funds,False,immediate_retry,False,False,False,False,True,False
txn_001691,cust_001293,2026-03-04T09:12:00,card,SBI,382.05,51,2,9,18,insufficient_funds,False,do_nothing,False,False,False,False,False,False
txn_001692,cust_000320,2026-01-21T04:13:00,wallet,SBI,1255.3,65,1,4,7,insufficient_funds,False,delayed_retry@12,False,False,False,False,True,False
txn_001693,cust_001330,2026-04-29T11:15:00,netbanking,HDFC,653.36,05,0,11,16,expired_card,False,immediate_retry,False,False,False,False,False,False
txn_001694,cust_000122,2026-06-11T08:11:00,upi,SBI,2628.0,05,0,8,10,expired_card,False,prompt_new_payment_method,False,False,False,False,False,False
txn_001695,cust_001154,2026-07-09T12:43:00,card,IDFC,685.91,91,0,12,20,technical_bank_side,False,delayed_retry@12,False,False,False,False,False,False
txn_001696,cust_000388,2026-06-29T21:22:00,card,Kotak,355.0,51,0,21,3,insufficient_funds,False,delayed_retry@12,False,False,False,False,False,False
txn_001697,cust_000016,2026-01-21T03:43:00,upi,Yes Bank,461.04,05,0,3,3,fraud_suspected,True,immediate_retry,False,False,False,False,False,False
txn_001698,cust_000730,2026-05-04T06:15:00,card,SBI,736.07,59,1,6,9,fraud_suspected,True,immediate_retry,False,False,False,False,False,False
txn_001699,cust_001028,2026-02-04T19:32:00,card,ICICI,872.1,96,0,19,5,technical_bank_side,False,delayed_retry@48,True,False,True,False,True,True
txn_001700,cust_000517,2026-03-21T22:10:00,card,IDFC,2299.74,96,1,22,23,technical_bank_side,False,delayed_retry@12,True,False,True,True,False,False
txn_001701,cust_001475,2026-03-19T21:17:00,wallet,HDFC,330.34,05,1,21,12,expired_card,False,delayed_retry@12,False,False,False,False,False,False
txn_001702,cust_001220,2026-01-08T18:29:00,upi,SBI,1833.06,51,0,18,14,insufficient_funds,False,delayed_retry@12,True,False,False,True,True,True
txn_001703,cust_001450,2026-07-18T20:51:00,card,HDFC,1213.85,14,0,20,15,invalid_details,False,immediate_retry,False,False,False,False,False,False
txn_001704,cust_000390,2026-07-04T14:04:00,wallet,Yes Bank,659.79,65,0,14,31,insufficient_funds,False,delayed_retry@48,True,False,False,True,True,False
txn_001705,cust_000966,2026-03-12T04:13:00,upi,ICICI,11115.46,05,0,4,4,expired_card,False,delayed_retry@12,False,True,False,False,False,True
txn_001706,cust_000082,2026-06-24T10:00:00,card,ICICI,1621.14,65,1,10,7,insufficient_funds,False,delayed_retry@48,False,False,False,False,False,False
txn_001707,cust_001257,2026-06-19T20:45:00,card,Kotak,709.53,14,2,20,10,invalid_details,False,immediate_retry,False,False,False,False,False,False
txn_001708,cust_001457,2026-01-01T23:13:00,card,Yes Bank,1797.16,51,2,23,13,insufficient_funds,False,delayed_retry@12,False,False,False,False,False,False
txn_001709,cust_000576,2026-05-18T19:59:00,wallet,SBI,1050.7,05,1,19,11,expired_card,False,prompt_new_payment_method,False,False,False,False,False,False
txn_001710,cust_000610,2026-05-04T06:22:00,upi,HDFC,2172.37,51,1,6,16,insufficient_funds,False,prompt_new_payment_method,True,True,False,True,True,True
txn_001711,cust_000727,2026-02-15T12:11:00,upi,Kotak,6912.66,61,0,12,2,insufficient_funds,False,delayed_retry@48,False,False,False,False,False,False
txn_001712,cust_001368,2026-04-11T20:21:00,card,Axis,803.87,54,0,20,23,expired_card,False,do_nothing,False,False,False,False,False,True
txn_001713,cust_000809,2026-05-21T22:22:00,wallet,IDFC,1111.34,82,0,22,24,invalid_details,False,do_nothing,False,False,False,False,False,False
txn_001714,cust_000296,2026-04-07T04:45:00,card,IDFC,172.1,91,1,4,19,technical_bank_side,False,delayed_retry@12,False,False,False,False,False,False
txn_001715,cust_000616,2026-01-31T22:42:00,netbanking,Kotak,1116.43,51,0,22,22,insufficient_funds,False,delayed_retry@48,True,False,True,True,True,False
txn_001716,cust_000714,2026-05-05T07:00:00,netbanking,HDFC,557.28,54,0,7,9,expired_card,False,delayed_retry@48,False,False,False,False,False,False
txn_001717,cust_001019,2026-01-13T11:18:00,upi,IDFC,10198.67,96,2,11,29,technical_bank_side,False,do_nothing,False,False,False,False,False,False
txn_001718,cust_001166,2026-02-10T09:34:00,card,IDFC,18248.7,51,0,9,6,insufficient_funds,False,prompt_new_payment_method,False,False,True,False,True,False
txn_001719,cust_000079,2026-04-08T03:47:00,card,ICICI,3974.21,34,0,3,24,fraud_suspected,True,prompt_new_payment_method,False,False,False,False,False,False
txn_001720,cust_000955,2026-01-16T13:46:00,upi,Axis,743.49,54,3,13,3,expired_card,False,delayed_retry@12,False,False,False,False,False,True
txn_001721,cust_001475,2026-05-26T21:50:00,upi,Axis,340.45,51,2,21,6,insufficient_funds,False,do_nothing,True,True,True,False,False,True
txn_001722,cust_000058,2026-03-13T16:16:00,card,Kotak,5487.72,65,0,16,21,insufficient_funds,False,delayed_retry@48,False,False,False,False,False,False
txn_001723,cust_001448,2026-06-19T18:45:00,card,ICICI,3303.29,96,1,18,27,technical_bank_side,False,immediate_retry,True,False,True,False,False,False
txn_001724,cust_000504,2026-03-23T01:27:00,netbanking,SBI,814.26,51,0,1,1,insufficient_funds,False,delayed_retry@48,False,False,False,False,False,False
txn_001725,cust_000491,2026-05-30T15:25:00,card,Axis,926.07,59,1,15,31,expired_card,True,immediate_retry,False,False,False,False,False,False
txn_001726,cust_001018,2026-01-15T01:16:00,card,Yes Bank,3725.3,91,0,1,15,technical_bank_side,False,delayed_retry@48,True,False,True,True,True,True
txn_001727,cust_000769,2026-05-02T23:37:00,card,Kotak,1712.9,91,3,23,23,technical_bank_side,False,immediate_retry,True,False,True,True,True,True
txn_001728,cust_001201,2026-05-02T15:36:00,upi,IDFC,372.04,54,1,15,3,expired_card,False,immediate_retry,False,False,False,False,False,False
txn_001729,cust_001290,2026-02-27T02:10:00,netbanking,Yes Bank,3939.58,51,1,2,30,insufficient_funds,False,prompt_new_payment_method,True,False,True,True,False,True
txn_001730,cust_000521,2026-01-10T04:17:00,card,IDFC,706.9,61,0,4,25,insufficient_funds,False,delayed_retry@48,True,False,False,False,True,False
txn_001731,cust_001461,2026-07-16T19:51:00,wallet,Yes Bank,2121.09,91,0,19,18,technical_bank_side,False,do_nothing,False,False,True,True,True,False
txn_001732,cust_000594,2026-03-01T22:49:00,upi,Axis,15714.78,91,1,22,31,technical_bank_side,False,delayed_retry@12,False,False,True,False,False,False
txn_001733,cust_000712,2026-02-07T06:38:00,card,Kotak,355.78,54,2,6,8,expired_card,False,immediate_retry,True,False,True,False,False,True
txn_001734,cust_000998,2026-03-09T03:17:00,wallet,Kotak,4201.79,51,2,3,25,insufficient_funds,False,immediate_retry,False,False,False,False,True,False
txn_001735,cust_000425,2026-06-11T01:59:00,card,IDFC,2634.33,54,1,1,11,expired_card,False,immediate_retry,False,False,False,False,False,False
txn_001736,cust_000253,2026-04-16T12:17:00,card,SBI,446.82,33,1,12,4,expired_card,False,immediate_retry,False,False,False,False,False,True
txn_001737,cust_001360,2026-04-20T01:54:00,upi,Yes Bank,2627.75,96,0,1,21,technical_bank_side,False,do_nothing,True,True,True,True,True,True
txn_001738,cust_000572,2026-03-01T20:26:00,card,Yes Bank,2820.7,51,0,20,18,insufficient_funds,False,prompt_new_payment_method,False,False,False,False,False,False
txn_001739,cust_000048,2026-06-18T07:55:00,upi,ICICI,1671.39,33,0,7,17,expired_card,False,do_nothing,False,False,False,False,False,True
txn_001740,cust_001277,2026-03-27T15:36:00,card,Axis,1072.07,82,0,15,11,invalid_details,False,delayed_retry@48,False,False,False,False,False,False
txn_001741,cust_000287,2026-04-12T03:31:00,upi,SBI,1052.29,51,0,3,5,insufficient_funds,False,immediate_retry,False,False,False,False,True,False
txn_001742,cust_000034,2026-01-04T10:06:00,card,ICICI,3211.47,91,0,10,14,technical_bank_side,False,immediate_retry,False,False,False,False,False,False
txn_001743,cust_000532,2026-07-10T09:03:00,upi,Kotak,506.74,54,0,9,5,expired_card,False,do_nothing,False,False,False,False,False,True
txn_001744,cust_000667,2026-03-07T10:13:00,netbanking,Yes Bank,10481.74,05,1,10,29,invalid_details,False,immediate_retry,False,False,False,False,False,False
txn_001745,cust_000185,2026-07-13T05:45:00,upi,IDFC,1652.72,91,3,5,15,technical_bank_side,False,do_nothing,False,False,False,False,True,False
txn_001746,cust_000679,2026-06-21T19:48:00,card,Kotak,219.7,33,0,19,8,expired_card,False,do_nothing,False,False,False,False,False,False
txn_001747,cust_000352,2026-01-08T11:57:00,netbanking,Yes Bank,3341.51,05,0,11,11,technical_bank_side,False,do_nothing,False,False,True,True,True,False
txn_001748,cust_001410,2026-03-10T13:12:00,card,SBI,173.65,65,1,13,9,insufficient_funds,False,do_nothing,False,False,False,True,True,True
txn_001749,cust_001309,2026-03-27T20:57:00,upi,IDFC,525.69,59,2,20,6,fraud_suspected,True,prompt_new_payment_method,False,False,False,False,False,False
txn_001750,cust_000627,2026-03-31T03:34:00,card,Axis,646.34,61,1,3,12,insufficient_funds,False,do_nothing,False,False,False,False,False,False
txn_001751,cust_000228,2026-07-14T03:35:00,upi,ICICI,6760.44,51,0,3,23,technical_bank_side,False,immediate_retry,False,False,False,False,False,False
txn_001752,cust_000804,2026-07-03T19:18:00,upi,HDFC,3275.36,51,0,19,18,insufficient_funds,False,delayed_retry@12,True,False,False,True,True,False
txn_001753,cust_001154,2026-05-03T01:45:00,card,Yes Bank,999.75,59,0,1,7,fraud_suspected,True,delayed_retry@48,False,False,False,False,False,False
txn_001754,cust_001296,2026-06-30T20:57:00,card,IDFC,692.61,05,0,20,1,expired_card,False,delayed_retry@48,False,False,False,True,False,False
txn_001755,cust_000727,2026-04-22T07:41:00,card,Yes Bank,537.99,54,1,7,27,expired_card,False,delayed_retry@48,False,False,False,False,False,False
txn_001756,cust_000229,2026-03-17T20:51:00,netbanking,HDFC,7439.62,91,0,20,19,technical_bank_side,False,delayed_retry@48,False,False,True,True,False,True
txn_001757,cust_000563,2026-07-11T17:52:00,wallet,HDFC,1546.32,61,1,17,16,insufficient_funds,False,immediate_retry,False,False,False,False,False,False
txn_001758,cust_000274,2026-02-25T08:56:00,card,ICICI,5173.48,54,0,8,3,expired_card,False,delayed_retry@12,False,False,False,False,False,True
txn_001759,cust_000381,2026-03-31T18:03:00,card,Yes Bank,4221.86,61,2,18,10,insufficient_funds,False,prompt_new_payment_method,False,False,False,True,False,False
txn_001760,cust_000255,2026-03-22T23:42:00,upi,SBI,39967.7,91,0,23,12,invalid_details,False,delayed_retry@48,True,False,True,True,True,False
txn_001761,cust_000394,2026-04-02T05:05:00,card,Yes Bank,2183.9,65,3,5,12,insufficient_funds,False,delayed_retry@12,True,False,False,True,False,True
txn_001762,cust_000748,2026-03-13T07:00:00,netbanking,IDFC,10747.62,91,2,7,20,technical_bank_side,False,delayed_retry@12,True,False,True,True,True,False
txn_001763,cust_000803,2026-05-31T05:00:00,card,Yes Bank,1838.98,91,2,5,15,technical_bank_side,False,delayed_retry@48,False,False,False,False,False,False
txn_001764,cust_001283,2026-05-11T19:17:00,card,Axis,5002.9,51,1,19,11,insufficient_funds,False,immediate_retry,True,False,True,False,True,False
txn_001765,cust_000023,2026-06-15T15:45:00,wallet,Kotak,2377.27,12,0,15,17,invalid_details,False,immediate_retry,False,False,False,False,False,True
txn_001766,cust_000933,2026-02-02T13:16:00,upi,Yes Bank,541.83,05,1,13,10,insufficient_funds,False,delayed_retry@48,True,True,True,False,True,True
txn_001767,cust_000889,2026-01-31T13:38:00,upi,IDFC,94.56,63,0,13,7,fraud_suspected,True,immediate_retry,False,False,False,False,False,False
txn_001768,cust_001290,2026-03-14T23:49:00,upi,IDFC,1433.22,51,0,23,11,insufficient_funds,False,do_nothing,False,False,False,False,False,False
txn_001769,cust_000055,2026-06-12T12:17:00,card,Axis,3669.56,51,0,12,16,insufficient_funds,False,prompt_new_payment_method,False,False,True,True,True,False
txn_001770,cust_000173,2026-05-16T01:57:00,card,Axis,10046.03,96,0,1,16,technical_bank_side,False,prompt_new_payment_method,False,False,False,False,False,False
txn_001771,cust_000420,2026-01-05T18:20:00,card,Yes Bank,198.05,12,0,18,28,invalid_details,False,prompt_new_payment_method,False,False,False,False,False,False
txn_001772,cust_000091,2026-03-19T12:33:00,upi,SBI,1432.91,14,1,12,2,invalid_details,False,prompt_new_payment_method,False,False,False,False,False,False
txn_001773,cust_001397,2026-02-05T03:35:00,netbanking,ICICI,1692.27,51,2,3,14,insufficient_funds,False,immediate_retry,False,False,False,True,False,False
txn_001774,cust_000992,2026-01-06T06:32:00,upi,Kotak,2822.46,54,1,6,21,expired_card,False,immediate_retry,False,False,False,False,False,True
txn_001775,cust_000456,2026-01-11T09:21:00,netbanking,Kotak,870.67,05,1,9,30,technical_bank_side,False,delayed_retry@48,False,False,True,True,False,False
txn_001776,cust_001041,2026-06-19T00:55:00,card,HDFC,976.85,91,1,0,6,invalid_details,False,delayed_retry@48,True,False,False,False,True,False
txn_001777,cust_001008,2026-02-03T01:15:00,card,ICICI,1520.14,12,0,1,8,invalid_details,False,delayed_retry@48,False,False,False,False,False,False
txn_001778,cust_000734,2026-03-22T22:51:00,card,HDFC,2062.92,05,0,22,1,insufficient_funds,False,immediate_retry,True,False,True,False,False,False
txn_001779,cust_000521,2026-02-04T18:37:00,wallet,HDFC,107.6,61,1,18,3,insufficient_funds,False,immediate_retry,True,False,True,True,True,True
txn_001780,cust_000027,2026-04-14T04:13:00,wallet,HDFC,701.06,05,1,4,13,insufficient_funds,False,do_nothing,False,False,True,False,True,False
txn_001781,cust_000388,2026-07-20T21:56:00,card,Kotak,4175.21,91,1,21,21,technical_bank_side,False,immediate_retry,True,True,True,True,True,False
txn_001782,cust_001135,2026-05-24T06:45:00,upi,ICICI,1574.5,91,2,6,18,technical_bank_side,False,do_nothing,False,False,False,False,False,False
txn_001783,cust_000243,2026-06-23T14:49:00,card,Kotak,3747.44,96,1,14,23,technical_bank_side,False,delayed_retry@12,True,False,False,True,False,False
txn_001784,cust_001392,2026-06-22T12:17:00,card,ICICI,4088.04,14,1,12,24,technical_bank_side,False,do_nothing,False,False,False,False,False,False
txn_001785,cust_000247,2026-05-25T11:14:00,upi,Kotak,1384.93,51,0,11,3,insufficient_funds,False,immediate_retry,False,False,False,False,False,True
txn_001786,cust_000035,2026-02-05T04:49:00,card,HDFC,210.65,63,0,4,26,fraud_suspected,True,delayed_retry@48,False,False,False,False,False,False
txn_001787,cust_000334,2026-07-18T14:44:00,netbanking,ICICI,961.46,96,0,14,18,technical_bank_side,False,prompt_new_payment_method,False,False,True,True,False,False
txn_001788,cust_001033,2026-07-01T17:00:00,card,Axis,3282.99,91,0,17,12,technical_bank_side,False,immediate_retry,True,True,True,True,True,True
txn_001789,cust_000190,2026-04-25T02:17:00,card,HDFC,4586.5,51,0,2,19,insufficient_funds,False,delayed_retry@12,True,False,False,True,True,False
txn_001790,cust_001041,2026-03-23T03:55:00,card,Yes Bank,337.13,05,0,3,23,insufficient_funds,False,immediate_retry,False,False,False,False,False,False
txn_001791,cust_000536,2026-03-27T20:13:00,upi,SBI,1493.06,51,0,20,22,technical_bank_side,False,immediate_retry,True,False,True,False,True,True
txn_001792,cust_000550,2026-01-19T08:30:00,upi,SBI,1756.72,05,1,8,23,insufficient_funds,False,delayed_retry@48,False,False,False,False,False,True
txn_001793,cust_000442,2026-06-07T07:50:00,card,IDFC,839.39,51,0,7,3,insufficient_funds,False,prompt_new_payment_method,False,False,False,False,False,False
txn_001794,cust_000256,2026-05-21T08:43:00,card,Kotak,608.75,54,0,8,29,expired_card,False,immediate_retry,False,False,False,False,False,True
txn_001795,cust_001429,2026-01-06T18:44:00,wallet,IDFC,451.08,96,1,18,6,technical_bank_side,False,delayed_retry@12,False,False,False,False,True,False
txn_001796,cust_000024,2026-07-15T12:30:00,upi,Yes Bank,1110.41,51,0,12,5,insufficient_funds,False,prompt_new_payment_method,False,False,True,True,True,False
txn_001797,cust_000491,2026-07-03T18:40:00,upi,Yes Bank,4474.0,82,0,18,24,invalid_details,False,delayed_retry@48,False,False,False,False,False,True
txn_001798,cust_000575,2026-01-10T16:14:00,wallet,ICICI,917.11,05,0,16,5,technical_bank_side,False,do_nothing,False,False,True,True,True,False
txn_001799,cust_001373,2026-01-07T20:59:00,upi,SBI,560.17,59,3,20,1,fraud_suspected,True,immediate_retry,False,False,False,False,False,False
txn_001800,cust_000577,2026-07-13T16:33:00,card,SBI,5264.78,54,2,16,17,expired_card,False,immediate_retry,False,False,False,False,False,False
txn_001801,cust_000541,2026-01-12T18:02:00,card,HDFC,7916.17,05,0,18,28,technical_bank_side,False,immediate_retry,True,False,True,False,False,False
txn_001802,cust_000129,2026-04-09T20:06:00,wallet,Axis,814.52,65,1,20,18,insufficient_funds,False,delayed_retry@48,False,False,False,False,False,False
txn_001803,cust_000035,2026-06-24T02:47:00,upi,Axis,2210.12,91,1,2,19,technical_bank_side,False,delayed_retry@12,False,True,False,False,True,False
txn_001804,cust_000254,2026-01-05T19:32:00,card,Kotak,5879.83,91,0,19,8,technical_bank_side,False,delayed_retry@48,True,False,False,True,True,False
txn_001805,cust_000641,2026-05-22T04:09:00,upi,Kotak,750.5,51,1,4,12,insufficient_funds,False,delayed_retry@48,True,False,False,False,True,False
txn_001806,cust_000589,2026-05-29T23:50:00,netbanking,ICICI,964.13,05,1,23,22,fraud_suspected,True,do_nothing,False,False,False,False,False,False
txn_001807,cust_000330,2026-06-02T18:27:00,card,SBI,553.39,51,2,18,15,insufficient_funds,False,delayed_retry@48,True,False,False,True,True,False
txn_001808,cust_001244,2026-03-29T03:28:00,upi,SBI,723.08,96,0,3,4,technical_bank_side,False,delayed_retry@48,True,False,True,False,True,False
txn_001809,cust_001008,2026-06-21T08:15:00,upi,ICICI,820.26,05,0,8,7,insufficient_funds,False,immediate_retry,False,False,False,False,True,False
txn_001810,cust_000039,2026-05-14T04:47:00,upi,Kotak,1711.28,51,0,4,14,insufficient_funds,False,prompt_new_payment_method,True,False,True,True,True,True
txn_001811,cust_000467,2026-05-08T05:02:00,upi,Kotak,584.9,51,0,5,8,technical_bank_side,False,prompt_new_payment_method,False,False,True,True,True,False
txn_001812,cust_001398,2026-06-27T17:33:00,upi,Kotak,2343.81,12,3,17,8,invalid_details,False,delayed_retry@48,False,False,False,False,False,False
txn_001813,cust_000606,2026-03-19T19:51:00,upi,Axis,2403.86,91,2,19,5,technical_bank_side,False,immediate_retry,False,True,False,False,True,False
txn_001814,cust_000448,2026-03-19T17:32:00,card,HDFC,7786.86,61,0,17,4,insufficient_funds,False,do_nothing,False,False,False,True,True,False
txn_001815,cust_001331,2026-04-08T00:20:00,card,IDFC,1802.46,51,1,0,16,technical_bank_side,False,delayed_retry@12,True,True,True,True,True,False
txn_001816,cust_000967,2026-03-12T03:59:00,card,Kotak,8577.85,51,1,3,13,insufficient_funds,False,delayed_retry@48,True,False,False,False,True,False
txn_001817,cust_001244,2026-06-22T06:21:00,upi,HDFC,5240.91,12,0,6,6,invalid_details,False,do_nothing,False,False,False,False,False,True
txn_001818,cust_000447,2026-03-04T18:26:00,upi,Yes Bank,2336.81,51,1,18,23,insufficient_funds,False,delayed_retry@48,True,True,False,True,True,True
txn_001819,cust_000998,2026-05-09T03:56:00,card,SBI,1563.58,14,1,3,25,invalid_details,False,delayed_retry@12,False,False,False,False,False,False
txn_001820,cust_000001,2026-04-02T07:51:00,card,Axis,704.7,05,0,7,30,expired_card,False,delayed_retry@12,False,False,False,False,False,True
txn_001821,cust_000902,2026-04-25T07:23:00,wallet,IDFC,302.9,96,1,7,10,expired_card,False,prompt_new_payment_method,False,True,True,True,True,False
txn_001822,cust_001475,2026-04-08T03:46:00,upi,Kotak,3376.89,51,1,3,7,insufficient_funds,False,prompt_new_payment_method,False,False,False,False,True,False
txn_001823,cust_000551,2026-01-28T04:13:00,card,Axis,704.29,96,0,4,18,technical_bank_side,False,delayed_retry@12,False,False,False,False,True,False
txn_001824,cust_001119,2026-05-11T10:56:00,card,Kotak,749.43,54,2,10,24,expired_card,False,prompt_new_payment_method,False,False,False,False,False,False
txn_001825,cust_000995,2026-07-11T15:44:00,card,SBI,1475.8,51,0,15,6,insufficient_funds,False,immediate_retry,False,False,False,False,False,False
txn_001826,cust_001446,2026-02-27T17:20:00,wallet,SBI,1274.08,91,0,17,18,technical_bank_side,False,delayed_retry@12,False,False,False,False,True,False
txn_001827,cust_001302,2026-04-09T09:11:00,upi,IDFC,1089.66,54,0,9,19,expired_card,False,do_nothing,False,False,False,False,False,True
txn_001828,cust_001453,2026-02-22T14:03:00,card,Kotak,970.77,51,1,14,8,fraud_suspected,False,delayed_retry@12,False,False,False,False,False,False
txn_001829,cust_000101,2026-04-30T21:12:00,card,Kotak,960.53,05,1,21,20,insufficient_funds,False,delayed_retry@48,False,False,True,False,False,False
txn_001830,cust_000104,2026-03-12T16:28:00,upi,IDFC,420.91,51,1,16,17,insufficient_funds,False,delayed_retry@12,False,False,False,False,True,False
txn_001831,cust_000325,2026-07-13T12:58:00,card,ICICI,2853.12,14,0,12,17,fraud_suspected,False,delayed_retry@12,False,False,False,False,False,False
txn_001832,cust_000196,2026-06-10T02:52:00,card,Yes Bank,4975.87,96,0,2,31,technical_bank_side,False,immediate_retry,False,False,False,False,False,False
txn_001833,cust_001017,2026-06-08T15:19:00,card,SBI,2633.79,96,0,15,14,technical_bank_side,False,delayed_retry@48,True,False,True,True,True,False
txn_001834,cust_000654,2026-06-11T00:22:00,card,Yes Bank,277.07,14,0,0,12,invalid_details,False,immediate_retry,False,False,False,False,False,False
txn_001835,cust_000536,2026-04-08T07:35:00,upi,HDFC,593.85,05,1,7,31,fraud_suspected,True,prompt_new_payment_method,False,False,False,False,False,False
txn_001836,cust_000767,2026-02-13T02:03:00,upi,Kotak,6186.98,05,0,2,24,technical_bank_side,False,immediate_retry,True,False,True,False,True,False
txn_001837,cust_000129,2026-07-09T16:22:00,upi,ICICI,10199.06,54,2,16,13,expired_card,False,immediate_retry,False,False,False,False,False,False
txn_001838,cust_000852,2026-02-11T16:02:00,upi,SBI,527.56,05,2,16,15,insufficient_funds,False,do_nothing,False,False,False,False,False,False
txn_001839,cust_000105,2026-03-06T23:59:00,card,Axis,494.69,51,2,23,21,insufficient_funds,False,delayed_retry@12,True,False,True,True,True,False
txn_001840,cust_000319,2026-02-12T20:43:00,netbanking,Kotak,1483.48,65,2,20,29,insufficient_funds,False,immediate_retry,False,False,False,False,False,False
txn_001841,cust_001422,2026-06-10T12:02:00,card,Yes Bank,2331.59,14,1,12,31,invalid_details,False,immediate_retry,False,False,False,False,False,False
txn_001842,cust_000397,2026-03-17T02:25:00,card,ICICI,688.67,54,1,2,23,expired_card,False,prompt_new_payment_method,False,False,False,False,False,False
txn_001843,cust_000140,2026-02-23T19:55:00,upi,Kotak,650.26,54,0,19,24,expired_card,False,prompt_new_payment_method,False,False,False,False,False,False
txn_001844,cust_001081,2026-03-07T10:30:00,card,SBI,188.34,61,1,10,30,insufficient_funds,False,delayed_retry@48,True,False,False,True,True,False
txn_001845,cust_000048,2026-05-20T11:49:00,card,IDFC,48193.39,96,1,11,19,technical_bank_side,False,immediate_retry,False,False,False,True,False,False
txn_001846,cust_001352,2026-06-22T05:49:00,card,SBI,1630.91,54,0,5,9,expired_card,False,delayed_retry@48,False,False,False,False,False,False
txn_001847,cust_000485,2026-02-19T09:39:00,card,ICICI,252.57,96,3,9,20,technical_bank_side,False,do_nothing,True,True,True,True,False,True
txn_001848,cust_000860,2026-06-17T01:07:00,card,HDFC,1623.0,63,0,1,30,fraud_suspected,True,delayed_retry@12,False,False,False,False,False,False
txn_001849,cust_001218,2026-06-16T00:15:00,card,ICICI,2515.86,05,2,0,15,insufficient_funds,False,do_nothing,False,False,False,False,False,False
txn_001850,cust_000373,2026-07-13T22:52:00,upi,IDFC,499.67,91,0,22,16,technical_bank_side,False,do_nothing,False,False,True,False,True,False
txn_001851,cust_000044,2026-05-25T07:30:00,upi,Kotak,3396.54,05,1,7,26,invalid_details,False,immediate_retry,False,False,False,False,False,False
txn_001852,cust_000273,2026-02-24T18:16:00,netbanking,ICICI,873.56,51,0,18,26,insufficient_funds,False,prompt_new_payment_method,False,False,False,True,False,False
txn_001853,cust_000745,2026-01-25T23:13:00,card,ICICI,2086.11,51,1,23,28,insufficient_funds,False,delayed_retry@12,False,False,False,False,True,False
txn_001854,cust_000424,2026-01-21T16:22:00,card,SBI,404.99,96,1,16,25,technical_bank_side,False,immediate_retry,False,False,False,False,False,False
txn_001855,cust_000667,2026-02-27T14:34:00,card,Kotak,722.59,05,0,14,31,technical_bank_side,False,prompt_new_payment_method,False,False,True,True,False,False
txn_001856,cust_000041,2026-01-30T23:54:00,netbanking,Yes Bank,1372.04,59,1,23,23,fraud_suspected,True,delayed_retry@12,False,False,False,False,False,False
txn_001857,cust_000136,2026-02-25T06:41:00,upi,SBI,2579.09,82,0,6,5,invalid_details,False,do_nothing,False,False,False,False,False,True
txn_001858,cust_001153,2026-06-24T02:59:00,netbanking,Axis,2652.74,12,2,2,7,invalid_details,False,do_nothing,False,False,False,False,False,True
txn_001859,cust_001229,2026-05-29T18:56:00,card,IDFC,268.67,05,0,18,25,insufficient_funds,False,immediate_retry,False,False,False,True,True,True
txn_001860,cust_000269,2026-07-10T16:31:00,card,Axis,983.75,54,0,16,10,expired_card,False,do_nothing,False,False,False,False,False,False
txn_001861,cust_001198,2026-01-07T15:37:00,netbanking,Axis,3144.24,91,0,15,15,technical_bank_side,False,delayed_retry@12,False,False,True,False,False,False
txn_001862,cust_000336,2026-05-05T14:35:00,netbanking,Axis,2008.54,61,0,14,1,insufficient_funds,False,immediate_retry,False,False,False,False,True,False
txn_001863,cust_000531,2026-04-07T23:24:00,wallet,ICICI,4576.63,51,2,23,26,insufficient_funds,False,delayed_retry@12,False,False,False,False,False,False
txn_001864,cust_001371,2026-01-22T04:09:00,card,IDFC,499.17,51,1,4,11,insufficient_funds,False,delayed_retry@48,False,False,False,False,False,False
txn_001865,cust_000978,2026-05-12T01:10:00,upi,Kotak,1253.86,33,0,1,25,expired_card,False,delayed_retry@48,False,False,False,False,False,True
txn_001866,cust_001490,2026-04-17T13:48:00,upi,HDFC,1140.35,61,2,13,18,insufficient_funds,False,delayed_retry@12,False,False,False,False,False,False
txn_001867,cust_001322,2026-01-09T21:42:00,netbanking,SBI,1082.05,96,1,21,17,technical_bank_side,False,delayed_retry@12,False,False,True,False,True,False
txn_001868,cust_000382,2026-03-10T08:09:00,card,Yes Bank,741.48,63,0,8,17,fraud_suspected,True,prompt_new_payment_method,False,False,False,False,False,False
txn_001869,cust_000858,2026-01-30T19:55:00,card,ICICI,2304.59,05,0,19,8,technical_bank_side,False,immediate_retry,True,False,True,True,True,False
txn_001870,cust_000788,2026-06-11T07:05:00,card,Yes Bank,2335.11,51,3,7,2,insufficient_funds,False,do_nothing,False,False,False,False,False,False
txn_001871,cust_000407,2026-01-30T19:02:00,card,IDFC,381.47,54,1,19,9,expired_card,False,do_nothing,False,False,False,False,False,True
txn_001872,cust_000306,2026-05-18T13:19:00,card,IDFC,3695.85,33,1,13,24,expired_card,False,delayed_retry@48,False,False,False,False,False,False
txn_001873,cust_000545,2026-02-18T10:21:00,card,Kotak,1944.47,14,1,10,25,invalid_details,False,delayed_retry@48,False,False,False,False,False,False
txn_001874,cust_001411,2026-03-19T07:55:00,card,Kotak,480.34,59,0,7,17,fraud_suspected,True,immediate_retry,False,False,False,False,False,False
txn_001875,cust_000377,2026-04-28T23:14:00,upi,SBI,1183.74,91,0,23,6,technical_bank_side,False,do_nothing,False,False,True,True,False,False
txn_001876,cust_001067,2026-06-27T13:00:00,netbanking,Axis,1064.26,65,1,13,18,insufficient_funds,False,do_nothing,False,False,False,False,False,False
txn_001877,cust_001196,2026-02-24T17:32:00,netbanking,Yes Bank,663.67,05,3,17,1,technical_bank_side,False,prompt_new_payment_method,False,False,True,True,True,False
txn_001878,cust_000532,2026-06-08T21:59:00,upi,IDFC,2210.36,54,0,21,17,expired_card,False,delayed_retry@48,False,False,False,False,False,True
txn_001879,cust_000965,2026-02-20T22:43:00,card,Axis,4372.43,33,1,22,5,expired_card,False,delayed_retry@12,False,False,False,False,False,False
txn_001880,cust_001172,2026-06-13T05:21:00,netbanking,ICICI,4403.91,05,0,5,14,expired_card,False,delayed_retry@48,False,False,False,False,False,True
txn_001881,cust_000017,2026-06-11T18:25:00,wallet,Yes Bank,1601.39,96,0,18,25,technical_bank_side,False,do_nothing,True,True,True,True,True,False
txn_001882,cust_000993,2026-07-11T12:41:00,card,HDFC,403.94,05,0,12,19,technical_bank_side,False,delayed_retry@12,False,False,False,False,False,False
txn_001883,cust_000406,2026-03-11T06:50:00,card,HDFC,469.59,51,1,6,3,insufficient_funds,False,delayed_retry@12,False,False,False,False,True,False
txn_001884,cust_000310,2026-01-11T12:54:00,card,ICICI,1790.0,51,0,12,22,insufficient_funds,False,prompt_new_payment_method,False,False,False,False,True,False
txn_001885,cust_001141,2026-04-28T17:35:00,upi,SBI,548.56,12,0,17,25,invalid_details,False,immediate_retry,False,False,False,False,False,False
txn_001886,cust_000043,2026-02-20T03:20:00,card,HDFC,1433.97,14,1,3,24,invalid_details,False,prompt_new_payment_method,False,False,False,False,False,False
txn_001887,cust_000808,2026-05-11T19:15:00,card,Yes Bank,2400.64,51,2,19,20,insufficient_funds,False,prompt_new_payment_method,False,False,False,False,False,False
txn_001888,cust_001073,2026-01-23T18:48:00,upi,ICICI,3672.13,91,0,18,6,technical_bank_side,False,do_nothing,True,True,True,False,True,False
txn_001889,cust_000810,2026-07-12T13:36:00,upi,IDFC,4418.21,91,2,13,1,technical_bank_side,False,prompt_new_payment_method,False,False,False,False,False,False
txn_001890,cust_000872,2026-05-13T18:33:00,upi,Kotak,3825.27,96,1,18,3,technical_bank_side,False,delayed_retry@48,True,False,True,True,True,True
txn_001891,cust_000876,2026-07-20T06:28:00,upi,HDFC,794.39,05,1,6,4,fraud_suspected,True,immediate_retry,False,False,False,False,False,False
txn_001892,cust_000499,2026-01-02T10:52:00,card,Axis,473.25,54,3,10,12,expired_card,False,delayed_retry@48,False,False,False,False,False,False
txn_001893,cust_000570,2026-01-07T07:39:00,upi,HDFC,559.12,61,1,7,31,insufficient_funds,False,prompt_new_payment_method,False,True,False,True,False,False
txn_001894,cust_000063,2026-02-24T04:46:00,card,Kotak,266.9,34,2,4,19,fraud_suspected,True,delayed_retry@48,False,False,False,False,False,False
txn_001895,cust_000027,2026-05-24T15:56:00,card,SBI,2204.3,51,1,15,2,insufficient_funds,False,immediate_retry,False,False,False,False,False,False
txn_001896,cust_001025,2026-03-29T18:52:00,card,HDFC,1948.17,54,1,18,26,expired_card,False,do_nothing,False,False,False,False,False,False
txn_001897,cust_000423,2026-04-25T14:07:00,card,ICICI,494.27,51,0,14,26,insufficient_funds,False,do_nothing,False,False,True,True,False,True
txn_001898,cust_000533,2026-05-02T17:57:00,card,Axis,12643.41,51,0,17,21,insufficient_funds,False,immediate_retry,False,False,False,False,False,False
txn_001899,cust_000642,2026-06-05T05:05:00,upi,Kotak,1214.13,54,0,5,20,expired_card,False,immediate_retry,False,False,False,False,False,True
txn_001900,cust_000574,2026-01-18T00:28:00,card,IDFC,1861.82,54,1,0,7,expired_card,False,delayed_retry@48,False,False,False,False,False,False
txn_001901,cust_000053,2026-02-05T22:46:00,card,Yes Bank,1502.71,59,0,22,13,fraud_suspected,True,delayed_retry@48,False,False,False,False,False,False
txn_001902,cust_000554,2026-04-20T06:02:00,wallet,Kotak,696.99,51,0,6,9,insufficient_funds,False,prompt_new_payment_method,False,False,False,False,False,False
txn_001903,cust_000581,2026-02-23T02:56:00,upi,Yes Bank,1468.02,82,1,2,5,invalid_details,False,delayed_retry@48,False,False,False,False,False,True
txn_001904,cust_001173,2026-03-05T13:32:00,upi,SBI,1153.99,65,0,13,27,insufficient_funds,False,delayed_retry@48,False,False,False,True,False,False
txn_001905,cust_001309,2026-04-23T03:56:00,netbanking,HDFC,767.28,61,0,3,31,insufficient_funds,False,immediate_retry,True,False,True,True,False,False
txn_001906,cust_000111,2026-05-29T04:40:00,upi,SBI,7410.85,05,0,4,24,invalid_details,False,do_nothing,False,False,False,False,False,False
txn_001907,cust_001264,2026-01-18T15:23:00,upi,Kotak,2681.95,54,0,15,29,expired_card,False,immediate_retry,False,False,False,False,False,False
txn_001908,cust_000455,2026-06-21T15:43:00,upi,IDFC,958.73,65,1,15,22,insufficient_funds,False,immediate_retry,False,False,False,False,False,False
txn_001909,cust_000589,2026-04-01T22:14:00,card,Axis,1673.28,51,0,22,19,insufficient_funds,False,delayed_retry@12,False,False,False,False,False,False
txn_001910,cust_000670,2026-01-01T18:35:00,card,HDFC,708.11,96,0,18,12,technical_bank_side,False,immediate_retry,False,False,False,True,False,False
txn_001911,cust_000676,2026-02-16T01:53:00,wallet,HDFC,5027.08,51,0,1,9,insufficient_funds,False,prompt_new_payment_method,False,False,False,False,False,False
txn_001912,cust_001496,2026-07-17T21:08:00,netbanking,HDFC,169.95,96,0,21,14,technical_bank_side,False,do_nothing,True,True,True,True,True,False
txn_001913,cust_000643,2026-03-30T03:17:00,netbanking,Kotak,3688.47,91,0,3,12,fraud_suspected,False,delayed_retry@48,False,False,True,True,False,False
txn_001914,cust_000357,2026-05-16T11:20:00,card,Axis,1445.92,51,2,11,16,insufficient_funds,False,do_nothing,False,False,False,False,False,False
txn_001915,cust_001206,2026-06-06T04:39:00,card,HDFC,3037.5,14,1,4,18,invalid_details,False,do_nothing,False,False,False,False,False,False
txn_001916,cust_001112,2026-01-08T02:40:00,upi,Axis,1666.8,96,1,2,3,technical_bank_side,False,prompt_new_payment_method,False,False,False,True,True,False
txn_001917,cust_000310,2026-01-08T17:19:00,netbanking,HDFC,1865.05,12,0,17,8,invalid_details,False,do_nothing,False,False,False,False,False,False
txn_001918,cust_000080,2026-04-01T11:57:00,card,Kotak,294.45,51,1,11,26,invalid_details,False,delayed_retry@12,False,False,False,False,False,False
txn_001919,cust_000710,2026-06-13T10:17:00,card,HDFC,1901.58,54,2,10,18,expired_card,False,delayed_retry@12,False,False,False,False,False,True
txn_001920,cust_000250,2026-07-17T20:56:00,card,Axis,3204.54,54,1,20,16,expired_card,False,do_nothing,False,False,False,False,False,True
txn_001921,cust_000401,2026-07-11T23:49:00,netbanking,Yes Bank,4363.13,54,2,23,16,expired_card,False,delayed_retry@48,False,True,False,False,False,True
txn_001922,cust_000102,2026-01-31T17:01:00,netbanking,ICICI,10012.82,51,1,17,5,insufficient_funds,False,immediate_retry,False,False,False,False,False,False
txn_001923,cust_000945,2026-07-05T14:08:00,upi,SBI,2110.94,33,0,14,24,expired_card,False,delayed_retry@12,False,False,False,False,False,False
txn_001924,cust_001151,2026-01-26T03:09:00,card,ICICI,1540.82,65,1,3,23,insufficient_funds,False,prompt_new_payment_method,False,False,False,False,True,False
txn_001925,cust_000074,2026-06-24T11:23:00,card,Kotak,929.58,82,0,11,5,invalid_details,False,do_nothing,False,False,False,False,False,True
txn_001926,cust_000720,2026-06-23T14:37:00,upi,IDFC,5995.72,96,0,14,4,technical_bank_side,False,delayed_retry@12,True,False,True,True,True,True
txn_001927,cust_001472,2026-03-16T02:22:00,card,ICICI,426.36,59,0,2,20,fraud_suspected,True,immediate_retry,False,False,False,False,False,False
txn_001928,cust_001432,2026-03-30T06:13:00,upi,Yes Bank,298.22,51,1,6,7,insufficient_funds,False,prompt_new_payment_method,False,False,False,True,False,False
txn_001929,cust_000216,2026-03-08T05:17:00,netbanking,Kotak,5687.2,54,0,5,2,expired_card,False,do_nothing,False,False,False,False,False,True
txn_001930,cust_000127,2026-02-08T11:05:00,card,Yes Bank,1060.1,51,1,11,12,insufficient_funds,False,delayed_retry@12,False,False,False,False,False,False
txn_001931,cust_001307,2026-04-17T07:52:00,card,ICICI,988.0,14,3,7,14,invalid_details,False,delayed_retry@12,False,False,False,False,False,True
txn_001932,cust_000488,2026-07-14T21:01:00,card,Yes Bank,3141.26,54,0,21,26,fraud_suspected,False,immediate_retry,False,False,False,False,False,False
txn_001933,cust_000613,2026-05-19T03:18:00,card,SBI,3322.88,54,0,3,19,expired_card,False,delayed_retry@12,False,False,False,False,False,False
txn_001934,cust_000508,2026-05-12T10:08:00,upi,HDFC,3251.12,05,0,10,26,insufficient_funds,False,delayed_retry@48,True,False,False,False,True,False
txn_001935,cust_001157,2026-01-17T05:02:00,card,HDFC,1193.07,51,1,5,3,insufficient_funds,False,prompt_new_payment_method,False,False,True,False,True,False
txn_001936,cust_001240,2026-05-25T05:05:00,upi,Axis,565.81,51,0,5,27,insufficient_funds,False,delayed_retry@12,True,False,False,True,False,False
txn_001937,cust_000102,2026-03-08T02:28:00,upi,ICICI,4706.48,51,0,2,15,insufficient_funds,False,prompt_new_payment_method,False,False,False,False,False,False
txn_001938,cust_001288,2026-01-04T07:00:00,wallet,HDFC,444.65,05,0,7,20,technical_bank_side,False,do_nothing,False,False,True,False,False,False
txn_001939,cust_000072,2026-02-27T14:44:00,card,Yes Bank,4140.64,63,1,14,24,fraud_suspected,True,immediate_retry,False,False,False,False,False,False
txn_001940,cust_000876,2026-06-04T06:35:00,card,Axis,2594.97,14,0,6,22,invalid_details,False,prompt_new_payment_method,False,False,False,False,False,False
txn_001941,cust_001093,2026-03-19T08:40:00,upi,ICICI,1959.0,14,0,8,7,invalid_details,False,delayed_retry@12,False,False,False,False,False,False
txn_001942,cust_001327,2026-03-02T04:20:00,upi,Kotak,651.91,05,0,4,25,technical_bank_side,False,delayed_retry@48,True,False,True,True,True,False
txn_001943,cust_000833,2026-02-24T01:30:00,wallet,Yes Bank,883.9,05,0,1,15,technical_bank_side,False,delayed_retry@48,False,False,True,True,False,False
txn_001944,cust_000325,2026-01-25T23:29:00,card,IDFC,3002.12,05,2,23,23,insufficient_funds,False,prompt_new_payment_method,False,False,False,False,False,False
txn_001945,cust_001133,2026-07-12T14:56:00,wallet,Axis,1990.63,59,2,14,23,fraud_suspected,True,do_nothing,False,False,False,False,False,False
txn_001946,cust_000744,2026-06-23T08:53:00,upi,Axis,4432.37,51,1,8,22,insufficient_funds,False,delayed_retry@48,False,False,False,True,False,False
txn_001947,cust_000337,2026-01-04T15:02:00,card,Axis,563.77,51,0,15,23,insufficient_funds,False,immediate_retry,False,False,False,False,False,False
txn_001948,cust_000337,2026-02-17T01:27:00,upi,Yes Bank,1464.44,05,0,1,15,insufficient_funds,False,delayed_retry@48,False,False,False,False,False,False
txn_001949,cust_001366,2026-02-02T00:03:00,netbanking,ICICI,1187.4,54,2,0,25,expired_card,False,do_nothing,False,False,False,False,False,True
txn_001950,cust_001384,2026-02-18T16:18:00,card,Yes Bank,884.78,61,2,16,15,insufficient_funds,False,delayed_retry@12,False,False,True,False,True,True
txn_001951,cust_000474,2026-02-16T23:02:00,upi,SBI,552.61,96,0,23,23,technical_bank_side,False,prompt_new_payment_method,False,False,False,False,True,False
txn_001952,cust_000543,2026-03-17T00:23:00,netbanking,ICICI,1010.38,54,3,0,6,expired_card,False,immediate_retry,False,True,False,False,False,False
txn_001953,cust_000365,2026-06-09T17:36:00,netbanking,SBI,317.76,05,0,17,11,fraud_suspected,True,immediate_retry,False,False,False,False,False,False
txn_001954,cust_000977,2026-04-28T10:13:00,upi,Yes Bank,852.36,51,1,10,5,insufficient_funds,False,do_nothing,False,False,False,False,False,False
txn_001955,cust_000561,2026-05-31T18:11:00,wallet,ICICI,4602.69,82,0,18,24,invalid_details,False,immediate_retry,False,False,False,False,False,False
txn_001956,cust_001249,2026-06-07T15:14:00,netbanking,SBI,6422.28,54,0,15,18,expired_card,False,delayed_retry@12,False,False,False,False,False,False
txn_001957,cust_000177,2026-04-04T13:07:00,upi,Yes Bank,7171.51,51,0,13,14,technical_bank_side,False,do_nothing,False,False,True,True,False,False
txn_001958,cust_001209,2026-07-02T16:12:00,card,IDFC,662.27,91,2,16,28,technical_bank_side,False,delayed_retry@12,True,False,False,True,False,False
txn_001959,cust_000680,2026-03-20T12:46:00,netbanking,Kotak,2706.28,54,1,12,14,expired_card,False,immediate_retry,False,False,False,False,False,False
txn_001960,cust_000362,2026-04-19T23:25:00,wallet,Axis,537.55,82,0,23,23,invalid_details,False,do_nothing,False,False,False,False,False,False
txn_001961,cust_000495,2026-01-15T13:13:00,netbanking,HDFC,1180.19,96,0,13,14,technical_bank_side,False,delayed_retry@48,False,False,True,True,False,False
txn_001962,cust_000336,2026-01-04T05:13:00,card,IDFC,2525.55,05,0,5,9,insufficient_funds,False,immediate_retry,False,False,False,False,False,False
txn_001963,cust_001331,2026-01-12T06:49:00,upi,SBI,1962.21,51,0,6,13,insufficient_funds,False,prompt_new_payment_method,False,False,False,False,False,False
txn_001964,cust_000032,2026-07-20T05:51:00,netbanking,IDFC,2246.56,33,2,5,5,expired_card,False,immediate_retry,False,False,False,False,False,False
txn_001965,cust_001485,2026-01-01T08:36:00,card,IDFC,1594.8,51,0,8,16,insufficient_funds,False,prompt_new_payment_method,True,False,False,True,True,True
txn_001966,cust_000753,2026-04-05T06:25:00,card,IDFC,516.75,51,2,6,10,insufficient_funds,False,delayed_retry@48,False,False,False,False,False,False
txn_001967,cust_000022,2026-04-02T10:04:00,card,ICICI,3881.63,14,0,10,24,invalid_details,False,do_nothing,False,False,False,False,False,False
txn_001968,cust_000722,2026-06-21T18:13:00,upi,IDFC,365.85,59,1,18,22,fraud_suspected,True,delayed_retry@12,False,False,False,False,False,False
txn_001969,cust_000058,2026-06-12T01:51:00,netbanking,Yes Bank,231.77,33,0,1,4,expired_card,False,delayed_retry@48,False,False,False,False,False,True
txn_001970,cust_000167,2026-03-04T18:36:00,card,HDFC,682.73,05,0,18,25,insufficient_funds,False,do_nothing,False,False,True,False,True,False
txn_001971,cust_000356,2026-01-12T09:47:00,card,Yes Bank,1474.07,34,1,9,23,fraud_suspected,True,delayed_retry@12,False,False,False,False,False,False
txn_001972,cust_000435,2026-03-10T19:56:00,card,ICICI,747.84,91,0,19,31,technical_bank_side,False,delayed_retry@48,True,False,True,True,True,True
txn_001973,cust_000012,2026-05-17T20:57:00,card,Yes Bank,1334.56,91,1,20,16,technical_bank_side,False,prompt_new_payment_method,False,False,False,False,False,False
txn_001974,cust_000128,2026-05-02T22:06:00,card,Axis,2956.54,91,0,22,7,technical_bank_side,False,delayed_retry@48,True,False,False,True,True,False
txn_001975,cust_000714,2026-01-16T06:28:00,upi,SBI,264.37,51,2,6,8,technical_bank_side,False,do_nothing,False,False,False,False,False,False
txn_001976,cust_001099,2026-02-09T14:20:00,upi,Axis,1000.81,05,0,14,18,expired_card,False,delayed_retry@48,False,False,True,True,False,False
txn_001977,cust_000673,2026-06-26T00:02:00,upi,IDFC,1677.51,51,2,0,25,technical_bank_side,False,immediate_retry,False,False,False,False,False,False
txn_001978,cust_001045,2026-01-08T10:14:00,upi,Yes Bank,799.05,61,0,10,5,insufficient_funds,False,delayed_retry@12,False,False,True,False,True,True
txn_001979,cust_000083,2026-01-28T14:01:00,card,SBI,2496.28,51,0,14,8,insufficient_funds,False,delayed_retry@12,True,False,False,True,False,False
txn_001980,cust_000685,2026-04-26T14:34:00,card,SBI,2431.06,91,1,14,14,expired_card,False,immediate_retry,False,False,False,False,True,False
txn_001981,cust_000025,2026-05-24T00:44:00,upi,Yes Bank,1148.06,51,0,0,7,insufficient_funds,False,delayed_retry@12,True,False,True,True,True,True
txn_001982,cust_000548,2026-04-01T01:11:00,card,Axis,1624.35,54,3,1,7,expired_card,False,delayed_retry@12,False,False,False,False,False,False
txn_001983,cust_000601,2026-06-29T21:43:00,card,HDFC,2894.34,51,1,21,6,insufficient_funds,False,delayed_retry@12,True,False,False,True,True,False
txn_001984,cust_001444,2026-04-28T19:44:00,upi,Axis,581.47,54,1,19,25,expired_card,False,do_nothing,False,False,False,False,False,True
txn_001985,cust_001277,2026-05-19T07:22:00,netbanking,Yes Bank,2831.55,61,0,7,29,insufficient_funds,False,delayed_retry@12,False,False,False,False,True,False
txn_001986,cust_000356,2026-05-03T13:46:00,wallet,Yes Bank,1348.56,12,3,13,18,invalid_details,False,do_nothing,False,False,False,False,False,False
txn_001987,cust_000167,2026-02-18T03:38:00,wallet,Yes Bank,3189.16,05,1,3,7,expired_card,False,prompt_new_payment_method,True,False,False,False,False,True
txn_001988,cust_000576,2026-03-15T06:23:00,card,Kotak,4698.24,51,1,6,15,technical_bank_side,False,prompt_new_payment_method,False,False,False,True,False,False
txn_001989,cust_001324,2026-03-11T14:22:00,card,Kotak,275.61,91,0,14,15,technical_bank_side,False,delayed_retry@12,True,False,True,True,False,False
txn_001990,cust_000328,2026-01-14T21:39:00,netbanking,Yes Bank,858.13,51,1,21,21,insufficient_funds,False,do_nothing,False,False,True,True,True,False
txn_001991,cust_000361,2026-07-11T22:34:00,upi,SBI,809.26,59,0,22,13,fraud_suspected,True,delayed_retry@48,False,False,False,False,False,True
txn_001992,cust_000389,2026-06-10T14:18:00,card,IDFC,7173.27,61,0,14,25,insufficient_funds,False,do_nothing,False,False,False,False,False,False
txn_001993,cust_001335,2026-07-14T22:30:00,card,HDFC,3242.87,05,1,22,8,technical_bank_side,False,prompt_new_payment_method,True,False,False,True,True,True
txn_001994,cust_000166,2026-01-13T02:46:00,card,Axis,825.46,05,1,2,20,insufficient_funds,False,delayed_retry@48,False,False,False,False,False,False
txn_001995,cust_000813,2026-01-19T07:33:00,upi,HDFC,1431.41,96,0,7,17,technical_bank_side,False,immediate_retry,True,False,True,False,False,True
txn_001996,cust_000782,2026-01-06T09:49:00,card,SBI,395.65,51,1,9,8,technical_bank_side,False,do_nothing,False,False,False,False,False,False
txn_001997,cust_000192,2026-06-20T07:31:00,card,IDFC,1034.59,14,2,7,22,invalid_details,False,do_nothing,False,False,False,False,False,True
txn_001998,cust_000700,2026-01-18T17:02:00,card,Axis,845.24,91,3,17,21,technical_bank_side,False,prompt_new_payment_method,False,False,True,False,False,False
txn_001999,cust_001229,2026-07-04T20:17:00,upi,Axis,4980.46,14,0,20,26,invalid_details,False,delayed_retry@12,False,False,False,False,False,False
txn_002000,cust_000744,2026-01-08T21:27:00,netbanking,SBI,2741.75,61,1,21,4,insufficient_funds,False,prompt_new_payment_method,True,True,False,True,True,True
txn_002001,cust_000041,2026-06-28T04:17:00,card,Kotak,775.0,05,0,4,6,expired_card,False,do_nothing,False,False,False,False,False,True
txn_002002,cust_001243,2026-04-05T04:50:00,upi,SBI,1332.33,51,0,4,2,technical_bank_side,False,do_nothing,False,False,True,True,False,False
txn_002003,cust_000042,2026-07-12T09:44:00,netbanking,IDFC,12261.17,05,1,9,10,insufficient_funds,False,delayed_retry@48,False,True,False,False,False,False
txn_002004,cust_000915,2026-01-16T06:30:00,upi,Kotak,942.37,91,0,6,3,technical_bank_side,False,delayed_retry@12,True,False,True,True,True,False
txn_002005,cust_000644,2026-07-14T08:25:00,card,Axis,561.67,12,0,8,26,invalid_details,False,delayed_retry@12,False,False,False,False,False,False
txn_002006,cust_001292,2026-03-20T20:26:00,upi,Axis,1819.59,05,0,20,22,insufficient_funds,False,prompt_new_payment_method,False,False,False,False,False,False
txn_002007,cust_001142,2026-07-20T23:23:00,card,Axis,3818.0,65,1,23,25,insufficient_funds,False,immediate_retry,False,False,False,False,True,False
txn_002008,cust_001304,2026-01-24T08:22:00,card,ICICI,692.24,05,1,8,31,insufficient_funds,False,prompt_new_payment_method,True,False,False,True,True,True
txn_002009,cust_000769,2026-04-22T02:27:00,card,Yes Bank,1358.69,33,2,2,31,expired_card,False,do_nothing,False,False,False,False,False,False
txn_002010,cust_001460,2026-06-17T22:59:00,upi,ICICI,494.85,14,0,22,24,invalid_details,False,do_nothing,False,False,False,False,False,True
txn_002011,cust_000325,2026-06-07T04:57:00,card,ICICI,4477.28,51,2,4,18,insufficient_funds,False,prompt_new_payment_method,True,False,False,True,True,True
txn_002012,cust_001012,2026-07-20T14:47:00,netbanking,Kotak,4101.1,51,0,14,7,insufficient_funds,False,immediate_retry,False,False,False,False,False,False
txn_002013,cust_001288,2026-03-27T23:17:00,card,Kotak,1867.98,14,0,23,24,invalid_details,False,do_nothing,True,True,False,True,False,True
txn_002014,cust_000276,2026-01-24T19:44:00,card,Axis,914.96,96,0,19,11,technical_bank_side,False,delayed_retry@48,False,False,True,False,False,False
txn_002015,cust_000356,2026-05-31T23:11:00,netbanking,Axis,574.91,12,2,23,19,invalid_details,False,immediate_retry,False,False,False,False,False,False
txn_002016,cust_000995,2026-07-17T16:16:00,card,Kotak,3550.87,51,0,16,1,technical_bank_side,False,prompt_new_payment_method,False,False,True,True,True,False
txn_002017,cust_001081,2026-02-01T04:22:00,card,SBI,776.74,54,1,4,31,expired_card,False,delayed_retry@12,False,False,False,False,False,False
txn_002018,cust_000662,2026-04-19T06:59:00,upi,SBI,11352.41,91,1,6,13,technical_bank_side,False,immediate_retry,True,False,True,True,True,False
txn_002019,cust_000735,2026-02-07T06:40:00,upi,SBI,96.03,61,0,6,18,insufficient_funds,False,immediate_retry,False,False,False,True,True,False
txn_002020,cust_000164,2026-03-27T07:40:00,upi,IDFC,290.65,51,1,7,1,insufficient_funds,False,delayed_retry@12,False,True,False,False,False,False
txn_002021,cust_001185,2026-01-05T17:36:00,netbanking,Kotak,1144.72,51,0,17,9,insufficient_funds,False,prompt_new_payment_method,False,False,False,False,False,False
txn_002022,cust_000565,2026-01-02T19:47:00,card,Kotak,1572.5,91,2,19,19,technical_bank_side,False,delayed_retry@12,True,True,True,True,True,True
txn_002023,cust_000785,2026-05-04T05:14:00,wallet,ICICI,1542.48,51,0,5,29,insufficient_funds,False,prompt_new_payment_method,False,False,False,False,True,False
txn_002024,cust_001256,2026-01-17T21:52:00,card,Kotak,2359.68,05,2,21,5,expired_card,False,delayed_retry@12,False,False,False,False,False,True
txn_002025,cust_000625,2026-06-11T22:47:00,upi,HDFC,8912.69,51,0,22,25,insufficient_funds,False,delayed_retry@48,True,False,False,True,True,False
txn_002026,cust_000663,2026-06-29T22:13:00,card,Axis,2438.41,05,0,22,6,expired_card,False,delayed_retry@12,False,False,False,False,False,True
txn_002027,cust_000266,2026-04-24T12:14:00,card,HDFC,2475.67,33,1,12,4,expired_card,False,do_nothing,False,False,False,False,False,True
txn_002028,cust_000142,2026-03-17T11:16:00,upi,IDFC,450.92,14,1,11,1,invalid_details,False,delayed_retry@12,False,False,False,False,False,True
txn_002029,cust_000590,2026-04-27T13:50:00,upi,Kotak,150.64,96,0,13,2,technical_bank_side,False,delayed_retry@48,True,False,True,True,True,True
txn_002030,cust_000662,2026-02-16T17:05:00,netbanking,SBI,483.02,05,0,17,25,technical_bank_side,False,delayed_retry@12,False,False,True,False,False,False
txn_002031,cust_000764,2026-01-31T01:52:00,upi,Yes Bank,1213.55,82,0,1,8,invalid_details,False,do_nothing,False,False,False,False,False,False
txn_002032,cust_001044,2026-06-13T13:29:00,card,Axis,946.43,05,1,13,2,insufficient_funds,False,delayed_retry@48,False,False,False,False,False,False
txn_002033,cust_001271,2026-03-11T02:40:00,card,Kotak,81.03,54,0,2,8,expired_card,False,immediate_retry,False,False,False,False,False,False
txn_002034,cust_000699,2026-04-05T20:14:00,card,IDFC,909.43,51,1,20,12,insufficient_funds,False,immediate_retry,False,False,False,False,False,False
txn_002035,cust_001281,2026-03-18T18:16:00,card,SBI,217.95,14,0,18,6,invalid_details,False,immediate_retry,False,False,False,False,False,False
txn_002036,cust_000546,2026-05-06T19:31:00,upi,ICICI,884.31,51,1,19,14,insufficient_funds,False,delayed_retry@48,True,True,False,True,True,True
txn_002037,cust_001339,2026-01-07T14:58:00,upi,HDFC,3295.92,59,0,14,3,fraud_suspected,True,delayed_retry@48,False,False,False,False,False,False
txn_002038,cust_001151,2026-05-05T07:44:00,card,SBI,2172.14,51,2,7,30,technical_bank_side,False,do_nothing,False,False,False,False,False,False
txn_002039,cust_000591,2026-03-21T14:11:00,card,IDFC,1429.64,91,1,14,8,technical_bank_side,False,prompt_new_payment_method,False,False,True,False,True,False
txn_002040,cust_001090,2026-01-07T18:00:00,card,ICICI,666.32,96,0,18,5,technical_bank_side,False,immediate_retry,True,True,True,True,False,False
txn_002041,cust_000383,2026-06-22T17:56:00,upi,Yes Bank,934.83,51,0,17,19,insufficient_funds,False,do_nothing,False,False,False,True,True,False
txn_002042,cust_000622,2026-05-09T06:55:00,upi,IDFC,1514.15,51,0,6,23,insufficient_funds,False,delayed_retry@12,False,False,False,False,True,False
txn_002043,cust_001147,2026-04-08T15:21:00,upi,SBI,368.61,05,1,15,6,insufficient_funds,False,delayed_retry@48,False,False,False,False,False,False
txn_002044,cust_000415,2026-05-05T12:42:00,card,Yes Bank,1197.39,61,0,12,6,fraud_suspected,False,do_nothing,False,False,False,False,False,False
txn_002045,cust_000206,2026-02-05T17:05:00,upi,Axis,544.87,12,0,17,22,invalid_details,False,immediate_retry,False,False,False,False,False,False
txn_002046,cust_000492,2026-07-04T18:20:00,netbanking,IDFC,1325.17,59,2,18,4,fraud_suspected,True,do_nothing,False,False,False,False,False,False
txn_002047,cust_000373,2026-06-13T18:21:00,netbanking,Kotak,421.54,51,1,18,6,insufficient_funds,False,do_nothing,False,False,False,False,False,False
txn_002048,cust_000788,2026-07-13T00:54:00,card,Axis,1763.22,51,2,0,11,insufficient_funds,False,do_nothing,True,True,False,True,False,False
txn_002049,cust_000379,2026-05-12T17:08:00,upi,Kotak,3305.32,96,3,17,20,technical_bank_side,False,do_nothing,False,False,False,False,False,False
txn_002050,cust_000249,2026-01-24T10:36:00,card,Yes Bank,929.92,05,0,10,9,insufficient_funds,False,immediate_retry,False,False,False,False,True,False
txn_002051,cust_000705,2026-01-29T13:49:00,upi,ICICI,1671.05,91,1,13,27,technical_bank_side,False,do_nothing,False,False,True,True,False,False
txn_002052,cust_000414,2026-01-22T06:05:00,card,IDFC,682.64,51,3,6,29,insufficient_funds,False,immediate_retry,False,False,False,False,False,False
txn_002053,cust_000859,2026-05-21T14:02:00,wallet,SBI,752.04,05,2,14,13,fraud_suspected,True,delayed_retry@12,False,False,False,False,False,False
txn_002054,cust_001495,2026-01-02T12:48:00,card,Kotak,607.13,96,1,12,12,technical_bank_side,False,do_nothing,False,False,False,False,False,False
txn_002055,cust_001457,2026-01-03T17:43:00,card,Yes Bank,749.45,82,1,17,12,invalid_details,False,do_nothing,False,False,False,False,False,False
txn_002056,cust_000763,2026-03-19T20:34:00,upi,ICICI,242.15,51,0,20,27,insufficient_funds,False,do_nothing,True,True,False,True,False,False
txn_002057,cust_000718,2026-07-03T01:34:00,card,Axis,300.44,65,2,1,14,insufficient_funds,False,do_nothing,False,False,False,False,False,False
txn_002058,cust_000051,2026-01-24T09:57:00,card,ICICI,3541.9,54,1,9,29,expired_card,False,immediate_retry,False,False,False,False,False,False
txn_002059,cust_000526,2026-02-08T05:15:00,upi,Yes Bank,612.83,54,3,5,31,expired_card,False,delayed_retry@48,False,False,False,False,False,False
txn_002060,cust_000050,2026-06-16T18:57:00,upi,Axis,661.38,05,0,18,10,technical_bank_side,False,prompt_new_payment_method,False,False,False,False,False,False
txn_002061,cust_001452,2026-04-15T02:09:00,card,Axis,945.02,61,0,2,19,insufficient_funds,False,do_nothing,False,False,False,False,False,True
txn_002062,cust_000653,2026-07-20T08:49:00,card,Axis,1943.41,05,0,8,4,insufficient_funds,False,do_nothing,False,False,False,False,False,False
txn_002063,cust_001438,2026-06-28T10:55:00,upi,Kotak,6513.25,63,0,10,28,fraud_suspected,True,prompt_new_payment_method,False,False,False,False,False,False
txn_002064,cust_000442,2026-05-28T06:56:00,card,Yes Bank,352.3,51,0,6,26,insufficient_funds,False,prompt_new_payment_method,False,False,False,False,False,False
txn_002065,cust_001426,2026-03-28T18:45:00,upi,ICICI,853.72,59,0,18,2,fraud_suspected,True,delayed_retry@48,False,False,False,False,False,False
txn_002066,cust_000636,2026-02-23T17:41:00,card,Axis,5719.11,14,1,17,10,invalid_details,False,do_nothing,False,False,False,False,False,True
txn_002067,cust_001079,2026-03-16T20:01:00,wallet,Kotak,119.03,05,0,20,24,insufficient_funds,False,immediate_retry,False,False,False,False,False,False
txn_002068,cust_001266,2026-06-05T17:37:00,wallet,Kotak,57.16,05,1,17,21,fraud_suspected,True,delayed_retry@48,False,False,False,False,False,False
txn_002069,cust_000393,2026-04-28T05:54:00,upi,Yes Bank,4463.52,51,0,5,5,insufficient_funds,False,immediate_retry,False,False,False,False,False,False
txn_002070,cust_000180,2026-06-30T16:33:00,upi,Yes Bank,6317.85,96,1,16,25,technical_bank_side,False,delayed_retry@12,False,False,True,False,False,False
txn_002071,cust_000529,2026-07-16T04:58:00,card,HDFC,464.63,54,1,4,10,expired_card,False,do_nothing,False,False,False,False,False,False
txn_002072,cust_000129,2026-04-01T07:33:00,card,SBI,151.48,91,1,7,16,technical_bank_side,False,delayed_retry@12,False,False,True,False,True,False
txn_002073,cust_000262,2026-03-22T09:48:00,upi,Yes Bank,2308.99,51,0,9,30,insufficient_funds,False,delayed_retry@48,True,False,False,True,True,False
txn_002074,cust_000580,2026-02-26T12:49:00,upi,IDFC,804.29,51,2,12,27,insufficient_funds,False,delayed_retry@48,False,False,False,False,False,False
txn_002075,cust_000138,2026-05-16T20:45:00,upi,ICICI,2137.62,54,0,20,30,expired_card,False,delayed_retry@48,False,False,False,False,False,False
txn_002076,cust_000313,2026-01-11T10:30:00,card,SBI,2464.75,12,2,10,6,invalid_details,False,delayed_retry@48,False,False,False,False,False,False
txn_002077,cust_000646,2026-06-03T11:42:00,card,Axis,1412.2,96,1,11,5,technical_bank_side,False,prompt_new_payment_method,False,False,False,False,False,False
txn_002078,cust_000408,2026-02-28T15:29:00,upi,IDFC,938.53,05,3,15,4,insufficient_funds,False,do_nothing,False,False,True,True,True,False
txn_002079,cust_000631,2026-01-04T10:45:00,netbanking,ICICI,1278.61,51,0,10,13,insufficient_funds,False,immediate_retry,False,False,False,True,True,False
txn_002080,cust_001120,2026-01-02T07:09:00,upi,ICICI,170.08,91,1,7,31,technical_bank_side,False,delayed_retry@12,False,False,False,False,False,False
txn_002081,cust_001477,2026-01-14T13:47:00,card,Axis,1244.09,51,2,13,19,insufficient_funds,False,delayed_retry@48,False,False,False,True,False,False
txn_002082,cust_000258,2026-01-22T00:18:00,upi,Axis,1833.74,51,0,0,24,insufficient_funds,False,prompt_new_payment_method,False,False,True,False,False,False
txn_002083,cust_001139,2026-04-03T18:51:00,card,HDFC,168.15,61,1,18,24,insufficient_funds,False,delayed_retry@48,False,False,False,False,False,False
txn_002084,cust_001443,2026-01-25T11:01:00,upi,Yes Bank,732.43,61,1,11,21,insufficient_funds,False,do_nothing,False,False,False,False,False,False
txn_002085,cust_001016,2026-06-08T09:19:00,upi,Axis,1012.33,61,3,9,3,insufficient_funds,False,do_nothing,False,False,False,False,False,False
txn_002086,cust_000649,2026-05-30T20:01:00,upi,IDFC,4848.78,51,2,20,13,insufficient_funds,False,delayed_retry@48,False,False,False,False,False,False
txn_002087,cust_000314,2026-01-15T04:47:00,card,Yes Bank,2004.65,51,0,4,8,insufficient_funds,False,immediate_retry,True,False,True,True,True,False
txn_002088,cust_000525,2026-06-07T01:56:00,upi,SBI,751.08,54,2,1,16,expired_card,False,delayed_retry@12,False,False,False,False,False,False
txn_002089,cust_000961,2026-04-13T02:21:00,card,IDFC,569.19,33,3,2,13,expired_card,False,delayed_retry@48,False,True,False,False,False,True
txn_002090,cust_001328,2026-03-26T09:26:00,wallet,Kotak,835.95,12,0,9,1,invalid_details,False,delayed_retry@12,False,False,False,False,False,False
txn_002091,cust_000589,2026-01-15T18:06:00,wallet,SBI,2114.04,51,3,18,12,insufficient_funds,False,do_nothing,False,False,False,True,False,False
txn_002092,cust_000657,2026-06-27T15:02:00,upi,ICICI,4621.08,51,0,15,24,insufficient_funds,False,prompt_new_payment_method,False,False,True,True,True,False
txn_002093,cust_000238,2026-01-27T23:09:00,upi,HDFC,23892.15,61,0,23,13,insufficient_funds,False,delayed_retry@48,False,False,False,True,False,True
txn_002094,cust_000724,2026-01-04T20:35:00,upi,Yes Bank,193.7,63,3,20,22,fraud_suspected,True,do_nothing,False,False,False,False,False,False
txn_002095,cust_000226,2026-01-26T00:49:00,upi,Yes Bank,2926.27,14,0,0,20,invalid_details,False,immediate_retry,False,False,False,False,False,True
txn_002096,cust_000644,2026-01-18T11:55:00,card,SBI,1138.29,51,1,11,25,insufficient_funds,False,delayed_retry@12,True,False,False,True,False,False
txn_002097,cust_001243,2026-04-06T08:39:00,card,SBI,666.23,63,2,8,6,fraud_suspected,True,immediate_retry,False,False,False,False,False,False
txn_002098,cust_000555,2026-07-05T01:52:00,upi,IDFC,7066.24,14,0,1,26,invalid_details,False,delayed_retry@12,False,False,False,False,False,False
txn_002099,cust_001228,2026-05-09T20:15:00,card,HDFC,482.98,33,0,20,16,expired_card,False,delayed_retry@12,False,False,False,False,False,True
txn_002100,cust_001083,2026-02-17T02:31:00,upi,Axis,388.11,91,3,2,3,technical_bank_side,False,prompt_new_payment_method,False,False,False,False,False,False
txn_002101,cust_001102,2026-03-04T10:29:00,card,Axis,1885.19,05,0,10,29,technical_bank_side,False,delayed_retry@12,True,True,True,True,False,True
txn_002102,cust_000816,2026-06-08T10:09:00,card,HDFC,655.73,51,0,10,25,insufficient_funds,False,delayed_retry@48,True,False,False,True,True,False
txn_002103,cust_001463,2026-04-14T08:42:00,card,ICICI,1460.0,51,0,8,2,insufficient_funds,False,do_nothing,False,False,True,True,True,False
txn_002104,cust_000668,2026-05-05T06:47:00,card,Kotak,17522.29,14,0,6,17,invalid_details,False,prompt_new_payment_method,False,False,False,False,False,False
txn_002105,cust_000704,2026-01-25T11:21:00,upi,SBI,2657.33,61,0,11,5,insufficient_funds,False,delayed_retry@12,False,False,False,False,False,False
txn_002106,cust_001406,2026-02-28T23:23:00,upi,ICICI,330.64,91,3,23,27,technical_bank_side,False,delayed_retry@48,False,False,False,False,False,False
txn_002107,cust_001241,2026-06-03T20:55:00,netbanking,IDFC,2585.34,51,1,20,4,insufficient_funds,False,prompt_new_payment_method,False,False,False,False,False,False
txn_002108,cust_000413,2026-07-18T15:41:00,wallet,ICICI,3239.0,51,1,15,15,technical_bank_side,False,delayed_retry@48,False,False,False,True,False,False
txn_002109,cust_000018,2026-05-14T17:20:00,upi,Kotak,193.41,51,2,17,5,insufficient_funds,False,prompt_new_payment_method,False,False,False,False,False,False
txn_002110,cust_000376,2026-02-27T07:04:00,wallet,Kotak,3526.8,12,1,7,3,invalid_details,False,delayed_retry@48,False,False,False,False,False,False
txn_002111,cust_000140,2026-07-13T22:59:00,upi,IDFC,3222.73,61,2,22,4,insufficient_funds,False,delayed_retry@12,False,False,False,False,True,False
txn_002112,cust_000063,2026-07-18T02:56:00,upi,IDFC,351.64,91,1,2,27,technical_bank_side,False,immediate_retry,False,False,False,True,False,True
txn_002113,cust_001343,2026-06-13T22:05:00,upi,Kotak,517.22,91,0,22,2,technical_bank_side,False,delayed_retry@48,True,False,True,True,True,False
txn_002114,cust_000969,2026-05-05T02:47:00,upi,SBI,4447.34,51,0,2,8,insufficient_funds,False,immediate_retry,False,False,False,True,False,False
txn_002115,cust_000531,2026-05-19T02:35:00,card,Kotak,1308.11,91,0,2,11,technical_bank_side,False,delayed_retry@48,True,True,True,True,True,False
txn_002116,cust_000834,2026-01-18T22:42:00,upi,HDFC,1299.36,33,0,22,28,expired_card,False,immediate_retry,False,False,False,False,False,True
txn_002117,cust_000813,2026-04-09T22:26:00,card,HDFC,512.78,61,1,22,21,insufficient_funds,False,prompt_new_payment_method,True,False,False,True,False,True
txn_002118,cust_000411,2026-02-14T12:19:00,netbanking,Yes Bank,1934.38,05,0,12,6,insufficient_funds,False,immediate_retry,True,False,True,False,False,False
txn_002119,cust_001461,2026-06-17T08:10:00,upi,Axis,4235.23,96,0,8,11,technical_bank_side,False,delayed_retry@48,True,False,True,True,True,True
txn_002120,cust_000735,2026-06-06T22:20:00,card,IDFC,5596.01,91,0,22,30,technical_bank_side,False,do_nothing,False,False,True,True,False,True
txn_002121,cust_001170,2026-07-04T20:00:00,upi,IDFC,4060.89,05,2,20,6,insufficient_funds,False,do_nothing,True,True,False,True,False,False
txn_002122,cust_001025,2026-07-08T11:51:00,upi,Yes Bank,867.01,54,3,11,28,expired_card,False,do_nothing,False,False,False,False,False,True
txn_002123,cust_001376,2026-04-04T12:15:00,upi,SBI,1857.31,05,3,12,31,insufficient_funds,False,prompt_new_payment_method,False,True,False,False,True,False
txn_002124,cust_000753,2026-06-10T09:44:00,card,IDFC,413.94,63,0,9,28,fraud_suspected,True,delayed_retry@48,False,False,False,False,False,False
txn_002125,cust_000840,2026-02-11T01:36:00,card,Kotak,723.06,54,0,1,23,expired_card,False,do_nothing,False,False,False,False,False,False
txn_002126,cust_001215,2026-03-24T22:47:00,upi,Yes Bank,481.17,96,1,22,19,technical_bank_side,False,delayed_retry@12,False,False,False,False,False,False
txn_002127,cust_001255,2026-05-24T17:44:00,card,IDFC,1094.78,14,1,17,23,invalid_details,False,prompt_new_payment_method,False,False,False,False,False,False
txn_002128,cust_000719,2026-06-03T15:49:00,netbanking,SBI,632.22,51,0,15,19,insufficient_funds,False,do_nothing,False,False,False,False,True,False
txn_002129,cust_000592,2026-02-12T21:19:00,card,Axis,6995.17,61,2,21,3,technical_bank_side,False,delayed_retry@48,False,False,False,False,False,False
txn_002130,cust_001274,2026-01-16T19:02:00,card,ICICI,2103.78,51,2,19,29,insufficient_funds,False,prompt_new_payment_method,False,True,True,True,True,False
txn_002131,cust_000027,2026-07-04T04:21:00,upi,HDFC,2265.81,96,0,4,18,technical_bank_side,False,prompt_new_payment_method,True,True,True,True,True,True
txn_002132,cust_001119,2026-06-12T04:26:00,card,Axis,756.61,14,0,4,14,invalid_details,False,do_nothing,True,True,True,False,False,True
txn_002133,cust_001242,2026-02-08T16:50:00,card,ICICI,1255.72,96,2,16,26,technical_bank_side,False,prompt_new_payment_method,True,True,False,False,False,True
txn_002134,cust_000409,2026-02-06T00:09:00,upi,Axis,1138.06,82,1,0,3,invalid_details,False,prompt_new_payment_method,False,False,False,False,False,False
txn_002135,cust_001098,2026-05-31T02:24:00,card,Yes Bank,572.56,96,0,2,20,technical_bank_side,False,do_nothing,False,False,True,False,False,False
txn_002136,cust_000598,2026-01-23T21:12:00,card,HDFC,1392.59,54,0,21,27,expired_card,False,prompt_new_payment_method,False,False,False,False,False,False
txn_002137,cust_000806,2026-05-01T08:07:00,upi,Yes Bank,2247.12,63,0,8,17,fraud_suspected,True,prompt_new_payment_method,False,False,False,False,False,False
txn_002138,cust_000960,2026-06-26T04:48:00,upi,HDFC,282.63,59,1,4,26,fraud_suspected,True,delayed_retry@12,False,False,False,False,False,False
txn_002139,cust_001082,2026-05-15T22:48:00,upi,Axis,288.13,51,3,22,4,insufficient_funds,False,do_nothing,False,False,False,False,False,False
txn_002140,cust_000700,2026-02-08T22:01:00,upi,SBI,375.33,34,1,22,13,fraud_suspected,True,delayed_retry@48,False,False,False,False,False,False
txn_002141,cust_000431,2026-05-10T20:43:00,upi,IDFC,646.59,61,1,20,22,insufficient_funds,False,delayed_retry@48,False,False,False,True,False,True
txn_002142,cust_000446,2026-01-20T09:57:00,card,SBI,2012.07,54,0,9,4,expired_card,False,delayed_retry@48,False,False,False,False,False,True
txn_002143,cust_000797,2026-01-06T06:39:00,card,Axis,2380.62,05,1,6,18,insufficient_funds,False,do_nothing,False,False,True,True,False,False
txn_002144,cust_000241,2026-05-05T16:34:00,card,Axis,286.84,91,1,16,2,technical_bank_side,False,prompt_new_payment_method,False,False,False,False,False,False
txn_002145,cust_001209,2026-01-01T20:50:00,upi,IDFC,2030.77,51,0,20,15,insufficient_funds,False,delayed_retry@48,False,False,False,False,False,False
txn_002146,cust_000735,2026-03-31T20:59:00,card,HDFC,206.07,05,2,20,22,technical_bank_side,False,delayed_retry@48,False,False,False,False,False,False
txn_002147,cust_000620,2026-03-25T19:01:00,card,HDFC,1298.09,91,0,19,13,technical_bank_side,False,immediate_retry,False,False,False,False,True,False
txn_002148,cust_000738,2026-01-28T00:28:00,card,Axis,3401.49,05,1,0,30,technical_bank_side,False,prompt_new_payment_method,False,False,True,False,False,False
txn_002149,cust_000952,2026-04-22T23:39:00,card,IDFC,7092.88,59,0,23,30,fraud_suspected,True,delayed_retry@48,False,False,False,False,False,False
txn_002150,cust_001372,2026-04-13T16:08:00,card,HDFC,529.42,05,2,16,4,expired_card,False,immediate_retry,False,False,False,False,False,False
txn_002151,cust_001210,2026-06-18T09:21:00,upi,Axis,2369.03,96,1,9,12,technical_bank_side,False,do_nothing,False,False,True,False,True,False
txn_002152,cust_000190,2026-03-18T09:26:00,upi,Yes Bank,6311.02,82,0,9,22,invalid_details,False,immediate_retry,False,False,False,False,False,False
txn_002153,cust_001242,2026-02-10T06:10:00,card,Yes Bank,503.53,51,0,6,13,insufficient_funds,False,prompt_new_payment_method,False,False,False,False,False,False
txn_002154,cust_000923,2026-02-20T05:30:00,netbanking,HDFC,1418.01,54,0,5,15,expired_card,False,immediate_retry,False,False,False,False,False,True
txn_002155,cust_000308,2026-01-09T22:26:00,upi,IDFC,902.7,54,1,22,26,expired_card,False,do_nothing,False,False,False,False,False,False
txn_002156,cust_000421,2026-02-06T09:35:00,upi,Yes Bank,1319.84,12,0,9,14,invalid_details,False,delayed_retry@12,False,False,False,False,False,False
txn_002157,cust_001372,2026-07-09T17:00:00,card,Yes Bank,646.42,96,0,17,21,technical_bank_side,False,delayed_retry@48,False,False,False,False,False,False
txn_002158,cust_000883,2026-04-24T20:03:00,upi,HDFC,3712.33,65,0,20,15,insufficient_funds,False,delayed_retry@48,False,False,True,True,False,False
txn_002159,cust_000230,2026-01-16T19:42:00,netbanking,IDFC,760.06,14,0,19,28,invalid_details,False,delayed_retry@12,False,False,False,False,False,False
txn_002160,cust_000723,2026-05-23T01:59:00,upi,Kotak,1769.79,91,2,1,28,technical_bank_side,False,do_nothing,False,False,True,False,False,False
txn_002161,cust_000829,2026-03-21T21:43:00,card,Axis,1026.64,82,0,21,15,invalid_details,False,immediate_retry,False,False,False,False,False,True
txn_002162,cust_001433,2026-02-08T03:14:00,card,IDFC,5016.51,34,0,3,29,fraud_suspected,True,delayed_retry@12,False,False,False,False,False,False
txn_002163,cust_001001,2026-07-03T23:03:00,upi,Kotak,1604.88,05,1,23,24,technical_bank_side,False,delayed_retry@48,True,False,True,True,True,True
txn_002164,cust_001104,2026-02-20T10:12:00,upi,ICICI,2640.44,61,0,10,12,insufficient_funds,False,immediate_retry,False,False,False,False,False,False
txn_002165,cust_001440,2026-04-03T15:47:00,card,ICICI,192.69,51,1,15,23,technical_bank_side,False,delayed_retry@48,False,False,False,False,False,False
txn_002166,cust_000555,2026-06-08T17:28:00,upi,HDFC,107.61,54,1,17,16,expired_card,False,prompt_new_payment_method,True,False,False,False,False,True
txn_002167,cust_001029,2026-06-06T08:35:00,card,IDFC,402.33,54,0,8,12,expired_card,False,prompt_new_payment_method,False,False,False,False,False,False
txn_002168,cust_001097,2026-03-03T21:07:00,card,ICICI,916.03,59,0,21,3,fraud_suspected,True,immediate_retry,False,False,False,False,False,False
txn_002169,cust_001137,2026-05-04T11:34:00,card,IDFC,1245.46,14,1,11,27,invalid_details,False,immediate_retry,False,False,False,False,False,False
txn_002170,cust_000278,2026-06-18T03:00:00,upi,HDFC,2823.88,51,1,3,29,insufficient_funds,False,immediate_retry,True,False,True,True,True,True
txn_002171,cust_000792,2026-05-21T18:43:00,wallet,Axis,279.72,61,2,18,14,insufficient_funds,False,delayed_retry@12,True,False,False,True,False,False
txn_002172,cust_000356,2026-05-07T23:00:00,card,SBI,1431.08,51,3,23,30,insufficient_funds,False,delayed_retry@48,False,False,True,False,False,False
txn_002173,cust_001301,2026-05-21T07:58:00,card,Kotak,311.07,51,1,7,5,insufficient_funds,False,immediate_retry,True,False,True,True,True,True
txn_002174,cust_000178,2026-04-03T02:10:00,netbanking,ICICI,1729.57,63,1,2,31,fraud_suspected,True,delayed_retry@48,False,False,False,False,False,False
txn_002175,cust_001450,2026-07-04T17:41:00,card,Axis,2292.14,61,0,17,7,insufficient_funds,False,prompt_new_payment_method,False,False,False,False,False,False
txn_002176,cust_001111,2026-07-01T21:01:00,upi,SBI,15217.79,51,0,21,16,insufficient_funds,False,delayed_retry@48,True,True,False,True,True,False
txn_002177,cust_001080,2026-04-15T11:07:00,card,HDFC,4223.77,12,0,11,20,invalid_details,False,immediate_retry,False,False,False,False,False,True
txn_002178,cust_001161,2026-04-05T08:51:00,card,ICICI,654.82,05,1,8,25,insufficient_funds,False,do_nothing,False,False,False,True,False,False
txn_002179,cust_001431,2026-06-07T00:20:00,card,Yes Bank,231.69,05,1,0,2,technical_bank_side,False,prompt_new_payment_method,False,False,True,True,False,False
txn_002180,cust_000156,2026-02-10T05:16:00,upi,Axis,1071.39,05,0,5,26,expired_card,False,do_nothing,False,False,True,True,True,True
txn_002181,cust_000050,2026-03-30T17:20:00,card,IDFC,1694.52,91,2,17,25,technical_bank_side,False,prompt_new_payment_method,True,True,True,True,True,True
txn_002182,cust_001275,2026-03-26T08:10:00,card,ICICI,2570.18,05,0,8,21,invalid_details,False,delayed_retry@48,False,False,False,False,False,True
txn_002183,cust_001317,2026-02-23T07:44:00,netbanking,SBI,765.73,91,1,7,15,technical_bank_side,False,prompt_new_payment_method,True,False,False,True,False,True
txn_002184,cust_000917,2026-03-01T03:51:00,upi,HDFC,2030.64,12,0,3,21,invalid_details,False,do_nothing,True,True,False,False,False,True
txn_002185,cust_001297,2026-05-21T12:04:00,upi,Axis,959.78,05,3,12,23,invalid_details,False,delayed_retry@12,False,False,False,False,False,False
txn_002186,cust_000431,2026-02-21T04:49:00,upi,Kotak,6666.68,59,0,4,17,fraud_suspected,True,prompt_new_payment_method,False,False,False,False,False,False
txn_002187,cust_000888,2026-03-14T23:59:00,upi,ICICI,154.95,54,0,23,19,expired_card,False,delayed_retry@12,False,False,False,False,False,True
txn_002188,cust_001167,2026-02-01T03:29:00,upi,ICICI,3866.31,33,0,3,12,expired_card,False,do_nothing,False,False,False,False,False,False
txn_002189,cust_000982,2026-05-20T09:47:00,upi,Yes Bank,631.65,51,0,9,5,insufficient_funds,False,prompt_new_payment_method,False,False,False,True,False,False
txn_002190,cust_001372,2026-05-15T20:38:00,card,ICICI,2759.96,91,0,20,22,technical_bank_side,False,prompt_new_payment_method,False,False,False,False,True,False
txn_002191,cust_000849,2026-02-18T22:47:00,card,SBI,322.22,05,0,22,30,technical_bank_side,False,immediate_retry,True,True,True,False,True,True
txn_002192,cust_000725,2026-01-31T16:48:00,card,ICICI,782.28,05,0,16,20,expired_card,False,do_nothing,False,False,False,False,False,False
txn_002193,cust_000922,2026-01-05T19:18:00,netbanking,IDFC,1719.05,51,2,19,4,insufficient_funds,False,delayed_retry@48,False,False,False,True,False,False
txn_002194,cust_001359,2026-05-21T22:23:00,upi,IDFC,2284.17,51,0,22,17,insufficient_funds,False,immediate_retry,True,False,True,True,True,True
txn_002195,cust_000711,2026-06-03T13:23:00,card,Kotak,409.45,61,1,13,10,insufficient_funds,False,immediate_retry,False,True,False,False,False,False
txn_002196,cust_001395,2026-01-19T00:49:00,upi,HDFC,591.62,51,0,0,11,technical_bank_side,False,immediate_retry,True,False,True,False,False,False
txn_002197,cust_001204,2026-07-18T10:38:00,upi,Yes Bank,1859.29,51,2,10,29,insufficient_funds,False,prompt_new_payment_method,False,False,False,False,False,False
txn_002198,cust_001083,2026-06-17T17:45:00,card,IDFC,3781.05,12,0,17,30,invalid_details,False,do_nothing,True,True,True,False,False,True
txn_002199,cust_000413,2026-01-27T20:07:00,upi,Axis,797.24,91,0,20,12,technical_bank_side,False,immediate_retry,True,False,True,True,True,False
txn_002200,cust_001071,2026-05-03T17:08:00,card,IDFC,1332.11,51,1,17,26,insufficient_funds,False,immediate_retry,False,False,False,False,False,False
txn_002201,cust_001005,2026-06-26T18:03:00,wallet,Yes Bank,529.35,51,2,18,11,insufficient_funds,False,prompt_new_payment_method,False,False,False,False,True,False
txn_002202,cust_000141,2026-04-11T07:33:00,netbanking,Yes Bank,199.05,59,0,7,14,fraud_suspected,True,prompt_new_payment_method,False,False,False,False,False,False
txn_002203,cust_000912,2026-01-27T02:38:00,upi,Kotak,348.43,34,1,2,13,fraud_suspected,True,delayed_retry@48,False,False,False,False,False,False
txn_002204,cust_000336,2026-07-12T01:04:00,netbanking,ICICI,4746.12,51,1,1,17,insufficient_funds,False,do_nothing,False,False,False,False,False,True
txn_002205,cust_000014,2026-05-26T00:39:00,upi,IDFC,1347.08,82,3,0,29,invalid_details,False,delayed_retry@12,False,False,False,False,False,False
txn_002206,cust_000570,2026-06-18T19:56:00,card,Axis,750.85,65,1,19,20,insufficient_funds,False,immediate_retry,False,False,False,False,False,True
txn_002207,cust_001380,2026-02-03T05:30:00,upi,ICICI,628.43,91,0,5,15,technical_bank_side,False,do_nothing,False,False,True,False,True,False
txn_002208,cust_000830,2026-05-22T07:49:00,upi,IDFC,6624.98,14,0,7,8,expired_card,False,delayed_retry@48,False,False,False,False,False,True
txn_002209,cust_000190,2026-02-01T02:21:00,upi,HDFC,10189.58,05,1,2,25,invalid_details,False,delayed_retry@48,False,False,False,False,False,True
txn_002210,cust_001337,2026-05-23T02:54:00,card,Axis,2555.12,51,0,2,30,insufficient_funds,False,do_nothing,False,False,False,True,True,False
txn_002211,cust_001320,2026-07-05T10:42:00,card,Axis,1052.8,96,1,10,15,technical_bank_side,False,delayed_retry@48,True,False,True,False,True,False
txn_002212,cust_001141,2026-07-12T04:35:00,card,SBI,241.71,61,0,4,6,insufficient_funds,False,delayed_retry@48,False,False,True,False,False,False
txn_002213,cust_000702,2026-04-22T12:07:00,card,Kotak,821.15,91,0,12,12,technical_bank_side,False,do_nothing,False,False,True,False,True,False
txn_002214,cust_000876,2026-02-08T22:57:00,wallet,Axis,2876.0,33,0,22,24,expired_card,False,immediate_retry,False,False,False,False,False,False
txn_002215,cust_000946,2026-01-06T00:14:00,upi,Axis,2621.49,96,0,0,28,technical_bank_side,False,delayed_retry@12,True,True,True,True,True,True
txn_002216,cust_001399,2026-03-04T16:06:00,upi,SBI,1733.38,51,0,16,31,insufficient_funds,False,immediate_retry,False,False,False,False,True,False
txn_002217,cust_000261,2026-06-21T03:48:00,netbanking,Kotak,979.09,91,0,3,7,technical_bank_side,False,do_nothing,True,True,True,True,True,True
txn_002218,cust_000588,2026-01-15T00:59:00,upi,Axis,2903.3,05,0,0,12,technical_bank_side,False,prompt_new_payment_method,False,False,False,False,False,False
txn_002219,cust_001253,2026-02-18T04:34:00,card,Yes Bank,4831.85,96,0,4,8,technical_bank_side,False,delayed_retry@12,False,False,False,False,False,False
txn_002220,cust_001301,2026-02-11T01:25:00,card,SBI,94.77,54,1,1,31,expired_card,False,immediate_retry,False,False,False,False,False,True
txn_002221,cust_000907,2026-06-09T19:58:00,upi,Kotak,2836.88,51,2,19,18,insufficient_funds,False,delayed_retry@12,False,False,False,False,False,False
txn_002222,cust_000687,2026-02-25T20:54:00,upi,Axis,273.14,61,2,20,18,insufficient_funds,False,immediate_retry,False,False,False,True,False,False
txn_002223,cust_001474,2026-07-03T09:34:00,card,SBI,381.45,91,1,9,2,technical_bank_side,False,delayed_retry@12,True,True,True,True,True,True
txn_002224,cust_001153,2026-04-14T14:31:00,card,SBI,639.73,63,0,14,31,fraud_suspected,True,delayed_retry@12,False,False,False,False,False,False
txn_002225,cust_000490,2026-02-24T03:03:00,card,ICICI,404.63,12,0,3,1,invalid_details,False,prompt_new_payment_method,False,False,False,False,False,False
txn_002226,cust_000376,2026-06-09T07:35:00,card,Kotak,177.92,82,3,7,10,fraud_suspected,False,delayed_retry@12,False,False,False,False,False,False
txn_002227,cust_000353,2026-05-21T02:41:00,card,Axis,887.23,14,0,2,21,invalid_details,False,delayed_retry@12,False,False,False,False,False,True
txn_002228,cust_001368,2026-01-10T05:59:00,card,Yes Bank,277.39,51,0,5,2,fraud_suspected,False,immediate_retry,True,False,True,True,False,False
txn_002229,cust_000601,2026-06-26T07:50:00,card,HDFC,1866.25,05,1,7,18,expired_card,False,delayed_retry@48,False,False,False,False,False,False
txn_002230,cust_000804,2026-04-20T11:41:00,upi,IDFC,1239.4,12,0,11,9,invalid_details,False,immediate_retry,False,False,False,False,False,False
txn_002231,cust_000932,2026-04-22T14:53:00,card,Axis,788.24,61,0,14,7,fraud_suspected,False,immediate_retry,True,False,True,False,False,False
txn_002232,cust_000208,2026-05-03T05:33:00,card,Yes Bank,977.59,65,2,5,20,insufficient_funds,False,immediate_retry,False,False,False,False,False,False
txn_002233,cust_000275,2026-03-24T15:56:00,wallet,SBI,1212.89,51,0,15,11,insufficient_funds,False,prompt_new_payment_method,False,False,False,True,False,False
txn_002234,cust_000676,2026-01-16T17:19:00,wallet,Axis,4960.81,61,0,17,20,insufficient_funds,False,delayed_retry@12,False,False,False,False,False,False
txn_002235,cust_000612,2026-01-15T21:37:00,upi,Yes Bank,3313.95,61,1,21,2,insufficient_funds,False,delayed_retry@48,False,False,False,False,False,False
txn_002236,cust_000232,2026-04-18T21:46:00,card,Yes Bank,1051.68,12,1,21,17,invalid_details,False,delayed_retry@48,False,False,False,False,False,False
txn_002237,cust_000523,2026-04-01T19:30:00,card,Axis,1400.06,14,0,19,21,invalid_details,False,delayed_retry@48,False,False,False,False,False,False
txn_002238,cust_000247,2026-06-21T23:38:00,upi,SBI,807.93,59,0,23,29,fraud_suspected,True,delayed_retry@48,False,True,False,False,False,False
txn_002239,cust_001220,2026-03-14T20:53:00,upi,HDFC,1404.09,51,0,20,12,insufficient_funds,False,delayed_retry@12,True,False,False,True,False,False
txn_002240,cust_000649,2026-03-26T23:36:00,netbanking,ICICI,709.5,82,2,23,21,invalid_details,False,delayed_retry@48,False,False,False,False,False,False
txn_002241,cust_000597,2026-04-23T18:00:00,upi,IDFC,1000.83,51,1,18,8,insufficient_funds,False,delayed_retry@12,False,False,False,False,False,False
txn_002242,cust_000351,2026-05-30T11:51:00,card,IDFC,613.6,65,2,11,13,insufficient_funds,False,prompt_new_payment_method,True,True,True,True,True,True
txn_002243,cust_000280,2026-07-03T09:31:00,netbanking,IDFC,996.08,51,0,9,7,insufficient_funds,False,prompt_new_payment_method,False,False,False,False,False,False
txn_002244,cust_000448,2026-05-10T09:54:00,card,IDFC,19853.02,54,2,9,2,expired_card,False,delayed_retry@12,False,False,False,False,False,True
txn_002245,cust_001220,2026-07-08T23:40:00,card,Yes Bank,688.12,59,1,23,28,fraud_suspected,True,prompt_new_payment_method,False,False,False,False,False,False
txn_002246,cust_000971,2026-01-31T23:36:00,card,Yes Bank,589.43,05,0,23,1,invalid_details,False,delayed_retry@12,False,False,False,False,False,True
txn_002247,cust_000485,2026-07-18T06:57:00,netbanking,SBI,1937.66,91,0,6,19,technical_bank_side,False,delayed_retry@48,False,False,True,True,False,True
txn_002248,cust_000053,2026-04-18T13:06:00,upi,Yes Bank,1050.86,14,1,13,9,invalid_details,False,delayed_retry@12,False,False,True,False,False,True
txn_002249,cust_000067,2026-06-05T16:37:00,card,ICICI,950.0,96,1,16,8,technical_bank_side,False,do_nothing,False,False,False,False,False,False
txn_002250,cust_000990,2026-01-22T03:28:00,netbanking,ICICI,4263.26,54,1,3,7,expired_card,False,delayed_retry@12,False,False,False,False,False,True
txn_002251,cust_000318,2026-05-19T12:51:00,card,Axis,851.12,51,0,12,28,insufficient_funds,False,prompt_new_payment_method,False,True,False,False,False,False
txn_002252,cust_000983,2026-06-19T08:21:00,upi,Kotak,901.1,14,0,8,16,invalid_details,False,prompt_new_payment_method,False,False,False,False,False,False
txn_002253,cust_000790,2026-06-01T12:03:00,upi,SBI,906.41,51,0,12,28,technical_bank_side,False,delayed_retry@48,True,True,False,True,True,False
txn_002254,cust_000706,2026-04-25T06:55:00,card,Kotak,902.62,54,1,6,7,expired_card,False,immediate_retry,False,False,False,False,False,False
txn_002255,cust_000307,2026-06-11T08:08:00,card,IDFC,2255.91,96,0,8,27,technical_bank_side,False,prompt_new_payment_method,False,False,True,True,True,False
txn_002256,cust_000341,2026-03-06T16:43:00,card,Yes Bank,2600.48,59,1,16,13,fraud_suspected,True,do_nothing,False,False,False,False,False,False
txn_002257,cust_000816,2026-01-27T10:40:00,netbanking,IDFC,1177.61,91,0,10,12,technical_bank_side,False,immediate_retry,True,False,True,False,True,False
txn_002258,cust_000981,2026-05-24T17:22:00,card,HDFC,2496.33,91,1,17,21,technical_bank_side,False,immediate_retry,False,False,False,False,False,False
txn_002259,cust_000087,2026-02-11T08:39:00,wallet,Axis,1486.07,51,1,8,18,insufficient_funds,False,immediate_retry,False,False,False,False,False,False
txn_002260,cust_000843,2026-06-04T01:09:00,wallet,HDFC,2486.0,82,0,1,20,invalid_details,False,do_nothing,False,False,False,False,True,False
txn_002261,cust_001026,2026-07-07T06:20:00,card,HDFC,1139.05,54,2,6,16,expired_card,False,immediate_retry,False,False,False,False,False,True
txn_002262,cust_000887,2026-03-08T07:07:00,card,Axis,780.32,05,2,7,1,invalid_details,False,delayed_retry@48,False,False,False,False,False,True
txn_002263,cust_000890,2026-03-22T22:49:00,netbanking,Yes Bank,1341.28,05,0,22,25,fraud_suspected,True,delayed_retry@12,False,False,False,False,False,False
txn_002264,cust_000444,2026-04-26T20:36:00,card,IDFC,895.64,91,0,20,24,technical_bank_side,False,prompt_new_payment_method,False,False,True,True,False,False
txn_002265,cust_000923,2026-04-02T19:32:00,card,ICICI,20162.24,54,0,19,29,expired_card,False,prompt_new_payment_method,True,False,True,False,False,True
txn_002266,cust_000793,2026-05-26T08:13:00,card,IDFC,702.49,51,2,8,26,insufficient_funds,False,prompt_new_payment_method,False,False,False,True,True,False
txn_002267,cust_000742,2026-03-14T20:02:00,upi,HDFC,2642.95,34,0,20,21,fraud_suspected,True,delayed_retry@12,False,False,False,False,False,False
txn_002268,cust_000652,2026-04-08T23:57:00,card,Axis,16542.1,51,0,23,13,insufficient_funds,False,do_nothing,False,False,False,False,False,False
txn_002269,cust_000929,2026-02-16T11:04:00,card,IDFC,1077.39,96,2,11,5,technical_bank_side,False,delayed_retry@12,True,True,False,True,False,False
txn_002270,cust_001133,2026-07-15T05:17:00,card,HDFC,197.63,05,0,5,7,invalid_details,False,do_nothing,False,False,False,False,False,True
txn_002271,cust_000322,2026-04-12T17:19:00,upi,HDFC,782.28,51,3,17,9,invalid_details,False,prompt_new_payment_method,True,False,False,True,False,True
txn_002272,cust_000841,2026-02-07T08:14:00,card,IDFC,750.5,51,1,8,13,insufficient_funds,False,prompt_new_payment_method,False,False,False,False,False,False
txn_002273,cust_001249,2026-04-30T15:30:00,upi,SBI,3865.51,05,1,15,14,invalid_details,False,do_nothing,False,False,False,False,False,False
txn_002274,cust_000467,2026-05-07T09:05:00,card,Yes Bank,466.85,12,2,9,29,invalid_details,False,do_nothing,False,False,False,False,False,True
txn_002275,cust_000198,2026-01-01T16:11:00,card,IDFC,424.62,61,0,16,10,insufficient_funds,False,immediate_retry,False,False,False,True,False,False
txn_002276,cust_000571,2026-06-18T18:20:00,card,HDFC,359.88,14,1,18,8,invalid_details,False,do_nothing,False,False,False,False,False,False
txn_002277,cust_001429,2026-06-16T13:16:00,upi,Axis,1333.12,51,0,13,5,insufficient_funds,False,delayed_retry@48,False,False,False,False,False,False
txn_002278,cust_000303,2026-03-24T08:03:00,card,Axis,2465.23,54,0,8,20,expired_card,False,prompt_new_payment_method,False,False,False,False,False,False
txn_002279,cust_000218,2026-06-03T22:12:00,card,Axis,809.85,51,1,22,29,insufficient_funds,False,prompt_new_payment_method,False,False,False,True,False,False
txn_002280,cust_000823,2026-01-24T03:49:00,card,Yes Bank,984.84,33,0,3,29,expired_card,False,delayed_retry@12,False,True,False,False,False,True
txn_002281,cust_000786,2026-07-14T02:05:00,wallet,IDFC,477.79,59,0,2,9,fraud_suspected,True,immediate_retry,False,False,False,False,False,False
txn_002282,cust_000836,2026-04-05T10:59:00,upi,IDFC,514.25,54,1,10,4,expired_card,False,immediate_retry,False,False,False,False,False,False
txn_002283,cust_000882,2026-03-24T16:44:00,card,ICICI,1161.96,54,2,16,2,expired_card,False,prompt_new_payment_method,True,False,False,False,False,True
txn_002284,cust_001020,2026-05-22T16:26:00,upi,Axis,24535.42,91,0,16,29,technical_bank_side,False,delayed_retry@48,False,False,True,True,False,False
txn_002285,cust_000190,2026-02-11T02:31:00,card,ICICI,173.45,54,3,2,28,expired_card,False,delayed_retry@48,False,False,False,False,False,False
txn_002286,cust_001460,2026-05-25T03:33:00,card,Axis,3917.58,51,0,3,17,technical_bank_side,False,delayed_retry@12,False,False,True,False,False,False
txn_002287,cust_001324,2026-05-07T15:14:00,card,Yes Bank,1563.88,05,1,15,8,expired_card,False,prompt_new_payment_method,True,False,False,False,False,True
txn_002288,cust_000260,2026-02-02T07:23:00,netbanking,IDFC,1836.15,96,1,7,13,technical_bank_side,False,do_nothing,False,False,False,False,False,False
txn_002289,cust_001406,2026-07-05T06:35:00,card,Axis,3964.05,54,0,6,10,expired_card,False,delayed_retry@48,False,False,False,False,False,True
txn_002290,cust_000809,2026-02-18T09:56:00,upi,IDFC,521.54,82,1,9,22,invalid_details,False,delayed_retry@48,False,False,False,False,False,False
txn_002291,cust_000620,2026-07-10T19:14:00,card,IDFC,1565.55,61,2,19,20,insufficient_funds,False,do_nothing,True,True,False,False,False,False
txn_002292,cust_000276,2026-05-22T23:47:00,card,Axis,19133.87,12,0,23,27,expired_card,False,delayed_retry@12,False,False,False,False,False,True
txn_002293,cust_001489,2026-04-26T02:32:00,card,HDFC,4547.67,65,0,2,19,insufficient_funds,False,do_nothing,False,False,True,True,True,True
txn_002294,cust_000830,2026-01-06T13:31:00,card,SBI,2512.65,51,2,13,22,insufficient_funds,False,prompt_new_payment_method,False,False,False,True,False,False
txn_002295,cust_000279,2026-05-11T18:10:00,netbanking,Kotak,433.97,51,0,18,20,insufficient_funds,False,delayed_retry@12,True,False,False,True,True,False
txn_002296,cust_001422,2026-07-13T06:28:00,card,SBI,205.24,91,0,6,31,technical_bank_side,False,do_nothing,False,False,True,False,False,False
txn_002297,cust_001337,2026-05-06T23:41:00,card,IDFC,1201.34,33,1,23,29,expired_card,False,prompt_new_payment_method,False,False,False,False,False,False
txn_002298,cust_000356,2026-03-12T08:30:00,upi,IDFC,273.82,54,3,8,25,expired_card,False,do_nothing,False,False,False,False,False,True
txn_002299,cust_001473,2026-06-27T16:14:00,upi,Kotak,588.97,51,0,16,22,insufficient_funds,False,prompt_new_payment_method,False,False,False,False,False,False
txn_002300,cust_000223,2026-07-08T13:41:00,upi,SBI,1124.35,96,0,13,12,technical_bank_side,False,do_nothing,False,False,True,True,True,False
txn_002301,cust_000774,2026-05-23T13:38:00,upi,ICICI,2041.53,51,1,13,31,insufficient_funds,False,immediate_retry,True,False,True,True,True,False
txn_002302,cust_001468,2026-01-25T07:57:00,card,HDFC,607.32,61,0,7,3,insufficient_funds,False,do_nothing,False,False,False,False,False,False
txn_002303,cust_000149,2026-05-09T12:22:00,card,HDFC,1619.74,91,1,12,14,technical_bank_side,False,delayed_retry@48,False,False,True,False,False,False
txn_002304,cust_000159,2026-03-29T04:04:00,upi,ICICI,2246.08,51,0,4,16,insufficient_funds,False,prompt_new_payment_method,False,False,False,False,False,False
txn_002305,cust_000548,2026-05-01T00:48:00,card,Kotak,860.07,96,1,0,22,technical_bank_side,False,prompt_new_payment_method,False,False,True,False,False,False
txn_002306,cust_000468,2026-05-18T12:53:00,upi,Kotak,372.67,91,0,12,2,technical_bank_side,False,delayed_retry@48,True,False,True,True,True,True
txn_002307,cust_001359,2026-02-06T06:46:00,card,IDFC,894.81,51,3,6,26,technical_bank_side,False,do_nothing,False,False,True,False,False,False
txn_002308,cust_000678,2026-01-24T05:35:00,wallet,Kotak,405.86,54,1,5,8,expired_card,False,do_nothing,False,False,False,False,False,True
txn_002309,cust_000513,2026-06-20T11:05:00,card,Yes Bank,374.23,14,1,11,25,invalid_details,False,do_nothing,False,False,False,False,False,False
txn_002310,cust_000952,2026-02-11T15:18:00,wallet,Yes Bank,3387.57,96,3,15,10,technical_bank_side,False,prompt_new_payment_method,False,False,True,True,False,False
txn_002311,cust_000046,2026-05-10T10:36:00,card,ICICI,636.94,59,1,10,5,fraud_suspected,True,delayed_retry@48,False,False,False,False,False,False
txn_002312,cust_000752,2026-07-07T00:09:00,card,Axis,1588.55,51,0,0,1,insufficient_funds,False,delayed_retry@12,True,False,False,True,False,False
txn_002313,cust_001220,2026-05-19T11:01:00,upi,Kotak,1352.45,05,1,11,13,expired_card,False,do_nothing,False,False,False,False,False,True
txn_002314,cust_000960,2026-01-25T22:00:00,card,ICICI,927.0,61,0,22,27,insufficient_funds,False,immediate_retry,False,False,False,False,True,False
txn_002315,cust_000503,2026-04-24T01:06:00,card,IDFC,4104.5,51,0,1,10,insufficient_funds,False,delayed_retry@12,False,False,False,False,False,False
txn_002316,cust_000738,2026-07-15T10:31:00,upi,Yes Bank,1234.98,96,3,10,19,technical_bank_side,False,delayed_retry@48,False,False,False,True,False,False
txn_002317,cust_001027,2026-02-04T02:17:00,upi,Yes Bank,1139.06,51,2,2,1,insufficient_funds,False,delayed_retry@48,False,False,False,True,False,False
txn_002318,cust_001107,2026-04-01T09:46:00,upi,Axis,1020.97,51,0,9,11,insufficient_funds,False,delayed_retry@12,False,False,False,False,True,False
txn_002319,cust_000922,2026-03-09T00:31:00,netbanking,IDFC,393.59,05,1,0,2,invalid_details,False,prompt_new_payment_method,True,False,True,True,False,True
txn_002320,cust_000410,2026-05-08T17:44:00,card,Axis,595.11,54,0,17,10,expired_card,False,immediate_retry,False,False,False,False,False,True
txn_002321,cust_000447,2026-02-14T02:52:00,card,SBI,297.7,82,1,2,20,invalid_details,False,delayed_retry@48,False,False,False,False,False,False
txn_002322,cust_001022,2026-06-04T00:06:00,netbanking,ICICI,918.03,54,1,0,3,expired_card,False,immediate_retry,False,False,False,False,False,False
txn_002323,cust_000445,2026-03-26T05:35:00,card,ICICI,1023.44,59,1,5,16,fraud_suspected,True,delayed_retry@12,False,False,False,False,False,False
txn_002324,cust_000747,2026-01-15T11:38:00,netbanking,IDFC,896.8,65,0,11,18,insufficient_funds,False,immediate_retry,True,False,True,True,True,False
txn_002325,cust_000192,2026-02-01T16:18:00,upi,SBI,706.65,65,1,16,24,insufficient_funds,False,immediate_retry,False,False,False,False,False,False
txn_002326,cust_001175,2026-06-10T19:06:00,card,Kotak,419.37,54,0,19,26,expired_card,False,delayed_retry@12,False,False,False,False,False,True
txn_002327,cust_000315,2026-06-11T18:27:00,card,SBI,685.9,05,1,18,1,expired_card,False,prompt_new_payment_method,True,False,True,True,True,True
txn_002328,cust_001075,2026-05-24T19:41:00,card,Kotak,632.9,51,0,19,5,insufficient_funds,False,do_nothing,False,False,False,True,True,False
txn_002329,cust_001067,2026-02-07T13:48:00,card,Kotak,747.03,51,3,13,2,insufficient_funds,False,delayed_retry@48,True,False,False,False,True,False
txn_002330,cust_001181,2026-04-28T04:20:00,wallet,HDFC,1024.35,59,0,4,16,fraud_suspected,True,do_nothing,False,False,False,False,False,False
txn_002331,cust_001060,2026-01-08T06:43:00,netbanking,Yes Bank,12307.75,14,0,6,29,invalid_details,False,prompt_new_payment_method,True,False,False,False,False,True
txn_002332,cust_000593,2026-01-20T00:04:00,card,Yes Bank,5617.04,59,0,0,12,fraud_suspected,True,delayed_retry@48,False,True,False,False,False,False
txn_002333,cust_000711,2026-04-05T01:45:00,upi,ICICI,9231.53,61,0,1,9,insufficient_funds,False,prompt_new_payment_method,False,False,False,False,False,False
txn_002334,cust_001295,2026-07-16T05:50:00,card,Kotak,1417.78,51,1,5,30,insufficient_funds,False,prompt_new_payment_method,False,False,False,True,False,False
txn_002335,cust_000650,2026-03-20T05:42:00,card,SBI,4228.0,05,2,5,30,insufficient_funds,False,prompt_new_payment_method,False,False,False,False,True,False
txn_002336,cust_001396,2026-02-09T23:00:00,upi,Kotak,1149.27,14,0,23,6,invalid_details,False,delayed_retry@12,False,False,False,False,False,False
txn_002337,cust_000351,2026-05-06T17:45:00,card,Kotak,4203.43,14,0,17,31,invalid_details,False,delayed_retry@12,False,False,False,False,False,False
txn_002338,cust_001261,2026-02-23T00:59:00,card,Kotak,2105.65,33,0,0,10,expired_card,False,immediate_retry,False,False,False,False,False,False
txn_002339,cust_001040,2026-01-26T01:20:00,card,Yes Bank,1309.46,51,2,1,2,insufficient_funds,False,delayed_retry@12,False,False,False,False,False,False
txn_002340,cust_001217,2026-03-16T00:26:00,card,HDFC,966.6,54,0,0,20,expired_card,False,delayed_retry@12,False,False,False,False,False,False
txn_002341,cust_001330,2026-04-06T01:04:00,netbanking,Axis,4252.77,91,0,1,3,technical_bank_side,False,prompt_new_payment_method,False,False,True,True,True,False
txn_002342,cust_000269,2026-04-03T03:19:00,netbanking,Yes Bank,1057.48,91,3,3,18,technical_bank_side,False,delayed_retry@48,True,True,False,True,True,True
txn_002343,cust_001446,2026-05-10T06:45:00,card,Axis,2879.65,51,0,6,11,technical_bank_side,False,delayed_retry@12,True,False,True,True,False,True
txn_002344,cust_000271,2026-07-10T09:20:00,netbanking,Kotak,442.9,54,0,9,1,expired_card,False,immediate_retry,False,False,False,False,False,False
txn_002345,cust_001363,2026-01-26T19:08:00,card,Axis,198.73,33,0,19,30,expired_card,False,do_nothing,False,False,False,False,False,True
txn_002346,cust_001469,2026-07-08T03:09:00,card,Axis,1560.19,59,2,3,18,fraud_suspected,True,immediate_retry,False,False,False,False,False,False
txn_002347,cust_000564,2026-01-31T17:40:00,card,SBI,697.87,54,1,17,11,expired_card,False,delayed_retry@12,False,False,False,False,False,False
txn_002348,cust_000488,2026-05-04T22:25:00,card,IDFC,545.02,51,0,22,9,insufficient_funds,False,do_nothing,False,False,False,False,False,False
txn_002349,cust_001202,2026-01-28T23:37:00,card,IDFC,540.84,54,0,23,24,expired_card,False,immediate_retry,False,False,False,False,False,False
txn_002350,cust_001122,2026-01-06T17:02:00,wallet,ICICI,3545.89,51,0,17,18,insufficient_funds,False,prompt_new_payment_method,True,True,True,True,True,True
txn_002351,cust_000326,2026-07-18T12:54:00,card,HDFC,782.32,05,2,12,15,technical_bank_side,False,prompt_new_payment_method,False,True,True,True,False,False
txn_002352,cust_001226,2026-06-22T19:35:00,upi,HDFC,1689.7,51,0,19,21,expired_card,False,delayed_retry@12,False,False,False,False,False,False
txn_002353,cust_000898,2026-03-28T11:18:00,upi,SBI,960.43,33,1,11,29,expired_card,False,delayed_retry@12,False,False,False,False,False,False
txn_002354,cust_000611,2026-04-16T09:28:00,upi,ICICI,3054.96,51,2,9,21,insufficient_funds,False,prompt_new_payment_method,False,False,False,False,False,False
txn_002355,cust_000153,2026-05-19T09:04:00,card,Kotak,2074.59,82,3,9,4,invalid_details,False,do_nothing,False,False,False,False,False,True
txn_002356,cust_001339,2026-04-08T18:16:00,wallet,Yes Bank,3374.69,12,1,18,12,invalid_details,False,delayed_retry@12,False,False,False,False,False,False
txn_002357,cust_000295,2026-05-15T10:10:00,card,Axis,696.01,51,1,10,13,insufficient_funds,False,do_nothing,False,False,False,True,True,False
txn_002358,cust_000024,2026-05-07T00:56:00,card,Yes Bank,1446.92,14,0,0,10,invalid_details,False,immediate_retry,False,False,False,False,False,False
txn_002359,cust_000887,2026-05-19T18:17:00,netbanking,ICICI,2810.95,05,1,18,25,invalid_details,False,immediate_retry,False,False,False,False,False,True
txn_002360,cust_000279,2026-03-10T01:10:00,upi,Axis,3039.0,96,1,1,20,technical_bank_side,False,do_nothing,False,False,True,False,False,True
txn_002361,cust_000054,2026-03-30T14:48:00,wallet,Axis,610.59,96,1,14,8,technical_bank_side,False,delayed_retry@12,True,False,True,True,True,False
txn_002362,cust_000682,2026-01-10T08:42:00,card,ICICI,948.74,54,0,8,31,expired_card,False,delayed_retry@12,False,False,False,False,False,False
txn_002363,cust_001180,2026-02-22T11:06:00,card,ICICI,334.09,54,0,11,19,expired_card,False,prompt_new_payment_method,False,False,False,False,False,False
txn_002364,cust_001336,2026-06-25T02:09:00,card,Kotak,387.66,14,3,2,24,invalid_details,False,delayed_retry@12,False,False,False,False,False,False
txn_002365,cust_000749,2026-05-12T10:26:00,card,SBI,3527.17,61,2,10,18,insufficient_funds,False,prompt_new_payment_method,False,False,False,True,False,False
txn_002366,cust_001045,2026-06-07T08:59:00,card,IDFC,1644.89,82,0,8,17,invalid_details,False,do_nothing,False,False,False,False,False,True
txn_002367,cust_000076,2026-01-01T13:32:00,netbanking,ICICI,2071.33,05,0,13,15,technical_bank_side,False,prompt_new_payment_method,True,False,True,True,True,True
txn_002368,cust_001461,2026-02-26T16:37:00,card,Yes Bank,1867.33,51,3,16,7,technical_bank_side,False,prompt_new_payment_method,False,False,True,True,False,False
txn_002369,cust_001352,2026-02-10T16:51:00,netbanking,Kotak,363.02,54,0,16,15,expired_card,False,immediate_retry,False,False,False,False,False,False
txn_002370,cust_000669,2026-05-03T21:16:00,upi,HDFC,482.13,14,1,21,21,expired_card,False,do_nothing,False,False,False,False,False,False
txn_002371,cust_001334,2026-01-02T15:42:00,wallet,IDFC,848.3,91,1,15,16,technical_bank_side,False,prompt_new_payment_method,False,False,False,False,False,False
txn_002372,cust_001037,2026-02-25T14:51:00,upi,IDFC,612.86,51,0,14,4,insufficient_funds,False,immediate_retry,False,True,False,True,True,False
txn_002373,cust_000674,2026-06-23T08:08:00,card,IDFC,2160.45,14,0,8,12,expired_card,False,do_nothing,False,False,False,False,False,False
txn_002374,cust_000139,2026-07-03T10:02:00,upi,ICICI,460.64,51,0,10,7,insufficient_funds,False,prompt_new_payment_method,True,False,False,False,True,True
txn_002375,cust_000725,2026-01-31T23:22:00,card,HDFC,1313.14,14,1,23,5,invalid_details,False,do_nothing,False,False,False,False,False,False
txn_002376,cust_001006,2026-06-15T10:30:00,upi,Kotak,4598.57,14,2,10,13,invalid_details,False,do_nothing,True,True,False,False,False,True
txn_002377,cust_000018,2026-04-14T04:40:00,upi,Axis,521.72,05,1,4,13,technical_bank_side,False,prompt_new_payment_method,False,False,True,False,False,False
txn_002378,cust_000744,2026-03-15T05:58:00,upi,HDFC,3661.33,05,0,5,19,insufficient_funds,False,delayed_retry@48,True,False,True,True,True,False
txn_002379,cust_000524,2026-06-08T19:03:00,upi,Kotak,719.01,05,0,19,13,insufficient_funds,False,delayed_retry@12,False,False,False,False,False,False
txn_002380,cust_000309,2026-05-16T23:21:00,netbanking,Yes Bank,139.33,82,2,23,25,invalid_details,False,prompt_new_payment_method,False,False,False,False,False,False
txn_002381,cust_001414,2026-06-25T01:32:00,card,IDFC,4121.98,63,0,1,21,fraud_suspected,True,prompt_new_payment_method,False,False,False,False,False,False
txn_002382,cust_000356,2026-03-15T22:18:00,upi,HDFC,1235.45,14,0,22,3,invalid_details,False,delayed_retry@48,False,False,False,False,False,False
txn_002383,cust_001209,2026-01-28T05:25:00,card,SBI,3658.81,61,0,5,23,insufficient_funds,False,immediate_retry,False,False,False,True,True,False
txn_002384,cust_000750,2026-05-23T05:58:00,upi,Axis,379.38,51,0,5,15,technical_bank_side,False,delayed_retry@12,False,False,True,False,False,False
txn_002385,cust_000708,2026-05-07T10:22:00,upi,SBI,1097.0,05,0,10,17,technical_bank_side,False,prompt_new_payment_method,False,False,False,False,False,False
txn_002386,cust_000656,2026-03-24T19:19:00,upi,Axis,3790.42,51,0,19,30,insufficient_funds,False,prompt_new_payment_method,False,False,False,True,True,False
txn_002387,cust_000401,2026-02-06T13:00:00,card,IDFC,2911.59,54,2,13,29,expired_card,False,prompt_new_payment_method,True,False,False,False,False,True
txn_002388,cust_000633,2026-06-07T12:56:00,wallet,HDFC,1428.04,63,0,12,2,fraud_suspected,True,prompt_new_payment_method,False,False,False,False,False,False
txn_002389,cust_000416,2026-02-01T18:25:00,card,ICICI,1387.13,05,2,18,12,technical_bank_side,False,immediate_retry,True,True,True,True,True,True
txn_002390,cust_000211,2026-04-03T03:52:00,card,ICICI,685.69,54,1,3,17,expired_card,False,immediate_retry,False,False,False,False,False,True
txn_002391,cust_000597,2026-05-12T06:35:00,card,Kotak,1351.38,14,2,6,13,invalid_details,False,prompt_new_payment_method,True,False,False,False,False,True
txn_002392,cust_000642,2026-03-21T14:04:00,upi,HDFC,1865.66,91,1,14,2,technical_bank_side,False,prompt_new_payment_method,False,False,True,True,False,False
txn_002393,cust_000140,2026-05-11T19:10:00,upi,IDFC,385.2,05,1,19,28,technical_bank_side,False,immediate_retry,True,True,True,False,False,False
txn_002394,cust_000217,2026-03-29T11:36:00,upi,Axis,269.41,61,1,11,26,insufficient_funds,False,delayed_retry@48,False,True,False,True,False,False
txn_002395,cust_000532,2026-04-03T08:51:00,upi,ICICI,418.42,51,0,8,7,insufficient_funds,False,do_nothing,False,False,False,False,False,False
txn_002396,cust_000773,2026-02-12T09:04:00,upi,Kotak,1012.52,65,0,9,16,insufficient_funds,False,prompt_new_payment_method,False,False,True,True,True,False
txn_002397,cust_000977,2026-03-29T08:34:00,card,HDFC,1302.62,51,1,8,23,insufficient_funds,False,do_nothing,False,False,False,False,False,False
txn_002398,cust_001254,2026-06-08T17:16:00,card,HDFC,2242.92,51,0,17,30,insufficient_funds,False,delayed_retry@48,True,False,False,False,True,False
txn_002399,cust_000426,2026-05-24T22:16:00,upi,IDFC,203.47,51,0,22,23,insufficient_funds,False,do_nothing,False,False,False,True,False,False
txn_002400,cust_001120,2026-02-28T11:48:00,card,IDFC,1512.47,14,2,11,26,invalid_details,False,delayed_retry@48,False,False,False,False,False,True
txn_002401,cust_000666,2026-02-07T16:42:00,card,Kotak,310.08,14,0,16,17,invalid_details,False,delayed_retry@12,False,False,False,False,False,False
txn_002402,cust_001275,2026-06-07T02:37:00,upi,Yes Bank,1285.7,05,2,2,9,technical_bank_side,False,prompt_new_payment_method,True,False,True,False,False,True
txn_002403,cust_001100,2026-05-22T23:09:00,upi,Kotak,3012.08,91,0,23,1,technical_bank_side,False,delayed_retry@12,True,False,True,True,True,False
txn_002404,cust_001310,2026-02-28T09:20:00,upi,IDFC,1193.11,51,1,9,7,fraud_suspected,False,immediate_retry,False,False,False,False,False,False
txn_002405,cust_000451,2026-07-18T03:40:00,upi,Yes Bank,147.28,51,1,3,30,insufficient_funds,False,delayed_retry@12,False,False,False,False,False,False
txn_002406,cust_000066,2026-07-13T02:01:00,card,Axis,1086.26,51,1,2,28,insufficient_funds,False,immediate_retry,False,True,False,True,True,False
txn_002407,cust_001107,2026-07-07T11:19:00,card,IDFC,405.92,14,3,11,10,invalid_details,False,immediate_retry,False,False,False,False,False,False
txn_002408,cust_000420,2026-06-10T16:20:00,card,ICICI,2383.26,61,0,16,2,insufficient_funds,False,immediate_retry,False,False,False,False,False,False
txn_002409,cust_000386,2026-02-12T18:43:00,card,Yes Bank,562.04,61,1,18,27,insufficient_funds,False,immediate_retry,False,False,False,False,False,False
txn_002410,cust_000198,2026-07-09T11:27:00,card,ICICI,975.86,51,2,11,10,insufficient_funds,False,delayed_retry@48,False,False,False,False,False,False
txn_002411,cust_001166,2026-02-21T08:52:00,netbanking,Axis,2014.44,14,1,8,31,invalid_details,False,delayed_retry@12,False,True,False,False,False,True
txn_002412,cust_001439,2026-06-17T06:22:00,upi,IDFC,1754.81,59,1,6,15,fraud_suspected,True,do_nothing,False,False,False,False,False,False
txn_002413,cust_001359,2026-03-21T15:08:00,upi,Yes Bank,1373.0,54,1,15,13,expired_card,False,prompt_new_payment_method,True,False,False,False,False,True
txn_002414,cust_000557,2026-05-24T09:30:00,netbanking,IDFC,1580.43,14,1,9,13,invalid_details,False,immediate_retry,False,False,False,False,False,False
txn_002415,cust_000666,2026-02-10T13:10:00,upi,SBI,1695.49,96,1,13,5,technical_bank_side,False,prompt_new_payment_method,False,False,True,False,False,False
txn_002416,cust_000560,2026-07-11T00:54:00,card,HDFC,3835.64,59,0,0,10,fraud_suspected,True,delayed_retry@12,True,False,False,True,False,True
txn_002417,cust_000932,2026-07-07T19:17:00,netbanking,Axis,365.54,54,0,19,13,expired_card,False,delayed_retry@12,False,False,False,False,False,False
txn_002418,cust_000159,2026-02-22T21:39:00,upi,ICICI,5802.48,54,2,21,31,expired_card,False,immediate_retry,False,False,False,False,False,False
txn_002419,cust_000367,2026-07-16T16:22:00,card,ICICI,969.4,61,3,16,10,insufficient_funds,False,prompt_new_payment_method,True,False,False,False,True,True
txn_002420,cust_001000,2026-01-01T21:33:00,upi,Kotak,121.13,63,2,21,3,fraud_suspected,True,do_nothing,False,False,False,False,False,False
txn_002421,cust_000507,2026-04-06T15:07:00,card,SBI,874.75,12,1,15,25,invalid_details,False,do_nothing,False,False,False,False,False,True
txn_002422,cust_000614,2026-03-05T21:44:00,card,Kotak,1088.92,82,0,21,21,invalid_details,False,immediate_retry,False,False,False,False,False,False
txn_002423,cust_001154,2026-03-14T20:06:00,card,Yes Bank,64.96,91,0,20,23,technical_bank_side,False,prompt_new_payment_method,False,False,False,True,False,False
txn_002424,cust_000446,2026-05-12T12:03:00,card,IDFC,1741.91,91,0,12,15,technical_bank_side,False,do_nothing,True,True,True,False,True,False
txn_002425,cust_000136,2026-03-13T21:02:00,upi,IDFC,1631.86,12,1,21,15,invalid_details,False,delayed_retry@12,False,False,False,False,False,False
txn_002426,cust_001232,2026-06-28T20:33:00,card,Kotak,1843.76,51,2,20,23,insufficient_funds,False,delayed_retry@12,False,False,False,False,False,False
txn_002427,cust_000318,2026-06-17T03:55:00,upi,SBI,1616.94,54,0,3,25,expired_card,False,prompt_new_payment_method,True,True,False,True,False,True
txn_002428,cust_001009,2026-06-19T06:02:00,netbanking,IDFC,1028.65,14,0,6,3,invalid_details,False,do_nothing,False,False,False,False,False,False
txn_002429,cust_000583,2026-07-05T13:30:00,upi,Yes Bank,1293.78,59,3,13,4,fraud_suspected,True,immediate_retry,False,False,False,False,False,False
txn_002430,cust_000533,2026-01-24T12:12:00,card,HDFC,542.11,51,1,12,21,insufficient_funds,False,delayed_retry@48,True,False,False,False,True,False
txn_002431,cust_001137,2026-01-08T19:15:00,netbanking,SBI,1269.04,61,0,19,7,insufficient_funds,False,delayed_retry@48,False,False,True,False,False,False
txn_002432,cust_001282,2026-03-14T10:53:00,card,Yes Bank,809.13,51,0,10,7,insufficient_funds,False,delayed_retry@48,False,False,False,True,False,False
txn_002433,cust_000821,2026-05-12T10:31:00,card,Yes Bank,2977.01,61,0,10,21,insufficient_funds,False,immediate_retry,False,False,False,False,True,False
txn_002434,cust_000675,2026-02-09T01:32:00,card,Axis,4178.84,51,1,1,29,insufficient_funds,False,do_nothing,False,False,False,False,False,False
txn_002435,cust_001080,2026-06-15T17:02:00,card,SBI,2803.01,34,0,17,9,fraud_suspected,True,delayed_retry@12,False,False,False,False,False,False
txn_002436,cust_000353,2026-07-09T12:14:00,card,Kotak,1009.86,12,0,12,15,technical_bank_side,False,immediate_retry,True,False,True,False,False,False
txn_002437,cust_001191,2026-03-17T10:14:00,upi,Yes Bank,1497.8,12,0,10,15,invalid_details,False,do_nothing,False,False,False,False,False,False
txn_002438,cust_000803,2026-05-09T02:10:00,upi,Kotak,929.97,54,1,2,5,expired_card,False,prompt_new_payment_method,False,False,False,False,False,False
txn_002439,cust_000741,2026-06-24T14:28:00,upi,SBI,262.97,54,0,14,26,expired_card,False,do_nothing,False,False,False,False,False,False
txn_002440,cust_000086,2026-06-05T12:37:00,upi,Axis,5403.44,54,0,12,13,expired_card,False,delayed_retry@48,False,False,False,False,False,True
txn_002441,cust_000481,2026-05-11T22:33:00,card,IDFC,603.83,51,0,22,18,insufficient_funds,False,delayed_retry@48,False,False,False,True,False,False
txn_002442,cust_000449,2026-02-13T10:41:00,upi,Yes Bank,1777.74,91,0,10,19,technical_bank_side,False,do_nothing,False,False,True,False,True,False
txn_002443,cust_000273,2026-07-19T23:49:00,upi,SBI,171.8,51,0,23,25,insufficient_funds,False,delayed_retry@48,False,False,False,True,False,False
txn_002444,cust_001462,2026-04-13T15:06:00,upi,Yes Bank,7342.02,96,3,15,21,technical_bank_side,False,do_nothing,False,False,False,False,False,True
txn_002445,cust_001391,2026-04-25T21:40:00,upi,Axis,516.63,12,2,21,25,invalid_details,False,do_nothing,True,True,False,False,False,True
txn_002446,cust_001093,2026-01-03T01:21:00,upi,SBI,357.83,51,1,1,17,insufficient_funds,False,immediate_retry,False,False,False,True,False,False
txn_002447,cust_000142,2026-04-28T00:40:00,upi,SBI,3542.58,05,2,0,15,expired_card,False,delayed_retry@12,False,True,False,False,False,True
txn_002448,cust_000246,2026-05-16T11:27:00,upi,HDFC,342.52,05,0,11,28,insufficient_funds,False,delayed_retry@48,True,False,True,True,True,True
txn_002449,cust_001216,2026-06-12T22:42:00,upi,ICICI,2220.81,91,2,22,27,technical_bank_side,False,prompt_new_payment_method,False,False,False,True,False,False
txn_002450,cust_000910,2026-01-29T22:50:00,upi,Axis,867.93,14,0,22,5,invalid_details,False,immediate_retry,False,False,False,False,False,True
txn_002451,cust_000436,2026-07-05T14:52:00,netbanking,Axis,929.28,05,1,14,2,insufficient_funds,False,delayed_retry@48,False,False,False,False,False,False
txn_002452,cust_000532,2026-04-21T17:38:00,card,IDFC,363.52,61,0,17,14,insufficient_funds,False,delayed_retry@12,True,True,False,True,True,False
txn_002453,cust_000138,2026-07-03T05:42:00,card,Yes Bank,329.98,54,0,5,2,expired_card,False,immediate_retry,False,False,False,False,False,False
txn_002454,cust_000745,2026-02-12T01:56:00,upi,Kotak,724.74,12,1,1,18,invalid_details,False,delayed_retry@12,False,False,False,False,False,True
txn_002455,cust_001466,2026-03-06T18:47:00,netbanking,ICICI,1304.48,51,0,18,14,insufficient_funds,False,delayed_retry@48,True,False,False,True,True,False
txn_002456,cust_000429,2026-03-18T21:57:00,card,Yes Bank,1464.64,14,1,21,14,invalid_details,False,immediate_retry,False,False,False,True,False,True
txn_002457,cust_001269,2026-02-23T01:17:00,card,Kotak,789.71,05,0,1,27,technical_bank_side,False,delayed_retry@48,True,False,True,False,True,False
txn_002458,cust_000602,2026-06-04T17:13:00,upi,HDFC,392.91,05,0,17,31,technical_bank_side,False,do_nothing,False,False,False,False,False,False
txn_002459,cust_000768,2026-02-20T13:49:00,card,ICICI,195.52,61,1,13,16,insufficient_funds,False,prompt_new_payment_method,False,False,False,False,False,False
txn_002460,cust_001005,2026-05-15T23:56:00,netbanking,SBI,2280.12,51,0,23,24,insufficient_funds,False,prompt_new_payment_method,False,True,True,True,True,False
txn_002461,cust_000327,2026-06-02T13:07:00,card,HDFC,401.86,91,0,13,17,technical_bank_side,False,do_nothing,False,False,False,False,False,False
txn_002462,cust_001473,2026-04-03T09:42:00,card,IDFC,1429.27,51,1,9,2,insufficient_funds,False,prompt_new_payment_method,False,False,False,False,True,False
txn_002463,cust_001056,2026-05-12T23:38:00,card,HDFC,2191.26,65,0,23,11,insufficient_funds,False,delayed_retry@48,False,False,False,False,False,False
txn_002464,cust_000924,2026-05-06T12:07:00,card,ICICI,754.89,65,3,12,30,insufficient_funds,False,delayed_retry@48,True,False,False,True,True,False
txn_002465,cust_000337,2026-03-29T07:52:00,card,Kotak,1279.15,51,0,7,19,technical_bank_side,False,delayed_retry@48,True,False,True,True,True,False
txn_002466,cust_001140,2026-06-07T03:44:00,netbanking,Kotak,5484.4,91,1,3,17,technical_bank_side,False,delayed_retry@12,False,False,True,False,False,False
txn_002467,cust_001326,2026-02-03T09:06:00,card,Kotak,783.77,59,0,9,19,fraud_suspected,True,prompt_new_payment_method,False,False,False,False,False,False
txn_002468,cust_000488,2026-04-13T17:15:00,upi,HDFC,1099.52,05,1,17,31,invalid_details,False,immediate_retry,False,False,False,False,False,False
txn_002469,cust_000160,2026-02-11T07:30:00,upi,ICICI,365.3,05,1,7,15,technical_bank_side,False,delayed_retry@12,True,False,True,True,True,False
txn_002470,cust_000902,2026-04-09T11:55:00,netbanking,Axis,409.09,05,2,11,25,expired_card,False,immediate_retry,False,False,False,False,False,False
txn_002471,cust_000645,2026-07-19T01:20:00,wallet,SBI,921.68,14,2,1,19,invalid_details,False,immediate_retry,False,False,False,False,False,False
txn_002472,cust_000117,2026-03-29T11:25:00,upi,Yes Bank,1076.77,51,1,11,6,technical_bank_side,False,immediate_retry,False,False,False,True,False,False
txn_002473,cust_000621,2026-06-25T22:56:00,upi,HDFC,2911.57,05,0,22,24,insufficient_funds,False,delayed_retry@12,True,False,False,True,False,False
txn_002474,cust_000464,2026-06-18T14:20:00,card,SBI,1308.64,65,2,14,30,insufficient_funds,False,delayed_retry@48,True,True,True,False,True,True
txn_002475,cust_000037,2026-04-13T12:42:00,upi,SBI,1209.75,82,0,12,23,invalid_details,False,prompt_new_payment_method,False,False,False,False,False,False
txn_002476,cust_000050,2026-02-14T04:17:00,wallet,ICICI,1376.07,05,0,4,6,technical_bank_side,False,immediate_retry,True,False,True,False,True,True
txn_002477,cust_000287,2026-02-02T18:04:00,card,SBI,2589.79,54,1,18,22,expired_card,False,delayed_retry@48,False,False,True,False,False,True
txn_002478,cust_000338,2026-05-12T12:04:00,card,SBI,2974.94,05,1,12,9,technical_bank_side,False,delayed_retry@12,False,False,True,False,False,False
txn_002479,cust_000132,2026-03-02T06:28:00,upi,SBI,2537.08,05,0,6,21,insufficient_funds,False,delayed_retry@48,True,False,False,False,True,False
txn_002480,cust_000225,2026-04-06T04:04:00,card,SBI,4192.98,65,1,4,14,insufficient_funds,False,prompt_new_payment_method,False,False,False,False,True,False
txn_002481,cust_000403,2026-04-11T13:18:00,card,IDFC,2676.55,96,1,13,23,technical_bank_side,False,do_nothing,True,True,True,True,False,True
txn_002482,cust_001205,2026-02-21T15:01:00,card,ICICI,1911.98,51,0,15,16,insufficient_funds,False,delayed_retry@48,False,False,True,True,False,True
txn_002483,cust_000669,2026-05-29T15:33:00,card,IDFC,11778.98,51,0,15,4,insufficient_funds,False,delayed_retry@48,False,False,False,False,False,False
txn_002484,cust_000879,2026-06-06T04:27:00,upi,Yes Bank,3144.19,91,0,4,17,technical_bank_side,False,do_nothing,False,False,True,True,False,False
txn_002485,cust_001406,2026-03-10T10:20:00,card,HDFC,881.29,51,1,10,13,insufficient_funds,False,delayed_retry@12,False,False,False,False,True,True
txn_002486,cust_001310,2026-01-16T23:14:00,card,HDFC,1091.61,14,2,23,8,invalid_details,False,delayed_retry@12,False,False,False,False,False,False
txn_002487,cust_000240,2026-01-23T19:22:00,card,IDFC,3250.99,65,0,19,16,insufficient_funds,False,delayed_retry@12,True,False,False,True,False,False
txn_002488,cust_000736,2026-02-15T03:13:00,upi,Yes Bank,1035.28,51,1,3,5,insufficient_funds,False,prompt_new_payment_method,False,False,False,True,False,False
txn_002489,cust_000514,2026-05-02T12:14:00,upi,HDFC,5216.03,51,0,12,6,insufficient_funds,False,do_nothing,False,False,True,True,True,True
txn_002490,cust_001231,2026-07-11T18:40:00,card,IDFC,288.35,51,0,18,17,insufficient_funds,False,do_nothing,False,False,True,True,True,False
txn_002491,cust_000992,2026-03-21T20:40:00,upi,SBI,3375.83,91,2,20,16,technical_bank_side,False,immediate_retry,False,False,False,False,False,False
txn_002492,cust_001383,2026-06-13T08:35:00,netbanking,ICICI,583.01,54,1,8,17,expired_card,False,delayed_retry@48,False,False,False,False,False,True
txn_002493,cust_000821,2026-01-17T19:17:00,card,Kotak,111.43,05,1,19,22,insufficient_funds,False,prompt_new_payment_method,False,False,False,False,True,False
txn_002494,cust_001309,2026-04-22T12:26:00,wallet,Yes Bank,498.17,96,0,12,18,technical_bank_side,False,delayed_retry@48,True,False,True,True,True,False
txn_002495,cust_000879,2026-03-08T01:11:00,card,Yes Bank,2003.57,61,0,1,31,insufficient_funds,False,delayed_retry@12,True,True,True,True,True,True
txn_002496,cust_001476,2026-02-05T05:54:00,wallet,Yes Bank,1345.9,65,2,5,3,insufficient_funds,False,immediate_retry,False,False,False,False,False,False
txn_002497,cust_001197,2026-04-18T00:27:00,card,Axis,265.02,34,0,0,20,fraud_suspected,True,delayed_retry@48,False,False,False,False,False,False
txn_002498,cust_000737,2026-06-14T14:25:00,card,HDFC,5921.97,96,0,14,31,technical_bank_side,False,delayed_retry@48,False,False,False,False,False,False
txn_002499,cust_000666,2026-03-26T23:21:00,upi,Axis,223.37,54,0,23,30,expired_card,False,immediate_retry,False,False,False,False,False,True
txn_002500,cust_000414,2026-07-15T17:36:00,wallet,Axis,1296.53,51,0,17,3,insufficient_funds,False,prompt_new_payment_method,False,False,False,False,False,False
txn_002501,cust_000042,2026-05-30T04:28:00,upi,IDFC,338.41,54,2,4,26,expired_card,False,prompt_new_payment_method,True,False,False,False,False,True
txn_002502,cust_001313,2026-01-08T14:04:00,card,HDFC,425.86,54,2,14,5,expired_card,False,immediate_retry,False,True,False,False,False,True
txn_002503,cust_000634,2026-04-21T11:36:00,upi,Axis,5203.57,51,2,11,4,technical_bank_side,False,do_nothing,False,False,False,True,False,False
txn_002504,cust_000891,2026-01-13T14:54:00,card,IDFC,1686.36,61,0,14,2,insufficient_funds,False,delayed_retry@12,False,False,False,False,True,False
txn_002505,cust_000952,2026-01-10T15:04:00,upi,IDFC,746.34,05,2,15,15,invalid_details,False,delayed_retry@48,False,False,False,False,False,False
txn_002506,cust_000544,2026-06-22T17:47:00,netbanking,ICICI,427.47,51,1,17,30,insufficient_funds,False,delayed_retry@12,True,False,False,True,False,False
txn_002507,cust_001301,2026-06-03T08:35:00,card,Axis,289.96,65,0,8,1,insufficient_funds,False,do_nothing,False,False,False,False,True,False
txn_002508,cust_001215,2026-02-28T08:16:00,upi,Axis,784.44,91,0,8,18,technical_bank_side,False,delayed_retry@12,False,False,True,False,False,False
txn_002509,cust_000040,2026-06-20T05:39:00,upi,HDFC,207.0,14,0,5,8,expired_card,False,delayed_retry@12,False,False,False,False,False,False
txn_002510,cust_001188,2026-01-16T16:28:00,card,Kotak,1433.64,91,0,16,16,technical_bank_side,False,delayed_retry@48,False,False,True,True,False,False
txn_002511,cust_000868,2026-07-06T16:19:00,wallet,Kotak,1180.61,14,1,16,12,expired_card,False,prompt_new_payment_method,False,False,False,False,False,False
txn_002512,cust_001126,2026-06-29T19:09:00,wallet,SBI,491.49,33,2,19,9,expired_card,False,prompt_new_payment_method,False,False,False,False,False,False
txn_002513,cust_001475,2026-05-14T20:21:00,card,Kotak,592.07,05,3,20,24,technical_bank_side,False,immediate_retry,False,True,False,False,True,True
txn_002514,cust_000536,2026-05-02T05:04:00,card,Yes Bank,2108.12,14,0,5,21,invalid_details,False,prompt_new_payment_method,True,False,False,False,False,True
txn_002515,cust_001156,2026-02-06T06:44:00,card,Kotak,428.29,54,0,6,21,expired_card,False,delayed_retry@48,False,False,False,False,False,True
txn_002516,cust_001430,2026-02-24T11:22:00,card,Axis,1473.57,91,0,11,20,technical_bank_side,False,prompt_new_payment_method,True,False,True,False,True,True
txn_002517,cust_001208,2026-04-30T02:01:00,upi,Axis,1727.71,05,0,2,9,insufficient_funds,False,delayed_retry@48,False,False,False,True,False,False
txn_002518,cust_000508,2026-05-10T03:11:00,card,Kotak,199.17,59,1,3,12,fraud_suspected,True,prompt_new_payment_method,False,False,False,False,False,False
txn_002519,cust_000206,2026-02-06T20:42:00,upi,Kotak,367.18,96,2,20,31,invalid_details,False,delayed_retry@48,False,False,True,False,False,False
txn_002520,cust_000474,2026-06-05T12:35:00,upi,IDFC,534.94,59,0,12,20,fraud_suspected,True,delayed_retry@12,False,True,False,False,False,False
txn_002521,cust_000732,2026-02-04T13:30:00,upi,Kotak,973.68,05,0,13,29,technical_bank_side,False,prompt_new_payment_method,False,False,True,False,False,False
txn_002522,cust_001107,2026-07-17T06:32:00,upi,Yes Bank,1120.68,82,0,6,13,invalid_details,False,delayed_retry@48,False,True,False,False,False,True
txn_002523,cust_000035,2026-03-25T20:37:00,card,ICICI,347.62,12,0,20,19,invalid_details,False,do_nothing,False,False,False,False,False,False
txn_002524,cust_000046,2026-06-05T20:50:00,card,Kotak,1090.19,12,0,20,2,invalid_details,False,delayed_retry@12,False,False,False,False,False,False
txn_002525,cust_000429,2026-05-09T16:29:00,card,Yes Bank,4160.39,54,1,16,23,expired_card,False,delayed_retry@48,False,False,False,False,False,False
txn_002526,cust_001102,2026-02-06T18:25:00,upi,Yes Bank,1787.54,82,3,18,5,invalid_details,False,do_nothing,False,False,False,False,False,True
txn_002527,cust_001307,2026-03-15T09:12:00,card,IDFC,959.39,33,0,9,11,expired_card,False,immediate_retry,False,True,False,False,False,True
txn_002528,cust_001004,2026-04-14T00:18:00,netbanking,SBI,2507.06,05,0,0,26,fraud_suspected,True,delayed_retry@12,False,False,False,False,False,False
txn_002529,cust_000057,2026-05-19T15:51:00,wallet,ICICI,1199.8,51,0,15,26,technical_bank_side,False,immediate_retry,False,False,False,True,False,False
txn_002530,cust_000085,2026-04-30T12:01:00,card,SBI,793.87,33,1,12,7,fraud_suspected,False,delayed_retry@48,False,False,False,False,False,True
txn_002531,cust_000170,2026-04-09T21:23:00,upi,Axis,433.53,51,2,21,14,fraud_suspected,False,immediate_retry,False,False,False,False,True,True
txn_002532,cust_001411,2026-03-27T14:29:00,card,Kotak,2504.75,14,0,14,11,invalid_details,False,delayed_retry@12,False,False,False,False,False,False
txn_002533,cust_001383,2026-06-20T05:52:00,upi,Axis,250.08,05,0,5,16,invalid_details,False,delayed_retry@12,False,False,False,False,False,True
txn_002534,cust_000186,2026-05-17T01:18:00,netbanking,IDFC,15137.65,05,3,1,12,technical_bank_side,False,delayed_retry@48,False,False,False,False,False,False
txn_002535,cust_000088,2026-04-01T09:49:00,upi,Axis,410.54,59,2,9,3,fraud_suspected,True,immediate_retry,False,False,False,False,False,False
txn_002536,cust_000707,2026-01-04T14:45:00,netbanking,Yes Bank,1614.35,51,1,14,16,insufficient_funds,False,immediate_retry,False,False,False,False,False,False
txn_002537,cust_001204,2026-05-16T04:34:00,card,Kotak,1173.13,51,0,4,30,insufficient_funds,False,do_nothing,False,False,False,False,True,False
txn_002538,cust_000434,2026-07-05T06:38:00,wallet,Yes Bank,1334.51,05,1,6,25,expired_card,False,do_nothing,False,False,False,False,False,True
txn_002539,cust_000577,2026-06-08T16:05:00,netbanking,Axis,2922.26,14,2,16,15,invalid_details,False,delayed_retry@12,False,False,False,False,False,True
txn_002540,cust_000093,2026-01-10T17:08:00,upi,Kotak,297.41,05,1,17,22,technical_bank_side,False,delayed_retry@12,False,False,False,False,False,False
txn_002541,cust_000438,2026-06-24T20:53:00,upi,Axis,1954.55,96,1,20,24,technical_bank_side,False,immediate_retry,True,False,True,False,False,False
txn_002542,cust_000646,2026-01-28T09:32:00,card,Axis,5103.25,63,0,9,12,fraud_suspected,True,delayed_retry@48,False,False,False,False,False,False
txn_002543,cust_000551,2026-02-08T16:51:00,card,Yes Bank,1119.45,51,0,16,15,insufficient_funds,False,do_nothing,False,False,False,False,False,False
txn_002544,cust_000622,2026-01-10T23:34:00,card,IDFC,685.27,54,1,23,23,expired_card,False,delayed_retry@12,False,False,False,False,False,True
txn_002545,cust_000436,2026-02-23T04:15:00,upi,IDFC,969.2,14,2,4,24,invalid_details,False,delayed_retry@48,False,False,False,False,False,True
txn_002546,cust_001160,2026-01-25T16:59:00,card,SBI,269.85,14,0,16,30,invalid_details,False,prompt_new_payment_method,False,False,False,False,False,False
txn_002547,cust_001379,2026-05-12T12:09:00,card,SBI,770.02,91,1,12,4,technical_bank_side,False,immediate_retry,False,False,False,False,False,False
txn_002548,cust_001216,2026-01-04T05:52:00,upi,Axis,293.66,51,3,5,30,insufficient_funds,False,immediate_retry,False,True,False,False,False,False
txn_002549,cust_000559,2026-03-07T06:09:00,upi,Yes Bank,431.96,54,0,6,26,expired_card,False,delayed_retry@48,False,False,False,False,False,True
txn_002550,cust_000645,2026-06-09T04:16:00,upi,IDFC,438.53,05,2,4,26,fraud_suspected,True,delayed_retry@12,False,False,False,False,False,False
txn_002551,cust_000652,2026-04-02T08:06:00,card,IDFC,404.31,05,1,8,22,technical_bank_side,False,delayed_retry@12,False,False,False,False,False,False
txn_002552,cust_000758,2026-04-07T22:10:00,upi,ICICI,9229.8,91,1,22,18,technical_bank_side,False,do_nothing,False,False,True,False,False,False
txn_002553,cust_001324,2026-05-16T11:02:00,card,Yes Bank,256.25,51,2,11,5,insufficient_funds,False,delayed_retry@48,True,False,True,True,True,True
txn_002554,cust_000813,2026-06-16T03:13:00,netbanking,Axis,1149.82,51,1,3,25,insufficient_funds,False,prompt_new_payment_method,False,False,False,False,False,False
txn_002555,cust_001347,2026-07-19T10:38:00,upi,SBI,1273.12,14,0,10,10,invalid_details,False,prompt_new_payment_method,False,False,False,False,False,False
txn_002556,cust_000588,2026-04-16T18:43:00,upi,ICICI,1692.86,33,0,18,13,expired_card,False,prompt_new_payment_method,False,False,False,False,False,False
txn_002557,cust_001186,2026-02-21T22:06:00,card,Kotak,3701.05,05,0,22,19,expired_card,False,delayed_retry@48,False,False,False,False,False,True
txn_002558,cust_000725,2026-06-24T13:10:00,wallet,ICICI,607.47,59,1,13,20,fraud_suspected,True,delayed_retry@48,False,False,False,False,False,False
txn_002559,cust_000864,2026-06-18T03:20:00,netbanking,SBI,312.81,51,0,3,30,technical_bank_side,False,delayed_retry@48,True,True,True,True,True,True
txn_002560,cust_001244,2026-06-25T21:35:00,card,IDFC,455.59,51,0,21,18,technical_bank_side,False,do_nothing,False,False,True,False,False,False
txn_002561,cust_000080,2026-02-25T22:07:00,upi,HDFC,372.81,61,0,22,11,insufficient_funds,False,do_nothing,False,False,False,False,True,False
txn_002562,cust_000755,2026-02-25T03:18:00,wallet,Yes Bank,2036.42,61,3,3,3,insufficient_funds,False,immediate_retry,True,False,True,False,False,True
txn_002563,cust_000763,2026-05-28T01:15:00,card,Kotak,1355.2,61,2,1,17,insufficient_funds,False,immediate_retry,False,False,False,True,False,True
txn_002564,cust_000904,2026-07-13T01:50:00,card,Kotak,581.78,51,0,1,6,insufficient_funds,False,delayed_retry@48,True,False,False,True,True,False
txn_002565,cust_000330,2026-04-01T01:43:00,card,Yes Bank,753.92,51,0,1,7,insufficient_funds,False,immediate_retry,False,False,False,False,True,False
txn_002566,cust_000006,2026-06-08T00:29:00,card,SBI,4561.02,82,3,0,7,invalid_details,False,prompt_new_payment_method,False,False,False,False,False,False
txn_002567,cust_001301,2026-03-05T14:02:00,card,ICICI,779.97,91,3,14,18,technical_bank_side,False,delayed_retry@48,True,True,False,False,True,False
txn_002568,cust_001364,2026-05-06T02:26:00,upi,ICICI,565.41,59,1,2,24,fraud_suspected,True,delayed_retry@48,False,True,False,False,False,False
txn_002569,cust_000237,2026-04-13T10:05:00,card,Kotak,1088.09,05,0,10,17,insufficient_funds,False,immediate_retry,False,False,False,False,True,False
txn_002570,cust_000077,2026-05-17T04:30:00,upi,HDFC,966.9,61,0,4,17,insufficient_funds,False,delayed_retry@12,False,False,False,False,False,False
txn_002571,cust_000845,2026-06-25T12:03:00,upi,Axis,746.63,34,3,12,30,fraud_suspected,True,prompt_new_payment_method,False,False,False,False,False,False
txn_002572,cust_000456,2026-06-09T21:59:00,card,IDFC,786.48,14,2,21,25,invalid_details,False,prompt_new_payment_method,False,False,False,False,False,False
txn_002573,cust_000673,2026-04-29T00:32:00,upi,Yes Bank,959.19,61,0,0,21,insufficient_funds,False,delayed_retry@12,True,False,False,True,False,False
txn_002574,cust_000425,2026-04-01T11:17:00,upi,IDFC,608.6,51,1,11,14,insufficient_funds,False,delayed_retry@12,True,False,False,True,True,True
txn_002575,cust_000857,2026-04-19T03:25:00,card,IDFC,2238.18,51,0,3,10,technical_bank_side,False,prompt_new_payment_method,False,False,False,False,False,False
txn_002576,cust_000931,2026-07-08T13:00:00,card,HDFC,962.63,51,0,13,18,insufficient_funds,False,do_nothing,False,False,False,True,True,False
txn_002577,cust_000208,2026-01-25T21:49:00,wallet,SBI,19811.59,61,2,21,24,insufficient_funds,False,immediate_retry,True,False,True,True,True,False
txn_002578,cust_001072,2026-06-22T07:01:00,card,IDFC,1347.73,65,0,7,31,insufficient_funds,False,immediate_retry,False,True,False,True,True,False
txn_002579,cust_000170,2026-02-26T21:05:00,upi,Kotak,1976.87,61,1,21,17,insufficient_funds,False,delayed_retry@12,True,False,False,True,False,False
txn_002580,cust_000712,2026-05-29T01:56:00,card,IDFC,3092.18,51,0,1,13,insufficient_funds,False,do_nothing,False,False,False,True,True,False
txn_002581,cust_000944,2026-02-02T15:04:00,card,Kotak,833.17,96,0,15,15,technical_bank_side,False,immediate_retry,False,False,False,True,True,False
txn_002582,cust_001205,2026-01-24T04:35:00,upi,IDFC,2429.34,51,1,4,11,insufficient_funds,False,delayed_retry@48,False,False,False,False,False,False
txn_002583,cust_000327,2026-02-18T17:00:00,card,SBI,756.49,65,2,17,1,insufficient_funds,False,delayed_retry@12,False,False,False,False,True,False
txn_002584,cust_001307,2026-05-30T11:28:00,upi,IDFC,740.15,54,2,11,31,expired_card,False,delayed_retry@12,False,False,False,False,False,False
txn_002585,cust_001265,2026-01-23T05:00:00,card,Yes Bank,278.65,65,0,5,20,insufficient_funds,False,do_nothing,False,False,False,False,False,False
txn_002586,cust_000813,2026-07-19T23:28:00,upi,IDFC,499.76,51,0,23,10,insufficient_funds,False,prompt_new_payment_method,False,True,False,True,False,False
txn_002587,cust_001272,2026-04-11T05:34:00,wallet,HDFC,1605.15,59,1,5,13,fraud_suspected,True,delayed_retry@48,False,False,False,False,False,False
txn_002588,cust_000232,2026-03-24T04:19:00,netbanking,Kotak,623.67,96,0,4,13,technical_bank_side,False,do_nothing,False,False,False,False,False,False
txn_002589,cust_000525,2026-02-23T02:41:00,card,Axis,263.07,05,0,2,4,expired_card,False,delayed_retry@12,False,False,False,False,False,True
txn_002590,cust_000878,2026-03-21T06:46:00,upi,HDFC,713.0,96,1,6,5,technical_bank_side,False,prompt_new_payment_method,False,False,False,False,False,False
txn_002591,cust_000845,2026-06-07T22:15:00,card,ICICI,52.56,05,1,22,5,technical_bank_side,False,delayed_retry@48,True,False,False,False,True,False
txn_002592,cust_001381,2026-07-13T08:30:00,card,IDFC,5590.32,05,2,8,1,technical_bank_side,False,immediate_retry,False,False,False,False,True,False
txn_002593,cust_000139,2026-07-06T07:42:00,card,Kotak,273.08,05,0,7,16,insufficient_funds,False,delayed_retry@48,True,False,True,True,True,False
txn_002594,cust_000271,2026-06-20T20:14:00,card,HDFC,547.87,05,3,20,11,fraud_suspected,True,delayed_retry@12,False,False,False,False,False,False
txn_002595,cust_000679,2026-02-08T05:25:00,card,IDFC,342.49,05,0,5,15,fraud_suspected,False,delayed_retry@12,True,False,False,True,True,True
txn_002596,cust_000726,2026-06-07T14:39:00,card,Yes Bank,434.6,82,0,14,10,invalid_details,False,prompt_new_payment_method,False,False,False,False,False,False
txn_002597,cust_001049,2026-01-13T19:07:00,netbanking,Yes Bank,827.04,91,1,19,22,technical_bank_side,False,delayed_retry@48,False,False,False,False,False,False
txn_002598,cust_000407,2026-07-16T02:52:00,card,Kotak,829.81,59,1,2,2,fraud_suspected,True,prompt_new_payment_method,False,False,False,False,False,False
txn_002599,cust_000533,2026-03-18T02:12:00,card,SBI,1676.21,05,1,2,23,technical_bank_side,False,delayed_retry@48,True,False,True,True,True,False
txn_002600,cust_000020,2026-06-03T12:53:00,upi,Kotak,1836.72,51,1,12,28,insufficient_funds,False,prompt_new_payment_method,False,False,False,True,True,False
txn_002601,cust_000860,2026-01-04T10:08:00,netbanking,IDFC,1010.75,65,0,10,24,insufficient_funds,False,immediate_retry,False,False,False,False,False,False
txn_002602,cust_000788,2026-03-16T05:37:00,wallet,Axis,4627.45,91,1,5,15,technical_bank_side,False,delayed_retry@12,True,False,False,True,False,False
txn_002603,cust_001223,2026-03-29T16:34:00,upi,Yes Bank,419.84,51,0,16,20,insufficient_funds,False,delayed_retry@48,False,True,False,False,False,False
txn_002604,cust_001452,2026-06-06T07:08:00,upi,Axis,885.59,91,0,7,20,technical_bank_side,False,immediate_retry,False,False,False,False,False,False
txn_002605,cust_001132,2026-03-03T02:45:00,netbanking,IDFC,238.6,59,1,2,6,fraud_suspected,True,delayed_retry@48,False,False,False,False,False,False
txn_002606,cust_001058,2026-03-06T01:42:00,card,Kotak,971.26,65,0,1,14,insufficient_funds,False,delayed_retry@48,False,False,False,False,False,False
txn_002607,cust_001297,2026-05-07T02:33:00,upi,HDFC,5616.62,61,0,2,21,insufficient_funds,False,delayed_retry@12,True,False,False,True,False,True
txn_002608,cust_001092,2026-04-04T22:50:00,upi,Axis,507.38,05,0,22,11,technical_bank_side,False,delayed_retry@48,True,False,True,True,True,False
txn_002609,cust_001287,2026-01-31T05:22:00,upi,IDFC,491.39,05,0,5,20,technical_bank_side,False,immediate_retry,True,True,True,False,False,False
txn_002610,cust_000744,2026-01-10T16:34:00,netbanking,Axis,714.38,54,1,16,11,expired_card,False,immediate_retry,False,False,False,False,False,False
txn_002611,cust_000756,2026-06-03T03:37:00,upi,Axis,196.42,96,1,3,26,technical_bank_side,False,prompt_new_payment_method,True,True,True,True,True,True
txn_002612,cust_000133,2026-03-05T20:06:00,card,Kotak,4485.97,51,0,20,6,insufficient_funds,False,do_nothing,False,False,False,True,False,False
txn_002613,cust_000653,2026-01-25T21:57:00,upi,Axis,568.84,91,0,21,4,technical_bank_side,False,do_nothing,False,False,False,False,False,False
txn_002614,cust_000632,2026-05-02T19:06:00,netbanking,HDFC,1433.42,54,2,19,18,expired_card,False,delayed_retry@12,False,False,False,False,False,False
txn_002615,cust_001066,2026-03-18T09:41:00,upi,IDFC,1557.98,12,0,9,13,invalid_details,False,prompt_new_payment_method,True,False,False,True,False,True
txn_002616,cust_000767,2026-05-26T09:24:00,card,HDFC,2474.99,54,0,9,19,expired_card,False,do_nothing,False,False,False,False,False,False
txn_002617,cust_000586,2026-03-21T12:12:00,card,Yes Bank,1551.88,91,0,12,23,technical_bank_side,False,prompt_new_payment_method,False,True,False,True,True,False
txn_002618,cust_000817,2026-07-20T08:25:00,upi,Axis,2932.01,51,3,8,23,insufficient_funds,False,do_nothing,True,True,False,True,True,True
txn_002619,cust_000513,2026-04-15T20:38:00,card,IDFC,4125.46,05,0,20,25,insufficient_funds,False,immediate_retry,False,False,False,False,False,False
txn_002620,cust_000599,2026-02-28T22:28:00,upi,Yes Bank,1933.71,65,0,22,1,insufficient_funds,False,delayed_retry@12,False,False,True,False,True,False
txn_002621,cust_000832,2026-02-01T13:37:00,card,Kotak,1017.57,05,2,13,16,insufficient_funds,False,immediate_retry,False,False,False,True,False,False
txn_002622,cust_000955,2026-01-31T15:37:00,upi,IDFC,1151.35,96,0,15,4,technical_bank_side,False,immediate_retry,True,False,True,True,False,False
txn_002623,cust_000712,2026-02-15T18:54:00,wallet,Kotak,548.11,91,2,18,18,technical_bank_side,False,immediate_retry,True,False,True,True,False,False
txn_002624,cust_001479,2026-06-26T06:57:00,card,Kotak,3806.82,65,0,6,26,insufficient_funds,False,delayed_retry@48,True,True,False,True,True,False
txn_002625,cust_000330,2026-02-06T07:10:00,wallet,IDFC,435.57,05,0,7,18,expired_card,False,immediate_retry,False,False,False,False,False,False
txn_002626,cust_000065,2026-05-17T23:09:00,upi,Kotak,193.51,51,0,23,13,insufficient_funds,False,prompt_new_payment_method,True,False,False,True,True,True
txn_002627,cust_000633,2026-04-23T08:46:00,card,Kotak,291.41,33,0,8,15,expired_card,False,delayed_retry@12,False,False,False,False,False,False
txn_002628,cust_000234,2026-06-01T06:35:00,card,IDFC,932.07,96,0,6,7,technical_bank_side,False,do_nothing,False,False,False,False,False,False
txn_002629,cust_000651,2026-03-04T12:00:00,card,IDFC,415.99,14,0,12,26,invalid_details,False,delayed_retry@48,False,False,False,False,False,False
txn_002630,cust_000300,2026-05-10T22:46:00,card,Kotak,692.4,54,1,22,2,expired_card,False,do_nothing,False,False,False,False,False,False
txn_002631,cust_001486,2026-05-12T16:19:00,netbanking,SBI,1299.7,91,2,16,7,technical_bank_side,False,prompt_new_payment_method,False,False,True,False,True,False
txn_002632,cust_000291,2026-04-18T11:21:00,netbanking,Axis,2902.78,05,0,11,30,technical_bank_side,False,immediate_retry,False,False,False,False,False,False
txn_002633,cust_000355,2026-07-06T23:52:00,card,SBI,816.79,05,0,23,19,technical_bank_side,False,delayed_retry@12,True,False,True,True,True,True
txn_002634,cust_000635,2026-01-13T19:21:00,netbanking,ICICI,791.49,65,2,19,16,insufficient_funds,False,prompt_new_payment_method,False,False,False,False,True,False
txn_002635,cust_000509,2026-03-14T14:11:00,card,Kotak,3633.12,14,0,14,8,invalid_details,False,prompt_new_payment_method,False,False,False,False,False,False
txn_002636,cust_001022,2026-01-16T21:06:00,card,Yes Bank,227.08,51,1,21,7,insufficient_funds,False,do_nothing,False,False,False,False,False,False
txn_002637,cust_000779,2026-06-09T14:31:00,card,Axis,1407.74,59,3,14,25,fraud_suspected,True,prompt_new_payment_method,False,False,False,False,False,False
txn_002638,cust_000623,2026-04-22T21:46:00,upi,ICICI,422.0,51,0,21,28,insufficient_funds,False,delayed_retry@12,True,False,False,True,False,False
txn_002639,cust_000365,2026-01-02T10:08:00,card,HDFC,2448.77,51,3,10,30,insufficient_funds,False,delayed_retry@48,False,False,False,False,False,True
txn_002640,cust_000387,2026-02-14T07:03:00,card,IDFC,198.76,51,1,7,28,insufficient_funds,False,immediate_retry,False,False,False,True,True,True
txn_002641,cust_001091,2026-03-22T22:21:00,card,Axis,297.2,51,3,22,16,insufficient_funds,False,prompt_new_payment_method,False,False,False,False,False,False
txn_002642,cust_000752,2026-06-15T00:25:00,upi,Axis,616.39,91,0,0,6,technical_bank_side,False,do_nothing,False,False,True,True,True,True
txn_002643,cust_001052,2026-03-31T19:54:00,card,Axis,2124.33,91,0,19,2,technical_bank_side,False,delayed_retry@12,True,True,True,True,True,True
txn_002644,cust_001291,2026-03-19T08:19:00,wallet,IDFC,491.77,91,0,8,5,technical_bank_side,False,delayed_retry@48,True,False,False,False,True,True
txn_002645,cust_001491,2026-07-09T06:22:00,card,Axis,484.13,65,0,6,31,insufficient_funds,False,delayed_retry@12,True,False,False,True,False,False
txn_002646,cust_000959,2026-05-11T22:41:00,card,Yes Bank,286.9,54,2,22,4,expired_card,False,prompt_new_payment_method,True,True,False,False,False,True
txn_002647,cust_001255,2026-04-08T15:48:00,upi,ICICI,1182.26,51,0,15,4,insufficient_funds,False,do_nothing,False,False,True,True,True,True
txn_002648,cust_000786,2026-03-05T21:08:00,card,Kotak,1326.55,05,0,21,24,insufficient_funds,False,prompt_new_payment_method,False,True,True,False,True,False
txn_002649,cust_001106,2026-07-17T22:27:00,card,IDFC,653.27,05,0,22,22,fraud_suspected,False,do_nothing,True,True,False,True,False,False
txn_002650,cust_001087,2026-06-28T22:15:00,upi,ICICI,136.38,05,1,22,6,technical_bank_side,False,delayed_retry@12,True,False,True,True,True,False
txn_002651,cust_000536,2026-01-11T00:42:00,card,Axis,271.7,51,0,0,17,insufficient_funds,False,delayed_retry@12,False,True,True,False,True,False
txn_002652,cust_000518,2026-05-07T06:51:00,card,Yes Bank,181.42,33,0,6,27,expired_card,False,delayed_retry@48,False,False,False,False,False,False
txn_002653,cust_000632,2026-03-01T07:08:00,upi,ICICI,936.63,61,0,7,18,insufficient_funds,False,delayed_retry@48,True,False,False,False,True,False
txn_002654,cust_000154,2026-06-01T02:55:00,card,Axis,601.87,12,1,2,29,invalid_details,False,delayed_retry@48,False,False,False,False,False,False
txn_002655,cust_000284,2026-05-25T05:06:00,netbanking,Kotak,1094.38,51,3,5,3,insufficient_funds,False,prompt_new_payment_method,True,False,False,False,False,True
txn_002656,cust_000425,2026-07-05T23:00:00,wallet,SBI,756.51,91,0,23,25,technical_bank_side,False,do_nothing,False,False,True,False,True,False
txn_002657,cust_001053,2026-06-07T07:20:00,card,Axis,6305.59,51,0,7,15,insufficient_funds,False,prompt_new_payment_method,False,False,True,False,True,False
txn_002658,cust_000342,2026-05-02T02:47:00,upi,HDFC,915.35,61,0,2,24,insufficient_funds,False,immediate_retry,False,False,False,False,False,False
txn_002659,cust_000979,2026-04-29T14:36:00,upi,Axis,805.47,51,1,14,2,insufficient_funds,False,immediate_retry,False,False,False,True,True,False
txn_002660,cust_000055,2026-04-04T05:26:00,card,HDFC,1594.36,05,3,5,14,invalid_details,False,do_nothing,False,False,False,False,False,False
txn_002661,cust_000777,2026-07-10T18:31:00,card,Yes Bank,759.51,51,2,18,24,insufficient_funds,False,delayed_retry@48,False,False,False,False,False,False
txn_002662,cust_000801,2026-01-19T05:27:00,card,SBI,1809.99,51,0,5,15,insufficient_funds,False,delayed_retry@48,True,False,False,True,True,False
txn_002663,cust_001199,2026-06-21T20:58:00,card,IDFC,2219.81,12,0,20,28,invalid_details,False,delayed_retry@12,False,False,False,False,False,True
txn_002664,cust_001287,2026-06-23T18:27:00,upi,Axis,853.8,51,2,18,25,insufficient_funds,False,delayed_retry@48,False,True,False,True,False,False
txn_002665,cust_000602,2026-06-27T03:26:00,card,ICICI,1736.82,51,1,3,17,insufficient_funds,False,do_nothing,False,False,False,False,False,False
txn_002666,cust_000924,2026-04-18T13:13:00,wallet,Yes Bank,3365.79,59,1,13,23,fraud_suspected,True,delayed_retry@48,False,False,False,False,False,False
txn_002667,cust_000114,2026-03-04T15:23:00,netbanking,Kotak,471.58,96,0,15,29,technical_bank_side,False,delayed_retry@12,True,False,False,True,False,False
txn_002668,cust_000718,2026-04-02T12:33:00,upi,Yes Bank,3023.76,59,0,12,17,fraud_suspected,True,delayed_retry@48,False,False,False,False,False,False
txn_002669,cust_001080,2026-04-25T13:40:00,wallet,Kotak,1893.67,91,1,13,14,technical_bank_side,False,delayed_retry@48,True,False,False,True,True,False
txn_002670,cust_000299,2026-05-28T10:35:00,upi,ICICI,1131.92,96,1,10,9,technical_bank_side,False,do_nothing,False,False,True,True,False,False
txn_002671,cust_000217,2026-06-11T13:43:00,card,Axis,1486.98,54,0,13,19,expired_card,False,delayed_retry@12,False,False,False,False,False,True
txn_002672,cust_000588,2026-03-06T00:26:00,card,ICICI,7310.86,51,0,0,27,technical_bank_side,False,immediate_retry,False,False,False,True,True,False
txn_002673,cust_000415,2026-05-12T10:27:00,upi,SBI,1203.66,14,2,10,13,invalid_details,False,delayed_retry@12,False,False,False,False,False,True
txn_002674,cust_001170,2026-02-17T12:27:00,upi,IDFC,2223.84,14,1,12,14,invalid_details,False,immediate_retry,False,False,False,False,False,False
txn_002675,cust_000495,2026-03-10T00:13:00,upi,HDFC,2017.97,51,0,0,13,insufficient_funds,False,do_nothing,True,True,False,True,True,True
txn_002676,cust_001220,2026-02-05T09:03:00,upi,Kotak,1207.87,12,0,9,25,invalid_details,False,delayed_retry@12,False,False,False,False,False,False
txn_002677,cust_000595,2026-02-15T11:43:00,card,IDFC,2158.8,82,0,11,30,invalid_details,False,prompt_new_payment_method,False,False,False,False,False,False
txn_002678,cust_000107,2026-05-09T10:11:00,upi,Axis,4089.93,33,0,10,6,expired_card,False,delayed_retry@12,False,True,False,False,False,True
txn_002679,cust_000735,2026-05-14T21:40:00,card,Kotak,597.28,63,0,21,18,fraud_suspected,True,prompt_new_payment_method,False,False,False,False,False,False
txn_002680,cust_000629,2026-05-02T03:49:00,card,HDFC,2722.06,05,0,3,17,expired_card,False,delayed_retry@12,True,False,False,True,False,True
txn_002681,cust_000631,2026-05-11T09:28:00,netbanking,HDFC,1270.62,51,3,9,6,technical_bank_side,False,delayed_retry@48,True,True,False,False,True,False
txn_002682,cust_000162,2026-01-16T16:25:00,card,Axis,425.61,65,2,16,23,insufficient_funds,False,do_nothing,True,True,False,False,True,True
txn_002683,cust_000531,2026-04-26T16:33:00,upi,ICICI,2757.12,51,0,16,24,insufficient_funds,False,prompt_new_payment_method,True,False,False,False,True,True
txn_002684,cust_000740,2026-01-09T18:27:00,upi,Axis,2234.27,51,1,18,16,insufficient_funds,False,delayed_retry@48,False,True,False,False,False,True
txn_002685,cust_000883,2026-06-04T23:06:00,wallet,Axis,1004.09,61,0,23,22,technical_bank_side,False,delayed_retry@12,True,False,False,True,False,False
txn_002686,cust_000743,2026-05-13T13:50:00,upi,Yes Bank,813.05,91,1,13,11,technical_bank_side,False,delayed_retry@12,False,False,False,False,False,False
txn_002687,cust_001157,2026-01-28T15:47:00,upi,HDFC,3696.16,14,0,15,30,invalid_details,False,immediate_retry,False,False,False,False,False,True
txn_002688,cust_000593,2026-03-29T10:45:00,netbanking,IDFC,238.13,51,1,10,23,insufficient_funds,False,prompt_new_payment_method,False,False,False,False,False,False
txn_002689,cust_001363,2026-07-18T15:00:00,upi,ICICI,8958.22,14,0,15,5,invalid_details,False,do_nothing,False,False,False,False,False,False
txn_002690,cust_000861,2026-07-20T04:02:00,card,IDFC,550.45,54,1,4,31,expired_card,False,do_nothing,False,False,False,False,False,False
txn_002691,cust_000440,2026-03-14T21:02:00,card,HDFC,1629.93,61,0,21,22,insufficient_funds,False,delayed_retry@48,False,False,False,False,False,False
txn_002692,cust_000445,2026-03-18T14:43:00,wallet,IDFC,937.05,63,0,14,31,fraud_suspected,True,immediate_retry,False,False,False,False,False,False
txn_002693,cust_001273,2026-05-01T00:17:00,upi,ICICI,8855.73,59,0,0,23,invalid_details,True,prompt_new_payment_method,False,True,False,False,False,False
txn_002694,cust_000152,2026-05-08T08:06:00,card,ICICI,5302.49,51,0,8,4,insufficient_funds,False,delayed_retry@12,False,False,False,False,False,False
txn_002695,cust_000255,2026-05-16T13:51:00,upi,HDFC,2362.22,61,1,13,1,insufficient_funds,False,delayed_retry@12,True,False,False,True,False,False
txn_002696,cust_000676,2026-02-28T02:27:00,card,Axis,1058.42,51,1,2,15,insufficient_funds,False,prompt_new_payment_method,False,False,False,False,False,False
txn_002697,cust_000958,2026-04-11T00:52:00,netbanking,Axis,2476.08,63,0,0,11,fraud_suspected,True,do_nothing,False,False,False,False,False,False
txn_002698,cust_000733,2026-01-20T06:11:00,card,ICICI,217.94,05,3,6,14,insufficient_funds,False,do_nothing,False,False,False,False,False,False
txn_002699,cust_000417,2026-03-03T11:28:00,upi,ICICI,1463.88,91,0,11,25,technical_bank_side,False,delayed_retry@48,False,False,True,True,False,False
txn_002700,cust_000867,2026-04-13T20:58:00,card,IDFC,235.61,61,0,20,9,invalid_details,False,delayed_retry@48,True,False,False,True,True,False
txn_002701,cust_000429,2026-02-11T00:34:00,card,Axis,1097.89,14,1,0,26,invalid_details,False,prompt_new_payment_method,True,False,False,False,False,True
txn_002702,cust_000157,2026-02-22T03:17:00,upi,ICICI,2228.69,51,1,3,28,insufficient_funds,False,immediate_retry,False,True,False,True,False,False
txn_002703,cust_000622,2026-05-20T06:02:00,netbanking,Kotak,154.04,82,1,6,12,technical_bank_side,False,do_nothing,False,False,False,False,False,False
txn_002704,cust_000907,2026-06-23T08:17:00,upi,Kotak,1464.34,34,0,8,1,fraud_suspected,True,prompt_new_payment_method,False,False,False,False,False,False
txn_002705,cust_000680,2026-02-18T12:38:00,card,Axis,2306.02,51,2,12,5,insufficient_funds,False,delayed_retry@12,True,False,False,True,False,False
txn_002706,cust_000067,2026-07-05T18:23:00,card,IDFC,3047.08,54,2,18,2,expired_card,False,immediate_retry,False,False,False,False,False,False
txn_002707,cust_000351,2026-03-24T16:14:00,upi,Yes Bank,1535.48,05,0,16,24,technical_bank_side,False,delayed_retry@48,True,False,True,True,True,False
txn_002708,cust_000173,2026-01-07T19:09:00,card,Axis,4182.09,91,1,19,24,technical_bank_side,False,prompt_new_payment_method,False,True,False,True,True,False
txn_002709,cust_001470,2026-01-10T10:31:00,upi,Yes Bank,628.73,91,0,10,7,technical_bank_side,False,delayed_retry@48,False,False,False,False,False,False
txn_002710,cust_000456,2026-06-04T00:25:00,card,Axis,868.9,05,0,0,22,technical_bank_side,False,delayed_retry@12,True,False,True,True,True,False
txn_002711,cust_000859,2026-01-23T16:47:00,upi,Yes Bank,629.58,65,1,16,22,insufficient_funds,False,do_nothing,False,False,False,False,False,False
txn_002712,cust_000274,2026-04-24T15:49:00,card,Axis,3191.03,14,1,15,4,invalid_details,False,delayed_retry@48,False,False,False,False,False,False
txn_002713,cust_000224,2026-04-15T19:58:00,card,Axis,870.46,14,0,19,8,invalid_details,False,delayed_retry@48,False,False,False,False,False,True
txn_002714,cust_000328,2026-01-13T08:30:00,netbanking,Yes Bank,2154.29,05,3,8,6,insufficient_funds,False,prompt_new_payment_method,False,False,False,False,False,False
txn_002715,cust_000911,2026-03-20T03:38:00,upi,HDFC,367.45,51,0,3,19,insufficient_funds,False,do_nothing,False,False,False,False,False,False
txn_002716,cust_000371,2026-07-02T13:29:00,wallet,Kotak,752.8,54,0,13,6,expired_card,False,immediate_retry,False,False,False,False,False,False
txn_002717,cust_000781,2026-03-31T02:17:00,card,ICICI,404.29,51,0,2,5,insufficient_funds,False,delayed_retry@48,False,False,False,False,False,False
txn_002718,cust_000549,2026-07-09T11:53:00,card,Kotak,306.19,05,1,11,6,technical_bank_side,False,prompt_new_payment_method,False,False,False,False,False,False
txn_002719,cust_000076,2026-05-13T14:21:00,netbanking,Axis,402.25,51,1,14,25,insufficient_funds,False,immediate_retry,False,False,False,False,False,False
txn_002720,cust_000119,2026-04-10T17:59:00,upi,HDFC,4268.0,51,0,17,26,insufficient_funds,False,do_nothing,False,False,False,True,False,False
txn_002721,cust_000442,2026-06-04T07:30:00,wallet,IDFC,880.35,51,0,7,18,insufficient_funds,False,immediate_retry,False,False,False,False,False,False
txn_002722,cust_001011,2026-02-03T17:31:00,card,IDFC,1490.58,54,2,17,21,expired_card,False,delayed_retry@48,False,False,False,False,False,False
txn_002723,cust_001273,2026-02-07T00:04:00,card,SBI,712.52,14,2,0,10,invalid_details,False,immediate_retry,False,False,False,False,False,True
txn_002724,cust_000804,2026-02-24T09:58:00,upi,Yes Bank,803.59,33,1,9,12,expired_card,False,do_nothing,False,False,False,False,False,True
txn_002725,cust_000171,2026-04-27T08:26:00,upi,HDFC,21683.34,51,1,8,29,insufficient_funds,False,immediate_retry,False,False,False,True,False,True
txn_002726,cust_001215,2026-04-02T16:39:00,upi,ICICI,2683.18,05,0,16,15,technical_bank_side,False,do_nothing,False,False,True,True,True,False
txn_002727,cust_000713,2026-01-23T05:45:00,card,SBI,731.94,91,0,5,10,technical_bank_side,False,delayed_retry@48,True,False,True,False,True,False
txn_002728,cust_000231,2026-07-14T10:23:00,netbanking,ICICI,461.84,63,0,10,3,fraud_suspected,True,delayed_retry@48,False,False,False,False,False,False
txn_002729,cust_000779,2026-01-08T06:31:00,upi,Kotak,2292.23,34,2,6,24,fraud_suspected,True,immediate_retry,False,False,False,False,False,False
txn_002730,cust_000123,2026-04-12T12:51:00,card,HDFC,1491.82,05,1,12,25,invalid_details,True,delayed_retry@12,False,True,False,False,False,False
txn_002731,cust_000985,2026-04-01T02:21:00,upi,ICICI,241.98,05,2,2,3,technical_bank_side,False,delayed_retry@48,True,False,False,True,True,False
txn_002732,cust_000322,2026-03-31T09:58:00,upi,Yes Bank,12149.97,54,1,9,5,expired_card,False,prompt_new_payment_method,False,False,False,False,False,False
txn_002733,cust_000491,2026-04-06T22:58:00,card,ICICI,1159.82,51,0,22,23,insufficient_funds,False,do_nothing,False,False,False,True,False,False
txn_002734,cust_001114,2026-03-16T21:05:00,card,ICICI,283.63,96,0,21,14,technical_bank_side,False,delayed_retry@48,False,False,True,True,False,False
txn_002735,cust_001076,2026-01-28T12:14:00,card,Axis,1074.02,82,0,12,30,invalid_details,False,immediate_retry,False,False,False,False,False,True
txn_002736,cust_000720,2026-06-11T21:12:00,upi,Yes Bank,6197.74,51,2,21,29,insufficient_funds,False,prompt_new_payment_method,True,False,False,False,True,True
txn_002737,cust_001125,2026-03-24T14:07:00,netbanking,Axis,3144.54,51,1,14,31,insufficient_funds,False,prompt_new_payment_method,True,False,False,True,True,True
txn_002738,cust_000857,2026-04-12T14:48:00,card,SBI,4559.01,05,1,14,14,fraud_suspected,True,prompt_new_payment_method,False,False,False,False,False,False
txn_002739,cust_000314,2026-02-11T19:58:00,upi,Axis,1349.36,51,1,19,10,insufficient_funds,False,immediate_retry,False,False,False,False,False,False
txn_002740,cust_000523,2026-04-04T08:05:00,card,Kotak,930.32,51,1,8,2,technical_bank_side,False,delayed_retry@48,True,True,True,True,True,True
txn_002741,cust_000728,2026-03-31T03:46:00,upi,Kotak,1485.56,12,0,3,28,invalid_details,False,delayed_retry@48,False,False,False,False,False,False
txn_002742,cust_000172,2026-02-05T18:45:00,card,Kotak,1645.94,51,0,18,30,insufficient_funds,False,prompt_new_payment_method,False,False,False,False,False,False
txn_002743,cust_000401,2026-03-29T04:42:00,card,HDFC,578.35,33,2,4,24,expired_card,False,do_nothing,False,False,False,False,False,True
txn_002744,cust_000230,2026-01-06T15:14:00,card,IDFC,419.26,65,0,15,3,invalid_details,False,immediate_retry,False,False,False,True,False,False
txn_002745,cust_000989,2026-06-14T06:22:00,card,Axis,2045.12,51,2,6,11,technical_bank_side,False,prompt_new_payment_method,False,False,False,False,False,False
txn_002746,cust_000598,2026-03-31T19:35:00,netbanking,SBI,359.67,91,1,19,9,technical_bank_side,False,delayed_retry@48,False,False,False,False,False,True
txn_002747,cust_000553,2026-01-28T13:02:00,wallet,Axis,6145.58,05,1,13,12,technical_bank_side,False,delayed_retry@48,False,False,True,False,False,False
txn_002748,cust_001125,2026-01-21T15:20:00,card,HDFC,2100.22,14,1,15,8,invalid_details,False,do_nothing,False,False,False,False,False,False
txn_002749,cust_000710,2026-07-07T19:04:00,upi,IDFC,2998.87,54,1,19,13,expired_card,False,prompt_new_payment_method,True,True,False,True,False,True
txn_002750,cust_000796,2026-03-02T11:11:00,card,IDFC,416.87,51,2,11,8,insufficient_funds,False,delayed_retry@48,True,True,True,True,True,False
txn_002751,cust_000042,2026-02-26T14:46:00,netbanking,Axis,7516.86,54,0,14,26,expired_card,False,do_nothing,False,False,False,False,False,False
txn_002752,cust_001227,2026-07-01T01:10:00,upi,IDFC,2712.6,51,0,1,30,insufficient_funds,False,delayed_retry@12,True,False,False,True,True,True
txn_002753,cust_000964,2026-01-29T06:23:00,card,SBI,98.82,96,0,6,19,technical_bank_side,False,immediate_retry,False,False,False,False,False,False
txn_002754,cust_001165,2026-02-10T03:17:00,card,Yes Bank,5586.87,05,0,3,3,technical_bank_side,False,immediate_retry,True,False,True,False,False,False
txn_002755,cust_001154,2026-07-18T15:31:00,upi,ICICI,2402.1,54,1,15,2,technical_bank_side,False,prompt_new_payment_method,True,False,False,False,False,True
txn_002756,cust_000251,2026-05-26T16:12:00,card,IDFC,152.98,51,0,16,11,insufficient_funds,False,immediate_retry,False,False,False,True,False,False
txn_002757,cust_001483,2026-03-03T23:55:00,wallet,Axis,397.19,51,3,23,4,technical_bank_side,False,do_nothing,True,True,True,True,True,True
txn_002758,cust_000372,2026-01-09T09:07:00,card,Yes Bank,1275.12,61,1,9,21,insufficient_funds,False,do_nothing,False,False,False,False,False,False
txn_002759,cust_000123,2026-04-13T23:40:00,card,HDFC,5489.64,05,0,23,19,invalid_details,False,do_nothing,False,False,False,False,False,True
txn_002760,cust_001330,2026-03-06T23:57:00,upi,Axis,1227.48,51,2,23,5,technical_bank_side,False,immediate_retry,False,False,False,False,False,False
txn_002761,cust_001474,2026-01-15T01:43:00,card,ICICI,706.29,51,1,1,17,insufficient_funds,False,delayed_retry@48,True,False,False,False,True,False
txn_002762,cust_000877,2026-02-02T23:27:00,upi,IDFC,129.16,91,0,23,28,technical_bank_side,False,delayed_retry@48,False,False,True,True,False,True
txn_002763,cust_001354,2026-03-29T02:20:00,upi,SBI,827.83,91,1,2,25,technical_bank_side,False,delayed_retry@48,True,False,False,False,True,False
txn_002764,cust_000834,2026-01-02T21:09:00,card,ICICI,4715.73,51,0,21,13,insufficient_funds,False,prompt_new_payment_method,False,False,False,False,False,False
txn_002765,cust_001344,2026-04-30T13:47:00,card,Kotak,479.33,51,0,13,16,insufficient_funds,False,delayed_retry@48,True,False,False,True,True,True
txn_002766,cust_000038,2026-06-26T15:16:00,card,ICICI,2493.7,59,2,15,14,fraud_suspected,True,delayed_retry@12,False,False,False,False,False,False
txn_002767,cust_000666,2026-01-05T17:08:00,wallet,SBI,629.76,51,0,17,28,insufficient_funds,False,delayed_retry@12,False,False,False,False,True,True
txn_002768,cust_000819,2026-02-27T04:45:00,upi,SBI,1614.93,05,0,4,19,fraud_suspected,False,immediate_retry,False,False,False,True,True,True
txn_002769,cust_001321,2026-07-09T03:00:00,card,Axis,5278.61,51,1,3,1,insufficient_funds,False,do_nothing,False,False,False,False,True,False
txn_002770,cust_000263,2026-05-30T15:09:00,netbanking,IDFC,16763.9,61,0,15,14,insufficient_funds,False,prompt_new_payment_method,False,False,False,False,False,False
txn_002771,cust_001254,2026-01-16T04:30:00,upi,ICICI,1246.92,54,0,4,20,expired_card,False,do_nothing,False,False,False,False,False,False
txn_002772,cust_000832,2026-07-06T22:24:00,card,IDFC,1551.2,96,1,22,2,technical_bank_side,False,do_nothing,False,False,True,False,False,False
txn_002773,cust_000617,2026-07-03T12:41:00,upi,HDFC,1707.74,05,0,12,25,insufficient_funds,False,prompt_new_payment_method,False,False,True,False,False,False
txn_002774,cust_000440,2026-02-16T08:36:00,card,SBI,1195.78,05,0,8,7,technical_bank_side,False,do_nothing,False,False,True,True,True,True
txn_002775,cust_001289,2026-01-02T16:23:00,upi,Kotak,1232.75,51,2,16,22,technical_bank_side,False,immediate_retry,False,False,False,True,False,True
txn_002776,cust_000529,2026-05-05T22:48:00,upi,HDFC,4281.34,33,0,22,14,expired_card,False,delayed_retry@12,False,False,False,False,False,False
txn_002777,cust_000519,2026-03-25T12:11:00,card,Yes Bank,6151.21,91,0,12,12,technical_bank_side,False,immediate_retry,True,False,True,False,True,False
txn_002778,cust_000908,2026-04-19T17:33:00,card,HDFC,4445.66,65,0,17,3,insufficient_funds,False,do_nothing,True,True,True,False,False,False
txn_002779,cust_000947,2026-06-26T09:05:00,card,IDFC,1226.75,05,1,9,20,insufficient_funds,False,immediate_retry,False,False,False,False,False,False
txn_002780,cust_000169,2026-04-26T02:23:00,card,SBI,2136.74,05,2,2,8,insufficient_funds,False,delayed_retry@12,False,True,True,False,True,True
txn_002781,cust_001336,2026-02-20T16:02:00,wallet,Kotak,804.24,65,0,16,16,insufficient_funds,False,prompt_new_payment_method,False,False,False,True,True,False
txn_002782,cust_000574,2026-03-14T08:13:00,card,SBI,332.35,51,2,8,27,insufficient_funds,False,do_nothing,False,False,False,False,False,True
txn_002783,cust_001040,2026-05-11T12:33:00,card,HDFC,348.53,59,1,12,14,fraud_suspected,True,immediate_retry,False,False,False,False,False,False
txn_002784,cust_001070,2026-06-22T05:31:00,netbanking,Yes Bank,526.0,51,1,5,12,insufficient_funds,False,delayed_retry@12,False,False,False,False,False,True
txn_002785,cust_000959,2026-05-04T22:06:00,upi,Yes Bank,23936.42,51,0,22,28,insufficient_funds,False,prompt_new_payment_method,True,False,True,True,True,True
txn_002786,cust_000847,2026-04-28T11:34:00,upi,Kotak,1369.61,96,3,11,20,technical_bank_side,False,immediate_retry,True,True,True,True,True,True
txn_002787,cust_000448,2026-01-06T09:18:00,upi,ICICI,4241.3,96,2,9,14,technical_bank_side,False,delayed_retry@48,False,False,True,False,False,False
txn_002788,cust_000354,2026-04-30T09:50:00,upi,Yes Bank,1852.69,51,0,9,24,insufficient_funds,False,immediate_retry,False,False,False,False,True,False
txn_002789,cust_001091,2026-06-04T06:10:00,upi,Kotak,421.36,61,0,6,26,insufficient_funds,False,delayed_retry@12,False,False,False,False,False,False
txn_002790,cust_001313,2026-06-25T03:59:00,card,HDFC,459.77,05,0,3,28,insufficient_funds,False,prompt_new_payment_method,True,False,True,False,False,True
txn_002791,cust_001032,2026-02-19T18:29:00,upi,Axis,333.38,51,1,18,22,insufficient_funds,False,delayed_retry@12,False,True,False,False,False,False
txn_002792,cust_000634,2026-05-15T04:03:00,card,Yes Bank,3412.46,65,3,4,10,insufficient_funds,False,delayed_retry@48,False,True,False,False,False,False
txn_002793,cust_001076,2026-02-12T12:42:00,upi,HDFC,1504.58,05,0,12,10,invalid_details,False,delayed_retry@12,False,False,False,False,False,False
txn_002794,cust_000641,2026-05-15T03:03:00,upi,HDFC,577.71,51,2,3,21,insufficient_funds,False,delayed_retry@48,False,False,False,False,False,False
txn_002795,cust_000399,2026-03-18T12:44:00,card,Axis,3219.74,91,0,12,19,technical_bank_side,False,do_nothing,True,True,True,True,False,False
txn_002796,cust_001178,2026-06-14T04:33:00,card,Kotak,1600.65,91,1,4,4,technical_bank_side,False,delayed_retry@48,True,False,True,False,True,False
txn_002797,cust_001041,2026-05-21T03:17:00,upi,Axis,1123.35,51,0,3,12,fraud_suspected,False,delayed_retry@12,False,False,False,False,False,False
txn_002798,cust_001216,2026-06-13T06:18:00,netbanking,SBI,3915.77,51,2,6,19,insufficient_funds,False,delayed_retry@48,False,False,False,False,False,False
txn_002799,cust_000182,2026-07-13T02:23:00,upi,Kotak,11256.43,05,0,2,27,insufficient_funds,False,delayed_retry@12,False,False,False,False,False,False
txn_002800,cust_000190,2026-06-10T02:54:00,upi,HDFC,954.52,96,2,2,24,technical_bank_side,False,prompt_new_payment_method,False,True,False,True,False,False
txn_002801,cust_000372,2026-03-12T07:38:00,netbanking,Kotak,2294.04,12,1,7,30,invalid_details,False,delayed_retry@48,False,False,False,False,False,True
txn_002802,cust_001340,2026-06-16T04:31:00,wallet,Axis,146.81,12,0,4,5,invalid_details,False,immediate_retry,False,False,False,False,False,True
txn_002803,cust_000822,2026-03-15T04:14:00,wallet,Kotak,854.03,51,1,4,24,insufficient_funds,False,prompt_new_payment_method,False,False,False,False,False,False
txn_002804,cust_000545,2026-05-13T22:41:00,card,ICICI,1745.21,05,1,22,23,expired_card,False,do_nothing,False,False,False,False,False,False
txn_002805,cust_000538,2026-07-04T01:09:00,card,Yes Bank,574.4,51,1,1,6,insufficient_funds,False,immediate_retry,False,False,False,False,False,False
txn_002806,cust_001216,2026-01-14T00:46:00,upi,SBI,109.55,65,1,0,22,insufficient_funds,False,delayed_retry@12,True,False,False,True,True,False
txn_002807,cust_000855,2026-03-14T08:28:00,card,Axis,7062.4,12,0,8,24,invalid_details,False,prompt_new_payment_method,True,False,False,False,False,True
txn_002808,cust_000001,2026-05-05T07:35:00,upi,Yes Bank,1214.16,91,0,7,13,technical_bank_side,False,prompt_new_payment_method,False,False,True,True,False,False
txn_002809,cust_001012,2026-01-12T15:44:00,upi,Yes Bank,343.34,54,0,15,12,expired_card,False,prompt_new_payment_method,False,False,False,False,False,False
txn_002810,cust_000360,2026-05-11T09:38:00,card,SBI,835.47,05,0,9,29,technical_bank_side,False,immediate_retry,False,False,False,False,False,False
txn_002811,cust_001167,2026-01-01T03:12:00,upi,SBI,670.63,33,0,3,30,expired_card,False,delayed_retry@48,False,False,False,False,False,False
txn_002812,cust_000313,2026-03-16T10:59:00,card,HDFC,1931.03,51,1,10,29,technical_bank_side,False,delayed_retry@12,True,False,False,True,True,True
txn_002813,cust_000328,2026-05-21T11:04:00,card,ICICI,920.63,05,1,11,17,technical_bank_side,False,immediate_retry,False,False,False,True,True,False
txn_002814,cust_001180,2026-05-26T13:09:00,netbanking,IDFC,2773.55,51,0,13,28,insufficient_funds,False,delayed_retry@48,False,False,False,True,False,False
txn_002815,cust_000920,2026-03-11T21:39:00,card,Kotak,881.88,91,2,21,11,technical_bank_side,False,delayed_retry@48,False,False,False,False,False,False
txn_002816,cust_001229,2026-04-05T04:55:00,netbanking,ICICI,962.24,05,2,4,25,invalid_details,False,delayed_retry@12,False,False,False,False,False,False
txn_002817,cust_001495,2026-03-20T23:01:00,wallet,IDFC,1959.61,51,0,23,30,insufficient_funds,False,prompt_new_payment_method,False,True,True,True,True,False
txn_002818,cust_000160,2026-03-21T03:34:00,upi,HDFC,239.4,96,0,3,26,technical_bank_side,False,delayed_retry@12,True,False,True,True,True,True
txn_002819,cust_001168,2026-02-14T06:49:00,card,HDFC,950.86,12,2,6,15,fraud_suspected,False,delayed_retry@48,False,False,False,False,False,True
txn_002820,cust_000505,2026-01-08T04:33:00,upi,HDFC,1189.46,65,1,4,21,insufficient_funds,False,prompt_new_payment_method,False,False,False,False,True,False
txn_002821,cust_000270,2026-01-07T21:38:00,netbanking,Yes Bank,1243.89,61,2,21,30,insufficient_funds,False,delayed_retry@12,False,False,False,False,False,False
txn_002822,cust_000318,2026-03-12T15:18:00,card,ICICI,2018.78,54,1,15,17,expired_card,False,prompt_new_payment_method,True,True,False,False,False,True
txn_002823,cust_000945,2026-04-25T12:34:00,card,Yes Bank,1029.33,33,1,12,16,expired_card,False,delayed_retry@12,False,False,False,False,False,True
txn_002824,cust_000877,2026-06-17T06:31:00,upi,Yes Bank,2063.74,14,3,6,27,invalid_details,False,immediate_retry,False,False,False,False,False,False
txn_002825,cust_000192,2026-02-24T22:23:00,upi,Yes Bank,1039.15,51,1,22,18,insufficient_funds,False,do_nothing,False,False,True,True,False,False
txn_002826,cust_000532,2026-07-05T07:10:00,card,Yes Bank,395.17,51,1,7,11,insufficient_funds,False,immediate_retry,True,False,True,False,True,True
txn_002827,cust_000507,2026-06-14T21:45:00,card,HDFC,2259.0,14,0,21,23,invalid_details,False,delayed_retry@48,False,False,True,False,False,True
txn_002828,cust_000520,2026-01-14T01:32:00,upi,Axis,1479.68,61,0,1,6,insufficient_funds,False,do_nothing,False,False,False,False,True,False
txn_002829,cust_000107,2026-02-19T18:23:00,card,Axis,2440.44,61,1,18,24,insufficient_funds,False,prompt_new_payment_method,False,False,False,False,False,False
txn_002830,cust_000114,2026-03-19T10:12:00,card,Kotak,851.78,51,0,10,8,insufficient_funds,False,delayed_retry@12,False,False,False,False,False,True
txn_002831,cust_000127,2026-03-24T16:48:00,upi,IDFC,10412.64,51,1,16,26,expired_card,False,prompt_new_payment_method,False,False,False,True,False,False
txn_002832,cust_000648,2026-03-28T08:17:00,netbanking,SBI,199.4,59,1,8,28,fraud_suspected,True,delayed_retry@48,False,False,False,False,False,False
txn_002833,cust_000101,2026-02-25T11:43:00,upi,SBI,1051.87,65,2,11,8,insufficient_funds,False,delayed_retry@48,False,False,False,False,False,False
txn_002834,cust_000156,2026-03-17T01:20:00,card,Axis,2075.75,33,0,1,26,expired_card,False,delayed_retry@48,False,False,False,False,False,False
txn_002835,cust_000378,2026-02-12T00:05:00,wallet,Axis,4963.32,51,0,0,23,insufficient_funds,False,delayed_retry@48,True,False,False,True,True,False
txn_002836,cust_001161,2026-06-21T03:47:00,upi,Yes Bank,9888.68,51,1,3,27,insufficient_funds,False,do_nothing,False,False,False,False,False,False
txn_002837,cust_000217,2026-02-10T01:59:00,card,HDFC,2337.11,61,0,1,24,insufficient_funds,False,immediate_retry,False,False,False,False,False,False
txn_002838,cust_001135,2026-05-19T23:42:00,card,IDFC,188.02,05,2,23,15,insufficient_funds,False,delayed_retry@12,False,False,False,False,False,False
txn_002839,cust_000184,2026-01-17T09:08:00,upi,Yes Bank,1053.08,14,2,9,7,invalid_details,False,immediate_retry,False,False,False,True,False,True
txn_002840,cust_000467,2026-05-06T10:58:00,upi,Axis,532.26,12,0,10,6,invalid_details,False,prompt_new_payment_method,True,False,False,False,False,True
txn_002841,cust_000551,2026-07-16T04:15:00,upi,Kotak,3194.31,05,0,4,27,invalid_details,False,immediate_retry,False,False,False,False,False,False
txn_002842,cust_001099,2026-02-23T10:41:00,card,IDFC,791.51,05,1,10,20,technical_bank_side,False,delayed_retry@48,True,False,True,True,True,False
txn_002843,cust_000787,2026-01-18T06:33:00,card,IDFC,2466.16,82,1,6,16,invalid_details,False,immediate_retry,False,False,False,False,False,False
txn_002844,cust_000838,2026-01-21T19:05:00,upi,ICICI,1120.82,54,3,19,16,expired_card,False,delayed_retry@48,False,False,False,False,False,False
txn_002845,cust_000206,2026-06-08T08:08:00,card,ICICI,1263.33,91,1,8,27,technical_bank_side,False,do_nothing,False,False,True,False,False,False
txn_002846,cust_000539,2026-04-06T00:05:00,netbanking,ICICI,1075.55,34,1,0,22,fraud_suspected,True,delayed_retry@48,False,False,False,False,False,False
txn_002847,cust_001476,2026-02-14T05:41:00,card,Kotak,186.15,51,2,5,24,insufficient_funds,False,delayed_retry@12,False,False,False,False,False,False
txn_002848,cust_000072,2026-03-04T02:36:00,card,Yes Bank,124.06,51,1,2,10,technical_bank_side,False,immediate_retry,True,False,True,True,True,True
txn_002849,cust_000583,2026-06-26T19:08:00,card,ICICI,8315.32,54,0,19,9,expired_card,False,do_nothing,False,False,False,False,False,False
txn_002850,cust_000304,2026-03-13T14:45:00,card,ICICI,401.23,05,1,14,4,fraud_suspected,True,delayed_retry@12,False,False,False,False,False,False
txn_002851,cust_000866,2026-07-04T21:38:00,upi,Kotak,4433.7,51,1,21,27,insufficient_funds,False,delayed_retry@48,False,False,True,True,False,False
txn_002852,cust_001400,2026-05-10T14:58:00,card,Kotak,331.59,65,0,14,28,insufficient_funds,False,do_nothing,False,False,False,True,True,True
txn_002853,cust_000496,2026-02-17T08:43:00,card,SBI,3789.31,91,0,8,13,technical_bank_side,False,delayed_retry@12,False,False,True,False,False,False
txn_002854,cust_000468,2026-04-05T06:29:00,upi,SBI,3344.87,14,1,6,29,invalid_details,False,prompt_new_payment_method,True,False,False,False,False,True
txn_002855,cust_001060,2026-04-18T02:47:00,upi,ICICI,657.1,05,0,2,19,technical_bank_side,False,delayed_retry@12,True,False,True,True,True,False
txn_002856,cust_000585,2026-05-31T19:47:00,card,SBI,1151.11,51,2,19,14,insufficient_funds,False,prompt_new_payment_method,False,False,False,False,False,False
txn_002857,cust_001358,2026-02-03T09:48:00,card,HDFC,359.25,05,0,9,22,invalid_details,False,prompt_new_payment_method,False,False,False,False,False,False
txn_002858,cust_000818,2026-03-26T07:41:00,upi,Axis,242.96,05,2,7,13,technical_bank_side,False,delayed_retry@12,True,False,True,True,False,False
txn_002859,cust_000161,2026-05-27T00:03:00,card,Axis,470.49,54,1,0,9,expired_card,False,immediate_retry,False,False,False,False,False,False
txn_002860,cust_000752,2026-02-06T23:55:00,card,SBI,4217.98,61,0,23,23,insufficient_funds,False,do_nothing,False,False,False,True,True,False
txn_002861,cust_001095,2026-04-14T08:46:00,upi,IDFC,8619.44,59,0,8,28,fraud_suspected,True,delayed_retry@48,False,False,False,False,False,False
txn_002862,cust_000372,2026-04-09T17:38:00,card,SBI,3935.15,05,0,17,20,insufficient_funds,False,immediate_retry,False,False,False,False,False,False
txn_002863,cust_000398,2026-01-12T21:43:00,card,IDFC,2688.52,05,0,21,5,technical_bank_side,False,prompt_new_payment_method,False,False,False,False,False,False
txn_002864,cust_000682,2026-02-10T06:57:00,upi,Kotak,5545.1,51,0,6,26,insufficient_funds,False,do_nothing,False,False,False,False,False,False
txn_002865,cust_000741,2026-01-26T10:58:00,upi,Yes Bank,6309.66,91,0,10,4,technical_bank_side,False,prompt_new_payment_method,False,False,False,False,False,False
txn_002866,cust_000095,2026-06-30T16:02:00,wallet,IDFC,6483.88,51,1,16,26,insufficient_funds,False,delayed_retry@12,True,True,True,True,True,False
txn_002867,cust_001353,2026-02-05T22:43:00,upi,HDFC,944.19,91,1,22,17,technical_bank_side,False,delayed_retry@12,True,True,True,True,True,False
txn_002868,cust_001308,2026-01-10T20:07:00,card,IDFC,2608.16,59,2,20,20,fraud_suspected,True,immediate_retry,False,False,False,False,False,False
txn_002869,cust_001103,2026-06-12T15:34:00,card,Kotak,2863.61,61,0,15,10,insufficient_funds,False,delayed_retry@48,False,False,False,False,False,False
txn_002870,cust_001105,2026-01-10T20:26:00,card,Yes Bank,2766.1,05,1,20,11,invalid_details,False,do_nothing,False,False,False,False,False,False
txn_002871,cust_000988,2026-06-13T07:40:00,card,Axis,1293.09,33,2,7,4,expired_card,False,immediate_retry,False,False,False,False,False,True
txn_002872,cust_001335,2026-03-19T04:19:00,card,SBI,143.14,51,2,4,4,technical_bank_side,False,delayed_retry@48,False,False,False,True,False,True
txn_002873,cust_000366,2026-02-09T10:58:00,card,IDFC,1947.4,61,1,10,28,insufficient_funds,False,delayed_retry@48,False,False,False,False,False,True
txn_002874,cust_000512,2026-01-04T08:41:00,wallet,ICICI,1849.99,05,2,8,27,expired_card,False,immediate_retry,False,False,False,False,False,True
txn_002875,cust_001291,2026-05-30T20:36:00,card,ICICI,396.5,51,2,20,28,insufficient_funds,False,immediate_retry,False,False,False,True,True,False
txn_002876,cust_000486,2026-03-05T16:05:00,netbanking,Kotak,237.18,14,2,16,11,invalid_details,False,immediate_retry,False,False,False,False,False,False
txn_002877,cust_001111,2026-05-13T14:16:00,upi,Kotak,1681.9,51,0,14,26,insufficient_funds,False,immediate_retry,True,False,True,True,True,False
txn_002878,cust_000842,2026-01-09T16:48:00,upi,IDFC,1369.79,59,0,16,15,fraud_suspected,True,immediate_retry,False,False,False,False,False,False
txn_002879,cust_000767,2026-04-29T18:52:00,upi,Axis,5510.45,51,2,18,14,technical_bank_side,False,immediate_retry,False,True,False,True,False,True
txn_002880,cust_000383,2026-01-24T21:26:00,card,ICICI,573.29,51,0,21,30,insufficient_funds,False,delayed_retry@12,True,False,False,True,True,True
txn_002881,cust_001189,2026-03-24T03:37:00,card,HDFC,10868.5,51,0,3,7,insufficient_funds,False,prompt_new_payment_method,False,False,False,False,True,False
txn_002882,cust_000133,2026-05-09T13:01:00,card,Yes Bank,1909.51,05,0,13,7,technical_bank_side,False,immediate_retry,True,False,True,True,False,True
txn_002883,cust_000603,2026-05-22T20:25:00,upi,HDFC,1345.82,91,0,20,12,technical_bank_side,False,delayed_retry@48,True,False,True,False,True,False
txn_002884,cust_001292,2026-05-03T00:18:00,netbanking,ICICI,517.5,54,0,0,5,expired_card,False,delayed_retry@48,False,False,False,False,False,True
txn_002885,cust_000937,2026-04-01T04:40:00,card,Kotak,1280.4,14,1,4,15,invalid_details,False,prompt_new_payment_method,False,False,False,False,False,False
txn_002886,cust_000632,2026-06-08T22:32:00,card,ICICI,3409.54,51,0,22,17,insufficient_funds,False,do_nothing,True,True,False,False,False,False
txn_002887,cust_001204,2026-03-09T16:06:00,card,IDFC,676.42,14,1,16,26,invalid_details,False,do_nothing,False,False,False,False,False,True
txn_002888,cust_000338,2026-04-06T06:32:00,wallet,HDFC,3812.73,05,1,6,3,technical_bank_side,False,immediate_retry,True,False,True,False,False,False
txn_002889,cust_000778,2026-02-04T00:59:00,netbanking,HDFC,944.8,91,1,0,8,invalid_details,False,do_nothing,False,False,True,True,True,True
txn_002890,cust_001077,2026-02-04T18:23:00,netbanking,Axis,1991.4,33,0,18,3,expired_card,False,delayed_retry@12,False,False,False,False,False,True
txn_002891,cust_001220,2026-06-03T08:16:00,upi,Axis,7767.45,51,2,8,4,expired_card,False,immediate_retry,False,False,False,False,False,False
txn_002892,cust_001122,2026-06-24T07:29:00,upi,Axis,2625.91,61,0,7,15,insufficient_funds,False,delayed_retry@48,False,False,False,False,False,False
txn_002893,cust_000137,2026-03-21T21:48:00,upi,SBI,1456.65,61,1,21,4,insufficient_funds,False,delayed_retry@48,False,False,False,False,False,False
txn_002894,cust_000044,2026-01-11T19:56:00,card,IDFC,6103.74,34,0,19,17,fraud_suspected,True,delayed_retry@12,False,False,False,False,False,False
txn_002895,cust_000524,2026-03-03T12:52:00,card,HDFC,938.17,05,2,12,14,insufficient_funds,False,immediate_retry,False,False,False,False,False,False
txn_002896,cust_000396,2026-03-28T15:05:00,wallet,HDFC,2049.34,05,2,15,6,expired_card,False,do_nothing,False,False,False,False,False,True
txn_002897,cust_000977,2026-06-27T23:26:00,upi,ICICI,1432.5,54,2,23,28,expired_card,False,prompt_new_payment_method,False,False,False,False,False,False
txn_002898,cust_000803,2026-02-08T05:02:00,upi,Axis,3434.24,54,1,5,14,expired_card,False,delayed_retry@48,False,False,False,False,False,True
txn_002899,cust_000979,2026-03-09T03:13:00,card,ICICI,1073.97,05,0,3,26,technical_bank_side,False,prompt_new_payment_method,False,False,True,False,True,False
txn_002900,cust_001000,2026-03-21T17:05:00,card,ICICI,344.66,12,1,17,11,fraud_suspected,False,delayed_retry@12,False,False,False,False,False,True
txn_002901,cust_000484,2026-05-24T16:27:00,wallet,Yes Bank,1100.64,51,2,16,20,insufficient_funds,False,prompt_new_payment_method,False,False,True,False,False,False
txn_002902,cust_000189,2026-02-22T01:08:00,card,IDFC,12154.68,51,0,1,16,insufficient_funds,False,delayed_retry@12,False,False,False,False,False,False
txn_002903,cust_000434,2026-05-16T08:00:00,wallet,ICICI,1098.25,54,0,8,12,expired_card,False,immediate_retry,False,True,False,False,True,True
txn_002904,cust_001339,2026-04-24T02:32:00,upi,Kotak,1266.99,91,0,2,27,technical_bank_side,False,delayed_retry@12,True,True,True,True,True,True
txn_002905,cust_000805,2026-02-28T05:19:00,card,Axis,6706.28,14,0,5,18,invalid_details,False,immediate_retry,True,True,True,False,False,False
txn_002906,cust_000802,2026-02-28T14:14:00,card,SBI,220.08,91,0,14,6,technical_bank_side,False,prompt_new_payment_method,False,False,True,False,True,False
txn_002907,cust_000725,2026-01-09T19:45:00,card,Yes Bank,1692.9,51,0,19,27,insufficient_funds,False,delayed_retry@12,True,False,False,True,True,False
txn_002908,cust_000286,2026-01-27T21:06:00,card,HDFC,1791.8,51,0,21,18,insufficient_funds,False,prompt_new_payment_method,False,False,True,True,False,False
txn_002909,cust_001113,2026-05-26T08:59:00,netbanking,ICICI,1970.12,96,2,8,30,technical_bank_side,False,delayed_retry@48,False,False,True,True,False,False
txn_002910,cust_000543,2026-06-18T11:39:00,upi,Yes Bank,1711.77,61,2,11,1,insufficient_funds,False,delayed_retry@48,True,True,True,True,True,True
txn_002911,cust_001359,2026-01-10T20:30:00,card,IDFC,4179.42,65,0,20,14,insufficient_funds,False,immediate_retry,False,False,False,True,False,False
txn_002912,cust_000490,2026-06-07T04:11:00,upi,HDFC,1439.2,51,0,4,28,insufficient_funds,False,do_nothing,False,False,False,False,True,False
txn_002913,cust_001276,2026-01-14T14:38:00,card,Yes Bank,2748.81,05,0,14,18,technical_bank_side,False,prompt_new_payment_method,False,False,True,False,True,False
txn_002914,cust_001410,2026-04-02T12:12:00,upi,ICICI,1076.37,91,3,12,8,technical_bank_side,False,do_nothing,True,True,True,False,False,False
txn_002915,cust_000783,2026-06-16T02:10:00,card,SBI,2059.75,54,2,2,17,expired_card,False,prompt_new_payment_method,False,False,False,False,False,False
txn_002916,cust_000716,2026-07-07T13:49:00,upi,Yes Bank,1773.97,96,2,13,5,technical_bank_side,False,immediate_retry,False,True,False,True,True,True
txn_002917,cust_000782,2026-03-02T22:53:00,card,Kotak,1902.94,14,0,22,14,invalid_details,False,immediate_retry,False,False,False,False,False,False
txn_002918,cust_000677,2026-01-20T05:40:00,card,Kotak,919.04,96,0,5,24,technical_bank_side,False,prompt_new_payment_method,False,False,True,True,True,False
txn_002919,cust_000383,2026-07-18T12:06:00,card,ICICI,2057.86,61,1,12,17,insufficient_funds,False,delayed_retry@48,True,True,False,True,True,True
txn_002920,cust_001095,2026-04-05T16:17:00,card,Axis,531.35,51,0,16,4,insufficient_funds,False,prompt_new_payment_method,False,False,False,False,False,False
txn_002921,cust_000688,2026-04-13T07:51:00,upi,SBI,1988.67,96,1,7,1,technical_bank_side,False,do_nothing,False,False,False,False,False,False
txn_002922,cust_000297,2026-03-10T01:28:00,card,SBI,5792.48,14,0,1,3,invalid_details,False,do_nothing,False,False,False,True,False,True
txn_002923,cust_000257,2026-05-22T12:09:00,upi,IDFC,2821.79,63,1,12,1,technical_bank_side,True,delayed_retry@12,False,False,False,False,False,False
txn_002924,cust_000576,2026-06-27T21:29:00,upi,Kotak,4164.59,51,2,21,1,insufficient_funds,False,do_nothing,False,False,False,False,False,False
txn_002925,cust_000702,2026-02-08T15:33:00,upi,Kotak,15424.92,96,0,15,25,technical_bank_side,False,immediate_retry,True,False,True,True,False,True
txn_002926,cust_001347,2026-05-11T13:27:00,netbanking,Axis,466.87,51,1,13,29,technical_bank_side,False,delayed_retry@48,False,False,False,False,False,False
txn_002927,cust_000731,2026-02-21T20:01:00,upi,Yes Bank,2881.78,54,1,20,3,expired_card,False,do_nothing,False,False,False,False,False,True
txn_002928,cust_001452,2026-04-23T04:39:00,card,SBI,7073.71,59,1,4,19,fraud_suspected,True,immediate_retry,False,False,False,False,False,False
txn_002929,cust_000004,2026-04-18T08:45:00,upi,IDFC,10590.64,05,1,8,18,technical_bank_side,False,prompt_new_payment_method,False,False,True,False,True,False
txn_002930,cust_000851,2026-01-26T05:57:00,card,Kotak,115.4,82,0,5,31,invalid_details,False,delayed_retry@48,False,False,False,False,False,True
txn_002931,cust_000683,2026-06-21T06:20:00,upi,Kotak,13797.03,51,3,6,15,insufficient_funds,False,delayed_retry@12,False,False,False,False,False,True
txn_002932,cust_001151,2026-01-15T05:03:00,upi,Kotak,2405.57,05,0,5,23,invalid_details,False,prompt_new_payment_method,False,False,False,False,False,False
txn_002933,cust_001488,2026-03-17T19:30:00,card,IDFC,5069.45,05,1,19,29,technical_bank_side,False,do_nothing,False,False,False,False,False,False
txn_002934,cust_001478,2026-05-06T05:54:00,card,IDFC,611.29,51,0,5,18,insufficient_funds,False,delayed_retry@48,False,False,False,False,False,False
txn_002935,cust_001413,2026-02-21T14:24:00,card,Axis,159.58,05,2,14,3,expired_card,False,delayed_retry@12,False,False,True,False,False,False
txn_002936,cust_001284,2026-04-13T16:16:00,upi,Kotak,3310.99,05,0,16,8,insufficient_funds,False,delayed_retry@48,True,True,False,False,True,False
txn_002937,cust_000139,2026-01-24T10:37:00,card,ICICI,87.55,54,0,10,3,expired_card,False,do_nothing,False,False,False,False,False,True
txn_002938,cust_000996,2026-01-24T23:31:00,card,ICICI,3343.99,54,3,23,25,expired_card,False,do_nothing,False,False,False,False,False,False
txn_002939,cust_001299,2026-02-05T17:10:00,card,ICICI,878.75,61,3,17,19,insufficient_funds,False,prompt_new_payment_method,False,False,False,False,False,False
txn_002940,cust_001076,2026-03-24T11:07:00,wallet,Kotak,2121.56,51,0,11,30,insufficient_funds,False,immediate_retry,False,False,False,True,True,True
txn_002941,cust_000413,2026-03-21T18:07:00,card,HDFC,2566.8,14,0,18,26,invalid_details,False,do_nothing,False,False,False,False,False,False
txn_002942,cust_000119,2026-05-05T11:09:00,upi,HDFC,414.09,51,0,11,22,insufficient_funds,False,delayed_retry@12,False,False,False,False,False,False
txn_002943,cust_000162,2026-03-12T23:46:00,upi,Yes Bank,831.59,61,0,23,4,insufficient_funds,False,delayed_retry@12,True,False,False,True,False,False
txn_002944,cust_001310,2026-02-26T10:06:00,card,Yes Bank,1231.29,96,0,10,3,technical_bank_side,False,delayed_retry@12,True,False,False,True,True,False
txn_002945,cust_001467,2026-04-24T19:10:00,upi,SBI,1089.9,54,0,19,29,expired_card,False,immediate_retry,False,False,False,False,False,False
txn_002946,cust_000801,2026-05-01T02:12:00,card,Yes Bank,2684.42,05,0,2,4,technical_bank_side,False,delayed_retry@12,True,False,True,True,True,True
txn_002947,cust_001175,2026-01-02T02:39:00,card,HDFC,269.49,14,0,2,23,invalid_details,False,prompt_new_payment_method,True,False,False,False,False,True
txn_002948,cust_001048,2026-04-29T19:52:00,card,IDFC,209.05,65,2,19,30,insufficient_funds,False,do_nothing,False,False,False,False,False,False
txn_002949,cust_000940,2026-06-02T06:25:00,card,Kotak,470.07,51,0,6,20,insufficient_funds,False,delayed_retry@48,False,False,False,True,False,False
txn_002950,cust_000992,2026-05-15T19:12:00,card,SBI,2030.8,54,0,19,22,expired_card,False,immediate_retry,False,False,False,False,False,False
txn_002951,cust_000775,2026-01-20T10:10:00,upi,ICICI,5233.8,82,1,10,3,invalid_details,False,do_nothing,False,False,False,False,False,True
txn_002952,cust_001198,2026-04-21T08:18:00,upi,SBI,1001.16,51,3,8,1,insufficient_funds,False,do_nothing,False,False,False,False,False,False
txn_002953,cust_001168,2026-04-30T15:42:00,upi,Yes Bank,1842.28,82,1,15,5,invalid_details,False,do_nothing,False,False,False,False,False,True
txn_002954,cust_001219,2026-05-26T10:06:00,card,Yes Bank,342.62,61,1,10,6,insufficient_funds,False,delayed_retry@12,False,False,True,False,False,False
txn_002955,cust_000739,2026-02-12T03:01:00,card,ICICI,455.41,96,0,3,26,technical_bank_side,False,immediate_retry,True,False,True,True,False,False
txn_002956,cust_001111,2026-02-26T21:40:00,netbanking,Axis,2765.33,05,1,21,26,expired_card,False,do_nothing,False,False,False,False,False,True
txn_002957,cust_001412,2026-04-12T01:17:00,card,Kotak,1073.33,05,2,1,19,technical_bank_side,False,delayed_retry@12,False,False,False,False,False,True
txn_002958,cust_000677,2026-05-03T03:10:00,card,IDFC,3393.37,51,0,3,4,insufficient_funds,False,do_nothing,False,False,False,False,False,False
txn_002959,cust_001292,2026-02-06T18:48:00,upi,Yes Bank,492.5,51,0,18,5,insufficient_funds,False,prompt_new_payment_method,False,True,True,True,False,False
txn_002960,cust_000107,2026-03-05T14:09:00,card,Yes Bank,2074.67,54,0,14,16,expired_card,False,prompt_new_payment_method,True,False,False,False,False,True
txn_002961,cust_000871,2026-05-20T16:40:00,netbanking,IDFC,1063.23,14,1,16,13,invalid_details,False,delayed_retry@12,False,False,False,False,False,False
txn_002962,cust_000678,2026-04-17T12:08:00,upi,Axis,2618.68,65,2,12,24,insufficient_funds,False,delayed_retry@48,False,False,True,False,False,False
txn_002963,cust_000464,2026-01-05T22:13:00,upi,ICICI,4204.05,51,2,22,8,insufficient_funds,False,delayed_retry@48,False,False,False,False,False,False
txn_002964,cust_001481,2026-01-23T03:15:00,card,ICICI,578.01,51,1,3,21,insufficient_funds,False,prompt_new_payment_method,True,False,True,True,True,True
txn_002965,cust_000251,2026-05-23T11:03:00,upi,Kotak,3547.92,51,0,11,15,insufficient_funds,False,immediate_retry,True,False,True,False,True,False
txn_002966,cust_000528,2026-01-03T18:03:00,card,Axis,682.41,05,2,18,6,insufficient_funds,False,prompt_new_payment_method,True,True,False,True,True,True
txn_002967,cust_001088,2026-04-10T16:46:00,upi,Axis,844.86,51,1,16,18,insufficient_funds,False,delayed_retry@12,False,False,False,False,True,False
txn_002968,cust_001302,2026-06-08T02:32:00,card,ICICI,872.86,82,0,2,25,invalid_details,False,do_nothing,False,False,False,False,False,False
txn_002969,cust_000251,2026-04-06T19:23:00,upi,Yes Bank,345.2,51,1,19,24,insufficient_funds,False,prompt_new_payment_method,False,False,False,True,False,False
txn_002970,cust_001129,2026-03-04T08:45:00,card,ICICI,3754.45,33,1,8,1,expired_card,False,delayed_retry@12,False,False,False,False,False,True
txn_002971,cust_000541,2026-05-04T01:39:00,upi,Kotak,994.94,51,2,1,10,insufficient_funds,False,delayed_retry@12,False,True,True,False,True,False
txn_002972,cust_000966,2026-04-12T18:25:00,card,ICICI,3462.38,54,0,18,5,expired_card,False,delayed_retry@12,False,False,False,False,False,False
txn_002973,cust_000893,2026-05-05T12:25:00,upi,ICICI,567.36,05,0,12,17,expired_card,False,delayed_retry@48,False,False,False,False,False,False
txn_002974,cust_000960,2026-01-09T04:56:00,upi,SBI,2616.22,51,0,4,31,insufficient_funds,False,delayed_retry@12,False,False,False,False,False,False
txn_002975,cust_000022,2026-05-03T04:33:00,upi,Axis,39384.41,51,3,4,27,insufficient_funds,False,delayed_retry@48,False,False,False,False,False,False
txn_002976,cust_000679,2026-01-21T15:43:00,card,Kotak,466.41,51,2,15,6,insufficient_funds,False,immediate_retry,False,False,False,False,False,False
txn_002977,cust_000545,2026-03-20T19:49:00,upi,IDFC,402.91,05,0,19,10,technical_bank_side,False,immediate_retry,True,False,True,True,False,False
txn_002978,cust_000028,2026-04-08T19:57:00,upi,Axis,2275.15,51,2,19,18,insufficient_funds,False,immediate_retry,False,False,False,False,False,False
txn_002979,cust_001019,2026-01-17T20:18:00,upi,Kotak,1201.19,33,1,20,9,expired_card,False,prompt_new_payment_method,True,False,False,False,False,True
txn_002980,cust_000135,2026-05-17T15:44:00,card,Axis,1281.84,59,0,15,17,fraud_suspected,True,delayed_retry@48,False,False,False,False,False,False
txn_002981,cust_001245,2026-01-04T02:46:00,upi,Yes Bank,1365.32,63,0,2,20,fraud_suspected,True,do_nothing,False,False,False,False,False,False
txn_002982,cust_001406,2026-04-29T21:27:00,upi,ICICI,1922.47,14,0,21,3,invalid_details,False,delayed_retry@12,False,False,False,False,False,False
txn_002983,cust_000350,2026-07-18T00:01:00,upi,Axis,3235.64,96,1,0,17,technical_bank_side,False,immediate_retry,True,False,True,True,True,False
txn_002984,cust_000641,2026-04-30T02:49:00,upi,ICICI,358.88,54,0,2,17,expired_card,False,immediate_retry,False,False,False,False,False,False
txn_002985,cust_001057,2026-07-09T22:08:00,upi,IDFC,332.45,14,1,22,2,invalid_details,False,delayed_retry@48,False,False,False,False,False,False
txn_002986,cust_000756,2026-02-17T01:51:00,wallet,HDFC,758.84,51,3,1,18,insufficient_funds,False,do_nothing,False,False,False,False,False,False
txn_002987,cust_000883,2026-06-23T03:47:00,card,SBI,1453.72,96,1,3,1,technical_bank_side,False,do_nothing,False,False,True,False,True,True
txn_002988,cust_001280,2026-02-26T17:32:00,upi,ICICI,2951.42,51,1,17,27,technical_bank_side,False,delayed_retry@48,False,False,True,False,False,False
txn_002989,cust_000545,2026-06-24T13:22:00,upi,IDFC,839.84,05,0,13,27,technical_bank_side,False,delayed_retry@48,True,True,True,True,True,False
txn_002990,cust_000663,2026-02-14T10:51:00,card,Yes Bank,10730.99,59,1,10,7,fraud_suspected,True,delayed_retry@48,False,False,False,False,False,False
txn_002991,cust_001471,2026-04-11T03:52:00,upi,Axis,2833.06,14,0,3,10,invalid_details,False,immediate_retry,False,False,False,False,False,False
txn_002992,cust_000055,2026-03-09T05:37:00,netbanking,Kotak,614.73,54,3,5,6,expired_card,False,delayed_retry@48,False,False,False,False,False,False
txn_002993,cust_000693,2026-05-13T18:01:00,upi,Kotak,134.05,51,0,18,3,insufficient_funds,False,delayed_retry@12,False,False,True,False,True,True
txn_002994,cust_000439,2026-01-04T14:58:00,card,Kotak,1389.25,51,0,14,22,insufficient_funds,False,prompt_new_payment_method,True,True,True,True,False,True
txn_002995,cust_001436,2026-07-17T18:05:00,card,SBI,1252.33,51,0,18,15,insufficient_funds,False,do_nothing,False,False,False,False,False,False
txn_002996,cust_001473,2026-05-26T19:55:00,upi,Axis,1811.74,54,0,19,1,expired_card,False,prompt_new_payment_method,False,False,False,False,False,False
txn_002997,cust_000214,2026-01-18T22:22:00,card,Axis,2083.86,91,3,22,4,expired_card,False,delayed_retry@48,False,True,False,False,False,False
txn_002998,cust_000774,2026-03-10T02:56:00,upi,SBI,1558.51,65,0,2,21,insufficient_funds,False,delayed_retry@48,False,False,False,True,False,False
txn_002999,cust_000956,2026-03-04T23:14:00,wallet,IDFC,637.63,51,0,23,8,insufficient_funds,False,do_nothing,True,True,False,True,True,False
txn_003000,cust_001213,2026-05-04T16:25:00,upi,Yes Bank,839.01,91,0,16,29,technical_bank_side,False,delayed_retry@12,True,True,True,True,True,False
txn_003001,cust_000339,2026-05-03T17:40:00,netbanking,Yes Bank,404.79,96,0,17,13,technical_bank_side,False,immediate_retry,True,True,True,True,True,True
txn_003002,cust_000811,2026-05-05T21:19:00,card,ICICI,335.57,96,1,21,3,technical_bank_side,False,prompt_new_payment_method,False,False,False,False,False,False
txn_003003,cust_000171,2026-07-01T19:20:00,card,ICICI,519.04,96,0,19,27,technical_bank_side,False,do_nothing,True,True,True,True,True,True
txn_003004,cust_000434,2026-07-02T08:24:00,card,Axis,999.25,51,0,8,11,insufficient_funds,False,delayed_retry@12,True,True,False,True,True,False
txn_003005,cust_001496,2026-03-15T08:18:00,upi,Yes Bank,2547.87,51,3,8,10,technical_bank_side,False,immediate_retry,False,False,False,False,False,False
txn_003006,cust_000998,2026-04-13T20:42:00,upi,Yes Bank,1484.91,51,2,20,7,insufficient_funds,False,immediate_retry,False,False,False,False,False,False
txn_003007,cust_000249,2026-01-31T14:25:00,upi,HDFC,1464.01,91,1,14,31,technical_bank_side,False,do_nothing,False,False,False,False,True,False
txn_003008,cust_001266,2026-04-28T03:24:00,wallet,Yes Bank,2792.04,51,0,3,7,insufficient_funds,False,do_nothing,False,False,False,False,False,False
txn_003009,cust_000202,2026-02-18T14:20:00,upi,ICICI,1053.86,51,1,14,6,technical_bank_side,False,delayed_retry@48,False,False,False,False,False,False
txn_003010,cust_000382,2026-03-24T15:40:00,card,Yes Bank,851.89,96,1,15,28,technical_bank_side,False,do_nothing,False,False,False,False,False,False
txn_003011,cust_000967,2026-06-30T09:22:00,card,ICICI,2988.63,05,0,9,3,technical_bank_side,False,delayed_retry@48,False,False,True,False,False,False
txn_003012,cust_001137,2026-01-17T02:18:00,netbanking,Axis,5240.4,54,0,2,15,expired_card,False,prompt_new_payment_method,True,False,False,False,False,True
txn_003013,cust_001350,2026-07-15T13:34:00,card,SBI,462.52,51,0,13,25,insufficient_funds,False,delayed_retry@12,False,False,False,False,False,False
txn_003014,cust_001194,2026-03-23T18:34:00,card,ICICI,923.53,51,1,18,8,insufficient_funds,False,immediate_retry,False,False,False,False,False,False
txn_003015,cust_000550,2026-06-06T04:45:00,wallet,ICICI,467.65,91,1,4,23,insufficient_funds,False,do_nothing,True,True,False,False,True,False
txn_003016,cust_000711,2026-05-15T09:41:00,wallet,SBI,924.76,54,1,9,15,expired_card,False,delayed_retry@12,False,False,False,False,False,False
txn_003017,cust_000009,2026-03-02T08:15:00,upi,HDFC,438.52,12,1,8,4,invalid_details,False,do_nothing,False,False,False,False,False,False
txn_003018,cust_000744,2026-04-24T22:53:00,card,Kotak,2148.03,05,1,22,2,technical_bank_side,False,delayed_retry@48,False,False,False,False,False,False
txn_003019,cust_001171,2026-06-19T10:02:00,card,Kotak,2262.74,51,0,10,1,insufficient_funds,False,delayed_retry@48,False,False,True,True,False,False
txn_003020,cust_000608,2026-02-14T22:00:00,card,Axis,8088.06,12,0,22,1,invalid_details,False,prompt_new_payment_method,True,False,True,False,False,True
txn_003021,cust_000075,2026-03-24T08:40:00,upi,HDFC,3349.93,51,0,8,16,insufficient_funds,False,delayed_retry@12,True,True,True,True,False,False
txn_003022,cust_000309,2026-02-11T18:35:00,wallet,Yes Bank,912.91,05,0,18,15,technical_bank_side,False,immediate_retry,True,False,True,True,True,True
txn_003023,cust_001116,2026-05-11T13:54:00,netbanking,SBI,367.1,54,0,13,22,expired_card,False,immediate_retry,False,False,False,False,False,False
txn_003024,cust_000830,2026-04-06T05:18:00,card,Axis,1589.91,96,0,5,24,technical_bank_side,False,prompt_new_payment_method,False,False,True,False,False,False
txn_003025,cust_000939,2026-03-12T17:34:00,card,IDFC,1924.36,54,0,17,24,expired_card,False,prompt_new_payment_method,False,False,False,False,False,False
txn_003026,cust_000875,2026-06-24T11:33:00,card,Axis,3138.83,91,0,11,17,technical_bank_side,False,do_nothing,False,False,True,True,True,False
txn_003027,cust_000140,2026-05-29T12:19:00,upi,ICICI,2383.47,82,2,12,24,invalid_details,False,do_nothing,True,True,False,True,False,True
txn_003028,cust_000401,2026-01-03T21:02:00,netbanking,Axis,2645.56,14,0,21,17,invalid_details,False,delayed_retry@48,True,True,True,True,True,True
txn_003029,cust_000976,2026-01-07T00:29:00,upi,HDFC,6052.42,51,0,0,4,insufficient_funds,False,delayed_retry@12,False,False,False,False,False,True
txn_003030,cust_000814,2026-06-07T16:05:00,card,HDFC,1291.34,05,0,16,21,technical_bank_side,False,prompt_new_payment_method,False,False,True,False,False,False
txn_003031,cust_000807,2026-05-03T10:26:00,netbanking,ICICI,298.4,51,0,10,12,insufficient_funds,False,delayed_retry@12,True,False,False,True,False,False
txn_003032,cust_000921,2026-05-14T13:04:00,card,ICICI,560.33,14,0,13,3,invalid_details,False,immediate_retry,False,False,False,False,False,False
txn_003033,cust_000341,2026-07-04T07:53:00,upi,ICICI,2508.33,91,1,7,1,technical_bank_side,False,delayed_retry@48,True,False,True,True,True,False
txn_003034,cust_000172,2026-03-03T10:50:00,upi,ICICI,1544.17,51,1,10,5,insufficient_funds,False,delayed_retry@12,True,True,True,True,True,True
txn_003035,cust_000579,2026-06-17T07:43:00,card,ICICI,5931.14,61,0,7,8,insufficient_funds,False,delayed_retry@48,False,False,True,False,False,False
txn_003036,cust_000077,2026-03-04T03:10:00,card,Yes Bank,2200.23,59,0,3,28,fraud_suspected,True,prompt_new_payment_method,False,False,False,False,False,False
txn_003037,cust_000929,2026-02-20T14:52:00,card,ICICI,1868.3,91,0,14,22,technical_bank_side,False,do_nothing,False,False,False,False,False,False
txn_003038,cust_000450,2026-03-05T12:13:00,card,Yes Bank,3174.25,59,0,12,6,fraud_suspected,True,immediate_retry,False,False,False,False,False,False
txn_003039,cust_000667,2026-06-22T12:45:00,card,Yes Bank,1861.24,05,2,12,7,technical_bank_side,False,do_nothing,False,False,False,False,False,False
txn_003040,cust_001316,2026-02-17T20:07:00,card,ICICI,500.63,05,2,20,25,fraud_suspected,True,delayed_retry@12,False,False,False,False,False,False
txn_003041,cust_000839,2026-05-06T11:29:00,upi,HDFC,668.72,51,0,11,17,insufficient_funds,False,delayed_retry@12,False,False,False,False,False,False
txn_003042,cust_001169,2026-04-08T14:06:00,upi,Kotak,1456.15,05,1,14,31,insufficient_funds,False,do_nothing,False,False,False,True,False,False
txn_003043,cust_001045,2026-01-14T16:27:00,card,Yes Bank,3482.75,91,1,16,13,technical_bank_side,False,delayed_retry@48,False,False,True,False,False,False
txn_003044,cust_000861,2026-05-18T07:52:00,upi,SBI,707.28,91,1,7,1,technical_bank_side,False,prompt_new_payment_method,False,False,False,False,True,False
txn_003045,cust_000741,2026-06-17T09:02:00,card,Axis,1313.12,91,0,9,5,technical_bank_side,False,delayed_retry@12,False,False,False,False,True,False
txn_003046,cust_000503,2026-07-20T00:54:00,upi,Axis,2051.28,33,1,0,3,expired_card,False,do_nothing,False,False,False,False,False,True
txn_003047,cust_001442,2026-03-08T23:54:00,upi,SBI,3540.3,91,1,23,30,technical_bank_side,False,delayed_retry@48,True,False,False,False,True,False
txn_003048,cust_001461,2026-05-26T03:24:00,card,Axis,225.52,54,2,3,30,expired_card,False,delayed_retry@48,False,False,False,False,False,False
txn_003049,cust_000748,2026-02-08T06:04:00,upi,HDFC,1933.8,96,1,6,29,technical_bank_side,False,delayed_retry@48,True,False,True,True,True,False
txn_003050,cust_001221,2026-01-26T13:32:00,upi,Yes Bank,801.84,82,2,13,6,invalid_details,False,immediate_retry,False,False,False,False,False,True
txn_003051,cust_000045,2026-06-19T19:53:00,upi,Yes Bank,845.71,14,1,19,6,invalid_details,False,do_nothing,False,False,False,False,False,False
txn_003052,cust_000521,2026-06-09T09:32:00,netbanking,HDFC,2512.55,51,0,9,25,insufficient_funds,False,immediate_retry,False,False,False,True,False,False
txn_003053,cust_000409,2026-02-18T00:36:00,netbanking,Kotak,479.11,14,0,0,11,technical_bank_side,False,delayed_retry@48,False,False,False,False,False,False
txn_003054,cust_001159,2026-02-19T09:20:00,upi,Axis,3602.19,51,2,9,2,insufficient_funds,False,do_nothing,False,False,False,False,False,False
txn_003055,cust_000616,2026-05-29T10:01:00,card,Kotak,260.28,96,2,10,2,technical_bank_side,False,delayed_retry@48,False,False,True,False,False,False
txn_003056,cust_000290,2026-03-24T09:29:00,netbanking,Kotak,238.12,51,0,9,8,insufficient_funds,False,do_nothing,True,True,False,True,True,True
txn_003057,cust_001120,2026-01-19T02:47:00,card,IDFC,3023.41,96,1,2,3,technical_bank_side,False,delayed_retry@48,False,False,True,True,False,False
txn_003058,cust_001081,2026-05-12T16:24:00,wallet,ICICI,1675.47,65,0,16,2,insufficient_funds,False,delayed_retry@12,False,False,False,False,False,False
txn_003059,cust_000958,2026-01-24T15:36:00,upi,HDFC,849.53,12,0,15,2,invalid_details,False,delayed_retry@48,False,False,False,False,False,False
txn_003060,cust_000299,2026-06-29T17:14:00,upi,IDFC,360.56,65,0,17,14,insufficient_funds,False,do_nothing,False,False,False,False,True,False
txn_003061,cust_000147,2026-03-22T19:55:00,netbanking,Kotak,4372.49,59,0,19,23,fraud_suspected,True,delayed_retry@48,False,False,False,False,False,False
txn_003062,cust_000507,2026-05-14T05:00:00,card,Kotak,1700.03,05,0,5,14,insufficient_funds,False,immediate_retry,False,False,False,True,False,False
txn_003063,cust_001175,2026-05-03T00:45:00,card,ICICI,1014.99,05,1,0,26,technical_bank_side,False,do_nothing,False,False,False,False,False,True
txn_003064,cust_000655,2026-07-02T23:24:00,card,SBI,446.04,65,2,23,18,insufficient_funds,False,immediate_retry,True,False,True,False,False,False
txn_003065,cust_000903,2026-06-05T21:18:00,netbanking,IDFC,1944.22,96,1,21,5,technical_bank_side,False,do_nothing,True,True,True,True,False,False
txn_003066,cust_000476,2026-03-07T22:20:00,netbanking,Kotak,305.15,51,0,22,11,technical_bank_side,False,prompt_new_payment_method,False,True,True,True,True,False
txn_003067,cust_001158,2026-05-05T15:03:00,wallet,HDFC,320.55,82,1,15,7,invalid_details,False,do_nothing,False,False,False,False,False,False
txn_003068,cust_000648,2026-06-27T14:48:00,netbanking,ICICI,456.22,96,1,14,9,insufficient_funds,False,do_nothing,False,False,False,False,False,False
txn_003069,cust_001159,2026-01-19T07:44:00,upi,SBI,2223.86,05,1,7,2,fraud_suspected,True,immediate_retry,False,False,False,False,False,False
txn_003070,cust_000206,2026-02-06T01:02:00,card,IDFC,1274.85,51,2,1,30,insufficient_funds,False,do_nothing,False,False,False,False,True,False
txn_003071,cust_000565,2026-01-24T09:58:00,upi,Axis,4499.74,14,0,9,28,invalid_details,False,immediate_retry,False,False,False,False,False,False
txn_003072,cust_000357,2026-03-21T16:00:00,card,IDFC,1924.86,51,1,16,15,insufficient_funds,False,delayed_retry@48,True,False,False,False,True,True
txn_003073,cust_000770,2026-06-03T13:50:00,upi,IDFC,766.51,14,0,13,4,expired_card,False,delayed_retry@12,False,False,False,False,False,False
txn_003074,cust_000949,2026-02-26T02:15:00,netbanking,Yes Bank,2063.75,51,1,2,26,technical_bank_side,False,prompt_new_payment_method,False,False,False,False,True,False
txn_003075,cust_000941,2026-02-13T17:27:00,card,Kotak,269.08,05,0,17,26,insufficient_funds,False,delayed_retry@12,True,False,False,True,True,False
txn_003076,cust_000477,2026-06-18T11:20:00,netbanking,ICICI,6378.88,05,0,11,10,invalid_details,False,immediate_retry,False,False,False,False,False,False
txn_003077,cust_000045,2026-03-30T21:23:00,card,Axis,3931.74,51,0,21,30,insufficient_funds,False,immediate_retry,False,False,False,False,False,False
txn_003078,cust_000351,2026-03-15T19:40:00,netbanking,ICICI,1196.85,54,1,19,26,expired_card,False,delayed_retry@12,False,False,False,False,False,True
txn_003079,cust_000902,2026-07-12T21:42:00,upi,Yes Bank,786.56,65,0,21,9,insufficient_funds,False,delayed_retry@48,False,False,False,False,False,False
txn_003080,cust_000207,2026-03-15T15:31:00,card,Kotak,1730.93,05,0,15,11,insufficient_funds,False,prompt_new_payment_method,True,True,True,True,False,True
txn_003081,cust_000774,2026-01-26T01:16:00,card,HDFC,1198.26,05,2,1,29,technical_bank_side,False,delayed_retry@12,False,False,False,False,False,False
txn_003082,cust_001243,2026-06-05T05:41:00,upi,HDFC,3169.05,12,3,5,9,expired_card,False,do_nothing,False,False,False,False,False,False
txn_003083,cust_000121,2026-06-26T10:51:00,card,HDFC,139.34,96,0,10,15,technical_bank_side,False,do_nothing,False,False,True,True,True,True
txn_003084,cust_000750,2026-04-11T02:40:00,upi,SBI,957.25,51,2,2,19,insufficient_funds,False,do_nothing,True,True,False,False,False,False
txn_003085,cust_000344,2026-03-04T06:47:00,upi,ICICI,4987.55,59,0,6,29,fraud_suspected,True,do_nothing,False,False,False,False,False,False
txn_003086,cust_000463,2026-05-11T04:16:00,card,Kotak,1971.94,14,0,4,21,invalid_details,False,delayed_retry@48,False,False,False,False,False,True
txn_003087,cust_000646,2026-04-08T05:50:00,card,Kotak,155.14,59,1,5,20,insufficient_funds,True,delayed_retry@48,False,False,False,False,False,False
txn_003088,cust_001364,2026-02-22T06:18:00,card,HDFC,279.5,51,0,6,8,insufficient_funds,False,delayed_retry@48,True,False,False,False,True,False
txn_003089,cust_001301,2026-05-27T22:34:00,card,HDFC,775.41,05,0,22,19,expired_card,False,immediate_retry,False,False,False,False,False,False
txn_003090,cust_000925,2026-03-20T15:27:00,netbanking,Axis,4168.96,65,0,15,7,insufficient_funds,False,immediate_retry,False,False,False,True,False,False
txn_003091,cust_000047,2026-06-06T19:34:00,card,Axis,2685.8,96,0,19,25,technical_bank_side,False,delayed_retry@48,True,False,True,False,True,False
txn_003092,cust_000663,2026-01-21T16:59:00,upi,ICICI,3861.69,65,1,16,7,insufficient_funds,False,delayed_retry@12,False,False,False,False,True,False
txn_003093,cust_000492,2026-03-30T03:07:00,upi,Kotak,181.24,33,0,3,15,expired_card,False,immediate_retry,False,False,False,False,False,False
txn_003094,cust_000207,2026-06-11T10:04:00,upi,ICICI,993.64,05,1,10,14,invalid_details,False,delayed_retry@48,False,False,False,False,False,True
txn_003095,cust_000391,2026-02-21T10:47:00,upi,Kotak,3638.88,51,0,10,19,insufficient_funds,False,do_nothing,False,False,True,True,False,False
txn_003096,cust_001010,2026-03-08T16:40:00,upi,Yes Bank,675.33,91,0,16,30,technical_bank_side,False,prompt_new_payment_method,True,False,True,True,False,True
txn_003097,cust_001465,2026-02-04T14:28:00,card,Axis,142.71,05,2,14,14,fraud_suspected,True,do_nothing,False,False,False,False,False,False
txn_003098,cust_001403,2026-01-27T02:57:00,card,Yes Bank,2464.29,91,0,2,8,technical_bank_side,False,prompt_new_payment_method,False,False,False,True,False,False
txn_003099,cust_000552,2026-06-26T08:49:00,upi,Axis,1554.54,54,2,8,17,expired_card,False,delayed_retry@12,False,True,False,False,True,True
txn_003100,cust_000146,2026-01-07T04:14:00,wallet,ICICI,1297.79,14,0,4,5,invalid_details,False,delayed_retry@48,False,False,False,False,False,True
txn_003101,cust_000115,2026-04-28T10:10:00,card,SBI,930.18,91,0,10,3,technical_bank_side,False,delayed_retry@48,True,False,True,False,True,False
txn_003102,cust_000623,2026-01-10T18:59:00,card,ICICI,522.22,91,0,18,2,technical_bank_side,False,do_nothing,True,True,False,True,True,False
txn_003103,cust_000812,2026-01-21T03:34:00,netbanking,Axis,1510.31,91,1,3,4,technical_bank_side,False,delayed_retry@48,True,True,True,True,True,False
txn_003104,cust_000114,2026-01-29T05:49:00,card,Kotak,120.34,51,0,5,25,technical_bank_side,False,delayed_retry@48,False,False,True,True,False,False
txn_003105,cust_000079,2026-03-18T19:14:00,card,Yes Bank,1481.3,54,1,19,10,technical_bank_side,False,prompt_new_payment_method,False,False,False,False,False,False
txn_003106,cust_000687,2026-01-24T22:03:00,card,Yes Bank,1610.78,51,0,22,26,insufficient_funds,False,prompt_new_payment_method,False,False,False,False,False,False
txn_003107,cust_000342,2026-04-01T08:25:00,netbanking,HDFC,492.16,14,2,8,26,invalid_details,False,delayed_retry@12,False,False,False,False,False,False
txn_003108,cust_000491,2026-01-10T10:49:00,card,Yes Bank,1356.98,96,0,10,8,technical_bank_side,False,do_nothing,False,False,True,False,False,False
txn_003109,cust_000480,2026-01-11T11:22:00,upi,ICICI,294.61,54,0,11,13,expired_card,False,prompt_new_payment_method,True,False,False,False,False,True
txn_003110,cust_001310,2026-01-31T16:00:00,netbanking,IDFC,1298.03,59,0,16,11,fraud_suspected,True,do_nothing,False,False,False,False,False,False
txn_003111,cust_000687,2026-04-04T03:56:00,upi,Yes Bank,3991.18,82,1,3,5,fraud_suspected,False,do_nothing,False,False,False,False,False,True
txn_003112,cust_000685,2026-02-24T19:49:00,card,HDFC,1443.83,05,2,19,31,insufficient_funds,False,delayed_retry@48,False,False,False,False,False,False
txn_003113,cust_000273,2026-03-30T18:13:00,wallet,SBI,1021.95,51,1,18,28,technical_bank_side,False,do_nothing,False,False,False,False,False,False
txn_003114,cust_000741,2026-05-01T11:49:00,card,IDFC,1324.28,91,1,11,15,technical_bank_side,False,prompt_new_payment_method,True,False,False,False,True,True
txn_003115,cust_000039,2026-01-08T23:00:00,netbanking,SBI,1025.02,51,1,23,12,technical_bank_side,False,immediate_retry,False,False,False,False,False,False
txn_003116,cust_000421,2026-04-22T01:12:00,upi,Kotak,1669.82,12,2,1,26,invalid_details,False,prompt_new_payment_method,False,False,False,False,False,False
txn_003117,cust_000203,2026-05-08T02:24:00,card,HDFC,780.06,05,2,2,2,technical_bank_side,False,delayed_retry@48,True,False,False,True,True,False
txn_003118,cust_001325,2026-05-05T10:41:00,upi,SBI,1303.07,33,0,10,29,expired_card,False,prompt_new_payment_method,False,False,False,False,False,False
txn_003119,cust_000773,2026-02-18T11:01:00,upi,IDFC,1754.45,51,1,11,22,insufficient_funds,False,prompt_new_payment_method,False,False,False,False,False,False
txn_003120,cust_001446,2026-04-27T03:48:00,wallet,SBI,590.0,61,2,3,15,insufficient_funds,False,immediate_retry,True,False,True,False,False,False
txn_003121,cust_000419,2026-02-02T22:30:00,upi,Yes Bank,4172.49,51,1,22,7,insufficient_funds,False,immediate_retry,False,False,False,False,True,False
txn_003122,cust_000736,2026-06-04T01:13:00,card,Axis,2164.95,05,1,1,29,technical_bank_side,False,delayed_retry@12,True,False,True,True,True,True
txn_003123,cust_001257,2026-02-24T19:47:00,card,SBI,1381.0,05,2,19,21,invalid_details,False,immediate_retry,False,False,False,False,False,False
txn_003124,cust_000024,2026-01-04T17:15:00,upi,SBI,434.52,51,1,17,18,insufficient_funds,False,do_nothing,False,False,False,False,True,False
txn_003125,cust_001181,2026-03-23T07:07:00,upi,SBI,202.29,96,0,7,9,technical_bank_side,False,prompt_new_payment_method,False,False,True,True,False,False
txn_003126,cust_001337,2026-05-31T15:19:00,card,Kotak,642.15,82,0,15,19,invalid_details,False,do_nothing,False,False,False,False,False,False
txn_003127,cust_001226,2026-06-14T21:09:00,card,HDFC,1165.0,14,1,21,13,invalid_details,False,do_nothing,False,False,False,False,False,False
txn_003128,cust_000983,2026-02-15T06:11:00,card,HDFC,461.72,91,0,6,5,technical_bank_side,False,delayed_retry@12,False,False,True,False,False,False
txn_003129,cust_001289,2026-01-08T22:49:00,upi,Kotak,565.66,05,1,22,11,technical_bank_side,True,delayed_retry@12,False,False,False,False,False,False
txn_003130,cust_000641,2026-04-10T21:41:00,card,Kotak,1719.39,14,0,21,21,invalid_details,False,prompt_new_payment_method,False,False,False,False,False,False
txn_003131,cust_000153,2026-03-06T22:20:00,upi,IDFC,1688.72,05,1,22,1,technical_bank_side,False,prompt_new_payment_method,False,False,False,False,False,False
txn_003132,cust_001430,2026-07-05T13:22:00,card,IDFC,1854.76,96,1,13,14,technical_bank_side,False,prompt_new_payment_method,True,False,False,False,False,True
txn_003133,cust_001132,2026-05-04T20:37:00,card,Kotak,1719.24,91,0,20,13,technical_bank_side,False,delayed_retry@12,False,True,True,False,False,True
txn_003134,cust_000138,2026-01-20T04:53:00,upi,ICICI,147.34,61,1,4,24,insufficient_funds,False,prompt_new_payment_method,False,False,False,False,False,False
txn_003135,cust_001129,2026-01-09T03:03:00,card,IDFC,1046.63,96,0,3,27,technical_bank_side,False,do_nothing,False,False,False,False,False,False
txn_003136,cust_001127,2026-03-27T03:46:00,netbanking,ICICI,656.04,91,1,3,7,technical_bank_side,False,delayed_retry@48,False,False,False,False,False,False
txn_003137,cust_001136,2026-01-24T21:22:00,card,Kotak,7492.22,59,2,21,27,fraud_suspected,True,immediate_retry,False,False,False,False,False,False
txn_003138,cust_000037,2026-04-22T10:25:00,card,Axis,3620.07,14,0,10,29,invalid_details,False,prompt_new_payment_method,False,False,False,False,False,False
txn_003139,cust_000130,2026-04-09T01:55:00,card,Axis,4328.61,96,2,1,2,technical_bank_side,False,immediate_retry,False,False,False,False,False,False
txn_003140,cust_000276,2026-05-02T14:06:00,card,ICICI,3300.63,14,0,14,24,invalid_details,False,immediate_retry,True,False,True,False,False,True
txn_003141,cust_000174,2026-02-14T18:29:00,upi,SBI,4623.91,54,0,18,20,expired_card,False,delayed_retry@12,False,False,False,False,False,False
txn_003142,cust_001151,2026-01-22T18:06:00,upi,Kotak,295.64,96,0,18,3,technical_bank_side,False,immediate_retry,False,False,False,True,True,False
txn_003143,cust_001357,2026-02-10T03:22:00,upi,ICICI,823.9,61,0,3,19,insufficient_funds,False,immediate_retry,False,False,False,False,False,False
txn_003144,cust_000668,2026-02-14T19:10:00,card,SBI,212.29,91,0,19,19,technical_bank_side,False,immediate_retry,True,False,True,True,True,False
txn_003145,cust_000510,2026-06-07T21:05:00,card,Kotak,3814.56,51,0,21,7,insufficient_funds,False,do_nothing,False,False,False,False,False,False
txn_003146,cust_000283,2026-04-15T17:01:00,upi,Axis,511.09,61,3,17,6,insufficient_funds,False,immediate_retry,False,True,False,False,True,False
txn_003147,cust_000024,2026-02-07T00:49:00,netbanking,Kotak,9114.05,51,1,0,24,insufficient_funds,False,prompt_new_payment_method,False,True,False,False,True,False
txn_003148,cust_000680,2026-04-02T04:33:00,upi,Axis,3415.47,65,0,4,20,insufficient_funds,False,immediate_retry,False,False,False,True,True,False
txn_003149,cust_000992,2026-04-24T11:31:00,card,Yes Bank,3505.82,61,0,11,30,insufficient_funds,False,delayed_retry@48,True,False,False,True,True,False
txn_003150,cust_000497,2026-01-14T03:14:00,netbanking,Kotak,624.49,51,1,3,19,insufficient_funds,False,prompt_new_payment_method,False,False,False,False,False,False
txn_003151,cust_001394,2026-01-28T05:49:00,card,IDFC,4807.2,51,0,5,14,insufficient_funds,False,delayed_retry@48,False,False,False,False,False,False
txn_003152,cust_000841,2026-05-07T20:59:00,card,Kotak,1426.21,12,3,20,4,invalid_details,False,delayed_retry@48,False,False,False,False,False,True
txn_003153,cust_000592,2026-01-27T03:16:00,card,Kotak,1646.91,91,0,3,7,technical_bank_side,False,do_nothing,False,False,True,True,False,False
txn_003154,cust_000469,2026-03-27T19:08:00,upi,SBI,1025.82,05,0,19,12,technical_bank_side,False,delayed_retry@12,True,False,True,True,False,False
txn_003155,cust_001442,2026-01-25T13:17:00,upi,Kotak,2404.29,96,1,13,29,technical_bank_side,False,delayed_retry@12,True,False,True,True,False,False
txn_003156,cust_000672,2026-02-23T03:24:00,card,HDFC,380.23,05,0,3,27,insufficient_funds,False,delayed_retry@12,False,False,False,False,False,True
txn_003157,cust_000110,2026-03-15T20:03:00,upi,SBI,786.01,05,2,20,8,insufficient_funds,False,delayed_retry@12,False,True,False,False,True,False
txn_003158,cust_001304,2026-03-07T03:37:00,card,SBI,673.25,54,1,3,9,expired_card,False,delayed_retry@48,False,False,False,False,False,False
txn_003159,cust_000824,2026-01-22T19:36:00,upi,Yes Bank,668.16,82,0,19,28,insufficient_funds,False,do_nothing,False,False,False,False,False,False
txn_003160,cust_001038,2026-02-03T11:06:00,card,HDFC,1752.0,05,0,11,22,technical_bank_side,False,delayed_retry@12,True,True,True,True,False,False
txn_003161,cust_000138,2026-06-10T12:16:00,card,HDFC,658.49,91,0,12,3,technical_bank_side,False,do_nothing,False,False,True,False,False,False
txn_003162,cust_001261,2026-02-06T06:47:00,card,IDFC,834.69,05,3,6,30,invalid_details,False,immediate_retry,False,False,False,False,False,True
txn_003163,cust_001078,2026-01-01T07:09:00,upi,Yes Bank,809.12,05,0,7,18,expired_card,False,prompt_new_payment_method,True,False,False,False,False,True
txn_003164,cust_000351,2026-06-30T00:05:00,upi,IDFC,296.6,12,1,0,5,expired_card,False,prompt_new_payment_method,True,False,False,False,False,True
txn_003165,cust_000959,2026-07-06T09:17:00,card,HDFC,291.33,51,0,9,27,technical_bank_side,False,immediate_retry,True,True,True,True,True,False
txn_003166,cust_001160,2026-03-08T02:02:00,upi,Axis,639.07,51,0,2,3,expired_card,False,do_nothing,True,True,True,True,False,False
txn_003167,cust_000472,2026-01-25T01:51:00,netbanking,HDFC,1101.29,65,0,1,31,insufficient_funds,False,prompt_new_payment_method,False,False,False,False,False,False
txn_003168,cust_000894,2026-02-06T08:39:00,card,Yes Bank,3359.34,96,0,8,10,technical_bank_side,False,delayed_retry@48,False,False,True,True,False,False
txn_003169,cust_000212,2026-02-06T18:27:00,card,IDFC,1152.22,82,0,18,7,invalid_details,False,do_nothing,False,False,True,False,False,True
txn_003170,cust_000696,2026-06-24T15:12:00,card,HDFC,2000.01,14,0,15,18,invalid_details,False,prompt_new_payment_method,False,False,False,False,False,False
txn_003171,cust_000631,2026-03-26T06:53:00,card,Axis,2086.86,05,1,6,6,fraud_suspected,False,prompt_new_payment_method,True,False,True,True,False,True
txn_003172,cust_001381,2026-01-28T04:17:00,card,ICICI,613.26,14,0,4,2,invalid_details,False,delayed_retry@48,False,True,False,False,False,True
txn_003173,cust_001027,2026-03-29T22:16:00,card,IDFC,635.16,91,0,22,13,technical_bank_side,False,immediate_retry,True,True,True,True,True,True
txn_003174,cust_000335,2026-01-29T13:11:00,upi,IDFC,1097.36,51,1,13,12,insufficient_funds,False,delayed_retry@48,True,True,False,True,True,False
txn_003175,cust_000081,2026-06-23T03:15:00,card,IDFC,2577.24,33,0,3,30,expired_card,False,do_nothing,False,False,False,False,False,True
txn_003176,cust_001227,2026-01-14T02:02:00,upi,HDFC,1532.13,51,0,2,1,technical_bank_side,False,delayed_retry@48,False,False,True,True,False,False
txn_003177,cust_000473,2026-02-14T00:59:00,upi,Yes Bank,209.93,63,1,0,18,fraud_suspected,True,do_nothing,False,False,False,False,False,False
txn_003178,cust_000324,2026-06-29T19:58:00,upi,IDFC,908.54,59,2,19,15,fraud_suspected,True,prompt_new_payment_method,False,False,False,False,False,False
txn_003179,cust_001285,2026-06-14T16:03:00,card,HDFC,1695.94,51,1,16,19,insufficient_funds,False,prompt_new_payment_method,False,True,True,True,False,False
txn_003180,cust_000134,2026-05-29T00:24:00,upi,IDFC,1986.54,96,0,0,10,technical_bank_side,False,delayed_retry@48,False,False,True,False,False,False
txn_003181,cust_000408,2026-07-05T18:07:00,wallet,Axis,1416.06,14,0,18,16,invalid_details,False,do_nothing,False,False,False,False,False,False
txn_003182,cust_000428,2026-03-04T01:41:00,upi,Kotak,3460.31,63,2,1,4,fraud_suspected,True,prompt_new_payment_method,False,False,False,False,False,False
txn_003183,cust_000370,2026-06-12T00:22:00,upi,Yes Bank,3093.96,82,1,0,24,invalid_details,False,do_nothing,False,False,False,False,False,False
txn_003184,cust_000429,2026-02-09T04:38:00,upi,Yes Bank,1176.89,51,1,4,25,insufficient_funds,False,do_nothing,False,False,True,True,False,True
txn_003185,cust_000198,2026-03-27T00:35:00,netbanking,IDFC,2780.19,61,0,0,12,insufficient_funds,False,immediate_retry,False,False,False,False,True,True
txn_003186,cust_000822,2026-07-12T01:42:00,card,Axis,387.02,65,1,1,6,insufficient_funds,False,prompt_new_payment_method,False,False,False,False,False,False
txn_003187,cust_000047,2026-02-16T00:30:00,card,Axis,458.11,51,3,0,19,technical_bank_side,False,delayed_retry@48,False,False,False,False,False,False
txn_003188,cust_000667,2026-01-07T01:50:00,card,SBI,1239.77,54,0,1,13,expired_card,False,immediate_retry,False,False,False,False,False,False
txn_003189,cust_001451,2026-04-30T09:59:00,upi,SBI,379.57,54,0,9,15,expired_card,False,delayed_retry@48,False,False,False,False,False,True
txn_003190,cust_000283,2026-05-02T18:43:00,netbanking,Axis,831.62,59,1,18,7,fraud_suspected,True,prompt_new_payment_method,False,False,False,False,False,False
txn_003191,cust_000545,2026-01-18T15:25:00,card,SBI,1814.73,51,0,15,18,insufficient_funds,False,do_nothing,False,False,True,True,False,True
txn_003192,cust_000966,2026-03-21T15:15:00,wallet,Kotak,1273.21,82,0,15,20,invalid_details,False,immediate_retry,False,False,False,False,False,True
txn_003193,cust_000429,2026-06-12T00:58:00,wallet,Kotak,878.31,51,1,0,14,insufficient_funds,False,delayed_retry@12,True,False,False,True,True,False
txn_003194,cust_000305,2026-04-22T01:13:00,upi,HDFC,3112.86,91,1,1,9,technical_bank_side,False,immediate_retry,True,False,True,False,False,False
txn_003195,cust_000911,2026-02-28T13:36:00,upi,IDFC,716.61,51,2,13,28,insufficient_funds,False,do_nothing,False,False,False,False,False,False
txn_003196,cust_001112,2026-06-15T16:58:00,card,Axis,2608.78,59,0,16,27,fraud_suspected,True,delayed_retry@12,False,False,False,False,False,False
txn_003197,cust_000127,2026-01-26T08:18:00,card,Kotak,378.29,14,1,8,6,invalid_details,False,prompt_new_payment_method,False,False,False,False,False,False
txn_003198,cust_000019,2026-01-16T20:59:00,card,HDFC,818.73,96,0,20,27,technical_bank_side,False,prompt_new_payment_method,True,False,True,True,True,True
txn_003199,cust_000064,2026-06-28T13:33:00,card,SBI,1858.45,91,2,13,25,technical_bank_side,False,immediate_retry,True,False,True,False,False,False
txn_003200,cust_000484,2026-06-08T15:33:00,upi,SBI,2133.34,14,1,15,18,fraud_suspected,False,do_nothing,False,False,True,False,False,True
txn_003201,cust_000973,2026-05-28T15:40:00,card,SBI,570.5,14,1,15,26,invalid_details,False,do_nothing,False,False,False,False,False,False
txn_003202,cust_000747,2026-03-11T15:16:00,card,IDFC,7919.91,05,0,15,11,technical_bank_side,False,delayed_retry@12,False,False,False,False,False,False
txn_003203,cust_001482,2026-05-16T15:21:00,upi,Yes Bank,914.61,51,2,15,2,insufficient_funds,False,prompt_new_payment_method,False,True,True,True,True,False
txn_003204,cust_000017,2026-06-11T18:58:00,card,ICICI,370.83,54,0,18,24,expired_card,False,do_nothing,False,False,False,False,False,False
txn_003205,cust_000579,2026-05-06T12:24:00,netbanking,ICICI,513.65,51,2,12,7,technical_bank_side,False,immediate_retry,False,False,False,False,False,False
txn_003206,cust_000851,2026-06-18T04:55:00,card,Kotak,26972.71,51,1,4,4,insufficient_funds,False,delayed_retry@48,False,False,False,True,False,False
txn_003207,cust_000595,2026-01-13T21:00:00,upi,ICICI,384.37,51,2,21,16,insufficient_funds,False,immediate_retry,False,False,False,False,False,False
txn_003208,cust_000586,2026-06-26T18:59:00,card,Yes Bank,229.88,91,0,18,21,technical_bank_side,False,do_nothing,False,False,True,True,True,True
txn_003209,cust_000614,2026-05-04T14:16:00,card,IDFC,4533.67,59,0,14,27,fraud_suspected,True,do_nothing,False,False,False,False,False,False
txn_003210,cust_000839,2026-07-11T10:46:00,card,Yes Bank,2917.55,54,1,10,29,expired_card,False,delayed_retry@12,False,False,False,False,False,True
txn_003211,cust_000899,2026-07-03T20:53:00,upi,IDFC,5203.82,59,0,20,18,fraud_suspected,True,do_nothing,False,False,False,False,False,False
txn_003212,cust_000795,2026-01-17T01:35:00,upi,Axis,627.83,05,0,1,4,fraud_suspected,True,delayed_retry@48,False,False,False,False,False,False
txn_003213,cust_000180,2026-06-24T17:20:00,netbanking,Axis,2719.65,51,0,17,22,technical_bank_side,False,do_nothing,False,False,False,False,True,False
txn_003214,cust_000227,2026-06-24T05:37:00,upi,Yes Bank,1903.52,05,1,5,4,technical_bank_side,False,immediate_retry,True,False,True,False,True,False
txn_003215,cust_000721,2026-03-05T10:57:00,upi,SBI,1073.93,05,0,10,14,invalid_details,False,immediate_retry,False,False,False,False,False,False
txn_003216,cust_000420,2026-07-03T01:30:00,upi,SBI,524.07,91,0,1,1,technical_bank_side,False,do_nothing,False,False,True,True,True,False
txn_003217,cust_000492,2026-04-04T03:12:00,card,Kotak,684.96,51,0,3,23,insufficient_funds,False,delayed_retry@48,True,False,True,True,True,True
txn_003218,cust_001066,2026-07-11T09:29:00,card,SBI,3784.73,91,2,9,18,technical_bank_side,False,prompt_new_payment_method,False,False,False,False,True,False
txn_003219,cust_000575,2026-03-04T02:51:00,card,IDFC,5700.12,54,0,2,6,expired_card,False,immediate_retry,False,False,False,False,False,False
txn_003220,cust_001188,2026-03-06T01:04:00,card,HDFC,262.54,14,0,1,8,invalid_details,False,prompt_new_payment_method,True,True,False,False,False,True
txn_003221,cust_000355,2026-04-27T05:25:00,card,Kotak,1011.25,61,0,5,30,insufficient_funds,False,do_nothing,False,False,False,False,False,False
txn_003222,cust_001317,2026-04-01T05:14:00,netbanking,IDFC,1272.97,63,1,5,20,fraud_suspected,True,delayed_retry@12,False,False,False,False,False,False
txn_003223,cust_001365,2026-01-18T23:37:00,wallet,ICICI,734.13,61,1,23,20,insufficient_funds,False,delayed_retry@48,False,False,False,False,False,False
txn_003224,cust_000970,2026-03-03T22:39:00,card,ICICI,1436.36,14,2,22,9,invalid_details,False,do_nothing,True,True,False,False,False,True
txn_003225,cust_000050,2026-02-23T19:18:00,upi,Yes Bank,1944.77,33,0,19,15,expired_card,False,delayed_retry@12,False,False,False,False,False,False
txn_003226,cust_000375,2026-01-21T21:40:00,upi,Axis,483.5,51,0,21,25,insufficient_funds,False,delayed_retry@48,True,False,True,True,True,False
txn_003227,cust_000190,2026-05-03T18:21:00,card,HDFC,829.91,05,3,18,22,technical_bank_side,False,delayed_retry@12,True,False,True,True,False,True
txn_003228,cust_000342,2026-05-07T07:55:00,card,Yes Bank,1806.63,05,0,7,24,technical_bank_side,False,prompt_new_payment_method,True,False,True,True,True,True
txn_003229,cust_000265,2026-07-09T14:33:00,upi,SBI,659.05,91,0,14,27,technical_bank_side,False,prompt_new_payment_method,False,False,True,False,False,False
txn_003230,cust_000709,2026-04-05T14:29:00,upi,HDFC,399.3,51,1,14,16,insufficient_funds,False,do_nothing,False,False,True,False,False,False
txn_003231,cust_000500,2026-04-01T00:18:00,upi,Yes Bank,1634.27,51,0,0,5,insufficient_funds,False,immediate_retry,False,False,False,False,False,False
txn_003232,cust_001355,2026-01-28T00:58:00,card,IDFC,937.51,54,0,0,13,technical_bank_side,False,do_nothing,False,False,False,False,False,False
txn_003233,cust_000894,2026-02-03T10:11:00,wallet,SBI,204.74,14,0,10,3,invalid_details,False,do_nothing,False,False,False,False,False,True
txn_003234,cust_000352,2026-03-05T20:05:00,upi,Axis,1793.64,33,0,20,23,expired_card,False,prompt_new_payment_method,False,False,False,False,False,False
txn_003235,cust_001468,2026-04-30T03:38:00,netbanking,Yes Bank,1387.19,54,2,3,24,expired_card,False,do_nothing,False,False,False,False,False,False
txn_003236,cust_000492,2026-02-26T19:40:00,card,Yes Bank,496.92,61,0,19,2,insufficient_funds,False,delayed_retry@48,False,False,False,False,False,False
txn_003237,cust_001440,2026-03-11T19:01:00,upi,ICICI,191.33,51,0,19,4,insufficient_funds,False,delayed_retry@48,False,True,True,False,False,True
txn_003238,cust_001095,2026-05-14T19:21:00,upi,Kotak,1401.29,05,2,19,29,insufficient_funds,False,delayed_retry@12,True,False,True,True,True,True
txn_003239,cust_000524,2026-02-11T19:11:00,card,Axis,3992.73,05,0,19,22,insufficient_funds,False,immediate_retry,False,False,False,True,False,False
txn_003240,cust_000929,2026-03-17T17:44:00,upi,Axis,2924.46,96,0,17,25,technical_bank_side,False,immediate_retry,True,True,True,True,True,False
txn_003241,cust_001357,2026-01-10T05:10:00,netbanking,SBI,758.93,14,1,5,18,expired_card,False,delayed_retry@48,False,False,False,False,False,True
txn_003242,cust_001305,2026-02-10T23:31:00,upi,IDFC,155.8,54,1,23,31,expired_card,False,prompt_new_payment_method,False,False,False,False,False,False
txn_003243,cust_000439,2026-04-02T02:39:00,upi,ICICI,1370.45,12,0,2,19,invalid_details,False,prompt_new_payment_method,True,False,False,False,False,True
txn_003244,cust_001291,2026-04-13T07:12:00,card,ICICI,14524.26,59,0,7,17,fraud_suspected,True,immediate_retry,False,False,False,False,False,False
txn_003245,cust_000988,2026-02-24T09:40:00,wallet,Axis,428.03,51,0,9,25,insufficient_funds,False,prompt_new_payment_method,False,False,False,True,False,False
txn_003246,cust_000825,2026-07-13T05:56:00,netbanking,Kotak,2016.87,51,2,5,2,insufficient_funds,False,delayed_retry@48,True,True,True,True,True,True
txn_003247,cust_000808,2026-05-04T06:29:00,wallet,ICICI,846.39,05,0,6,17,insufficient_funds,False,delayed_retry@12,False,False,False,False,False,False
txn_003248,cust_000610,2026-01-17T21:36:00,card,Axis,1436.99,05,0,21,19,invalid_details,False,do_nothing,False,False,False,False,False,False
txn_003249,cust_001141,2026-04-08T02:18:00,card,SBI,724.58,05,0,2,9,technical_bank_side,False,do_nothing,False,False,True,True,True,True
txn_003250,cust_001431,2026-03-30T23:08:00,upi,Axis,1426.86,51,0,23,12,insufficient_funds,False,immediate_retry,False,False,False,False,False,False
txn_003251,cust_000658,2026-01-25T09:19:00,upi,Axis,840.51,54,1,9,30,expired_card,False,delayed_retry@48,False,False,False,False,False,False
txn_003252,cust_001137,2026-04-27T14:18:00,card,ICICI,11624.19,91,0,14,21,technical_bank_side,False,delayed_retry@48,False,False,True,False,False,False
txn_003253,cust_000250,2026-03-06T05:14:00,card,Kotak,252.27,51,0,5,5,insufficient_funds,False,delayed_retry@48,False,False,False,False,False,False
txn_003254,cust_001041,2026-06-29T03:11:00,card,Yes Bank,1358.98,63,0,3,8,fraud_suspected,True,delayed_retry@48,False,False,False,False,False,False
txn_003255,cust_000154,2026-03-28T08:55:00,upi,ICICI,1412.55,05,0,8,19,technical_bank_side,False,immediate_retry,True,False,True,False,True,False
txn_003256,cust_001179,2026-03-31T09:50:00,card,IDFC,1647.48,65,0,9,17,insufficient_funds,False,delayed_retry@48,False,False,False,False,False,False
txn_003257,cust_000600,2026-02-06T09:48:00,upi,IDFC,1213.78,51,0,9,17,insufficient_funds,False,do_nothing,True,True,False,True,True,False
txn_003258,cust_000644,2026-03-07T10:32:00,card,IDFC,326.94,05,0,10,5,expired_card,False,prompt_new_payment_method,False,True,False,False,False,False
txn_003259,cust_000921,2026-01-31T03:49:00,card,Yes Bank,3488.99,82,0,3,23,invalid_details,False,delayed_retry@12,False,True,False,False,False,False
txn_003260,cust_001491,2026-01-07T20:16:00,netbanking,Axis,1237.69,05,0,20,11,technical_bank_side,False,prompt_new_payment_method,False,True,True,True,True,False
txn_003261,cust_000794,2026-02-20T21:41:00,wallet,ICICI,1135.07,61,0,21,13,insufficient_funds,False,do_nothing,False,False,True,False,False,False
txn_003262,cust_000359,2026-05-17T00:19:00,netbanking,HDFC,2194.61,61,0,0,8,insufficient_funds,False,delayed_retry@12,False,False,False,False,False,False
txn_003263,cust_001441,2026-01-10T09:30:00,wallet,HDFC,1975.37,61,1,9,27,insufficient_funds,False,prompt_new_payment_method,False,True,False,False,True,False
txn_003264,cust_000905,2026-03-06T10:29:00,card,HDFC,107.37,82,0,10,28,invalid_details,False,delayed_retry@48,False,False,False,False,False,True
txn_003265,cust_000636,2026-07-14T00:51:00,upi,Yes Bank,613.33,14,3,0,19,invalid_details,False,delayed_retry@12,False,False,False,False,False,False
txn_003266,cust_001430,2026-06-17T13:46:00,card,Yes Bank,1458.38,54,0,13,1,expired_card,False,delayed_retry@12,False,False,False,False,False,False
txn_003267,cust_001101,2026-01-05T16:03:00,card,HDFC,1004.46,91,2,16,24,technical_bank_side,False,delayed_retry@12,False,False,False,False,False,False
txn_003268,cust_000786,2026-05-11T22:49:00,wallet,Kotak,958.43,54,1,22,18,expired_card,False,prompt_new_payment_method,False,False,False,False,False,False
txn_003269,cust_000952,2026-07-15T01:02:00,card,Axis,2087.66,54,1,1,25,expired_card,False,do_nothing,False,False,False,True,False,False
txn_003270,cust_001420,2026-04-26T12:12:00,upi,ICICI,402.58,91,0,12,18,technical_bank_side,False,delayed_retry@12,False,False,False,False,False,False
txn_003271,cust_000775,2026-05-25T17:42:00,wallet,Axis,182.97,51,0,17,6,insufficient_funds,False,delayed_retry@12,True,False,False,True,False,False
txn_003272,cust_001133,2026-04-03T23:47:00,card,ICICI,8501.06,14,0,23,30,invalid_details,False,immediate_retry,False,False,False,False,False,False
txn_003273,cust_000660,2026-03-19T12:55:00,card,ICICI,2608.89,54,2,12,15,expired_card,False,delayed_retry@48,False,False,False,False,False,True
txn_003274,cust_000878,2026-01-20T03:49:00,upi,HDFC,765.67,91,0,3,6,expired_card,False,prompt_new_payment_method,False,False,False,True,True,False
txn_003275,cust_000207,2026-04-03T13:35:00,upi,IDFC,1403.37,59,1,13,12,fraud_suspected,True,delayed_retry@12,False,False,False,False,False,False
txn_003276,cust_000217,2026-06-25T03:20:00,card,ICICI,1730.32,05,0,3,11,insufficient_funds,False,immediate_retry,False,False,False,False,False,False
txn_003277,cust_000853,2026-07-12T02:39:00,upi,HDFC,4278.5,05,1,2,27,insufficient_funds,False,delayed_retry@48,False,False,False,True,False,False
txn_003278,cust_000538,2026-06-20T05:53:00,card,ICICI,937.18,96,0,5,24,technical_bank_side,False,prompt_new_payment_method,True,True,True,False,True,True
txn_003279,cust_001471,2026-06-25T20:48:00,upi,ICICI,499.43,33,3,20,1,expired_card,False,delayed_retry@48,False,False,False,False,False,False
txn_003280,cust_000118,2026-03-02T07:18:00,card,Kotak,600.62,51,1,7,5,insufficient_funds,False,do_nothing,False,False,False,False,False,False
txn_003281,cust_000908,2026-02-25T16:02:00,netbanking,Axis,418.74,54,1,16,1,invalid_details,False,delayed_retry@12,False,True,False,False,False,True
txn_003282,cust_000255,2026-04-30T17:22:00,upi,ICICI,350.31,14,0,17,18,invalid_details,False,prompt_new_payment_method,False,False,False,False,False,False
txn_003283,cust_000945,2026-03-05T02:12:00,netbanking,IDFC,783.81,61,0,2,22,insufficient_funds,False,delayed_retry@12,True,False,False,True,True,False
txn_003284,cust_000300,2026-01-18T15:25:00,upi,Kotak,363.26,59,0,15,27,fraud_suspected,True,delayed_retry@48,False,False,False,False,False,False
txn_003285,cust_001285,2026-03-14T05:16:00,card,Axis,6080.92,34,1,5,17,fraud_suspected,True,delayed_retry@48,False,False,False,False,False,False
txn_003286,cust_001063,2026-03-02T00:25:00,card,Kotak,8009.65,05,0,0,26,technical_bank_side,False,delayed_retry@12,False,False,False,False,False,True
txn_003287,cust_000353,2026-05-15T14:16:00,wallet,ICICI,5926.66,51,1,14,10,insufficient_funds,False,prompt_new_payment_method,True,True,True,True,True,True
txn_003288,cust_001374,2026-03-31T02:05:00,card,Yes Bank,1840.47,91,1,2,7,technical_bank_side,False,delayed_retry@48,False,True,False,True,False,False
txn_003289,cust_000958,2026-02-07T13:02:00,upi,Kotak,775.68,51,0,13,27,insufficient_funds,False,delayed_retry@12,False,False,False,False,False,False
txn_003290,cust_001488,2026-03-12T12:11:00,card,SBI,1310.21,14,2,12,18,expired_card,False,immediate_retry,False,False,False,False,False,False
txn_003291,cust_001144,2026-04-21T23:37:00,card,Yes Bank,485.62,05,0,23,4,technical_bank_side,False,delayed_retry@12,True,True,True,True,True,True
txn_003292,cust_000974,2026-04-25T16:32:00,card,Yes Bank,2579.64,54,1,16,12,expired_card,False,prompt_new_payment_method,True,False,False,False,False,True
txn_003293,cust_001055,2026-05-13T15:06:00,upi,Yes Bank,2811.13,54,3,15,17,expired_card,False,immediate_retry,False,False,False,False,False,True
txn_003294,cust_000946,2026-03-14T21:07:00,card,ICICI,188.5,65,1,21,11,insufficient_funds,False,delayed_retry@48,True,False,False,False,True,False
txn_003295,cust_001267,2026-05-18T20:37:00,upi,Kotak,405.76,14,0,20,3,invalid_details,False,delayed_retry@48,False,False,True,False,False,True
txn_003296,cust_001134,2026-02-12T23:53:00,card,Yes Bank,380.8,14,0,23,28,invalid_details,False,immediate_retry,False,False,False,False,False,False
txn_003297,cust_001223,2026-04-27T20:30:00,card,HDFC,265.15,54,0,20,14,expired_card,False,immediate_retry,False,False,False,False,False,False
txn_003298,cust_000624,2026-01-29T03:58:00,netbanking,Kotak,12746.12,05,0,3,20,fraud_suspected,True,do_nothing,False,False,False,False,False,False
txn_003299,cust_000681,2026-05-28T09:00:00,card,Yes Bank,4641.51,91,2,9,22,technical_bank_side,False,delayed_retry@48,False,False,False,False,False,False
txn_003300,cust_000545,2026-01-17T20:11:00,upi,HDFC,86.72,96,2,20,11,technical_bank_side,False,delayed_retry@12,True,True,False,True,True,False
txn_003301,cust_001431,2026-01-21T10:03:00,card,ICICI,2656.32,91,0,10,28,technical_bank_side,False,delayed_retry@12,False,False,True,False,False,False
txn_003302,cust_000888,2026-03-10T11:31:00,card,SBI,680.3,54,1,11,12,expired_card,False,delayed_retry@12,False,False,False,False,False,False
txn_003303,cust_000960,2026-06-22T03:29:00,card,HDFC,299.1,54,2,3,23,expired_card,False,do_nothing,False,False,False,False,False,True
txn_003304,cust_001140,2026-04-04T08:09:00,card,SBI,160.12,05,2,8,27,technical_bank_side,False,do_nothing,True,True,False,True,True,False
txn_003305,cust_000481,2026-05-05T02:16:00,netbanking,IDFC,2125.99,65,0,2,15,insufficient_funds,False,delayed_retry@48,True,False,False,True,True,True
txn_003306,cust_001010,2026-05-16T02:02:00,upi,Axis,701.26,51,1,2,4,insufficient_funds,False,delayed_retry@12,True,True,True,True,True,True
txn_003307,cust_001136,2026-01-15T17:09:00,wallet,IDFC,725.79,54,1,17,12,expired_card,False,delayed_retry@12,False,False,False,False,False,True
txn_003308,cust_000153,2026-04-20T15:38:00,card,HDFC,523.57,51,2,15,17,technical_bank_side,False,prompt_new_payment_method,False,False,False,False,False,False
txn_003309,cust_001187,2026-07-11T16:16:00,upi,SBI,2924.03,14,0,16,12,invalid_details,False,delayed_retry@12,False,False,False,False,False,True
txn_003310,cust_000348,2026-03-13T00:32:00,netbanking,SBI,7027.76,51,2,0,16,insufficient_funds,False,prompt_new_payment_method,False,False,False,False,False,False
txn_003311,cust_000134,2026-02-11T10:27:00,wallet,IDFC,1212.26,91,1,10,22,technical_bank_side,False,prompt_new_payment_method,False,True,True,False,True,False
txn_003312,cust_001022,2026-06-28T19:35:00,card,Axis,1388.11,51,0,19,12,insufficient_funds,False,delayed_retry@12,True,False,True,True,False,True
txn_003313,cust_000676,2026-05-22T06:30:00,netbanking,Kotak,5895.73,63,2,6,26,fraud_suspected,True,delayed_retry@48,False,False,False,False,False,False
txn_003314,cust_001410,2026-02-22T13:21:00,upi,ICICI,2108.38,51,0,13,18,insufficient_funds,False,prompt_new_payment_method,False,False,False,True,False,False
txn_003315,cust_001137,2026-02-15T03:16:00,upi,Axis,630.08,51,0,3,6,insufficient_funds,False,delayed_retry@12,False,False,False,False,False,False
txn_003316,cust_001370,2026-05-29T03:06:00,card,Yes Bank,1510.9,33,2,3,29,insufficient_funds,False,delayed_retry@48,False,False,False,False,False,True
txn_003317,cust_001135,2026-01-09T05:48:00,card,SBI,471.26,14,0,5,14,invalid_details,False,do_nothing,False,False,False,False,False,False
txn_003318,cust_000427,2026-03-08T22:21:00,upi,SBI,529.42,05,1,22,10,fraud_suspected,False,delayed_retry@48,False,False,False,False,False,False
txn_003319,cust_000609,2026-03-06T23:07:00,upi,Yes Bank,1629.16,96,1,23,9,technical_bank_side,False,do_nothing,True,True,True,True,True,False
txn_003320,cust_000507,2026-02-02T09:12:00,wallet,Axis,2418.86,05,1,9,19,expired_card,False,immediate_retry,False,False,False,False,False,False
txn_003321,cust_000143,2026-05-11T04:51:00,upi,IDFC,2161.11,14,0,4,9,expired_card,False,immediate_retry,False,False,False,False,False,True
txn_003322,cust_000577,2026-01-05T08:00:00,card,HDFC,267.19,51,0,8,21,insufficient_funds,False,delayed_retry@12,True,False,True,True,True,False
txn_003323,cust_000989,2026-07-20T16:46:00,wallet,ICICI,2117.75,63,0,16,5,fraud_suspected,True,immediate_retry,False,False,False,False,False,False
txn_003324,cust_001296,2026-01-02T00:16:00,card,ICICI,488.71,54,1,0,21,technical_bank_side,False,immediate_retry,False,False,False,False,False,False
txn_003325,cust_001236,2026-03-03T18:11:00,upi,SBI,333.68,12,2,18,26,invalid_details,False,delayed_retry@12,False,False,False,False,False,True
txn_003326,cust_001258,2026-05-20T12:54:00,upi,IDFC,1354.09,05,0,12,30,expired_card,True,prompt_new_payment_method,False,False,False,False,False,False
txn_003327,cust_000777,2026-04-21T08:38:00,upi,Axis,3472.93,14,0,8,20,invalid_details,False,do_nothing,False,False,False,False,False,True
txn_003328,cust_000168,2026-01-13T04:39:00,card,SBI,1488.5,51,2,4,12,technical_bank_side,False,immediate_retry,False,False,False,False,False,False
txn_003329,cust_000740,2026-06-08T12:20:00,netbanking,ICICI,885.07,51,0,12,16,technical_bank_side,False,prompt_new_payment_method,False,True,True,True,True,False
txn_003330,cust_000676,2026-05-04T03:09:00,netbanking,ICICI,2663.79,96,0,3,28,technical_bank_side,False,delayed_retry@48,False,False,False,False,False,False
txn_003331,cust_000836,2026-06-02T14:32:00,wallet,SBI,4673.2,14,0,14,23,invalid_details,False,delayed_retry@12,False,False,False,False,False,False
txn_003332,cust_000354,2026-05-12T08:15:00,netbanking,Axis,8901.63,12,0,8,9,invalid_details,False,delayed_retry@12,False,False,False,False,False,False
txn_003333,cust_000325,2026-03-15T07:31:00,card,Axis,337.04,54,1,7,17,expired_card,False,delayed_retry@12,False,False,False,False,False,True
txn_003334,cust_001495,2026-05-13T17:55:00,upi,HDFC,1260.63,51,1,17,26,insufficient_funds,False,immediate_retry,False,True,False,False,False,False
txn_003335,cust_001282,2026-03-15T23:39:00,card,Yes Bank,4098.79,91,1,23,3,technical_bank_side,False,delayed_retry@48,False,False,False,False,False,False
txn_003336,cust_001372,2026-06-17T10:39:00,upi,SBI,1258.44,14,0,10,6,invalid_details,False,immediate_retry,False,False,False,False,False,False
txn_003337,cust_000022,2026-07-17T01:44:00,card,SBI,1698.45,51,0,1,14,technical_bank_side,False,delayed_retry@48,True,True,True,True,True,False
txn_003338,cust_000285,2026-02-22T03:44:00,card,IDFC,1444.83,51,1,3,1,insufficient_funds,False,delayed_retry@12,False,False,False,False,False,False
txn_003339,cust_001144,2026-03-01T13:55:00,card,Kotak,483.03,51,1,13,25,insufficient_funds,False,delayed_retry@48,False,False,False,False,False,False
txn_003340,cust_000075,2026-03-26T00:05:00,card,HDFC,2852.99,14,1,0,29,invalid_details,False,immediate_retry,False,False,False,False,False,True
txn_003341,cust_001432,2026-05-25T14:43:00,upi,Yes Bank,989.75,82,0,14,16,technical_bank_side,False,prompt_new_payment_method,False,False,False,False,False,False
txn_003342,cust_000259,2026-07-15T11:46:00,upi,SBI,743.21,33,0,11,16,expired_card,False,do_nothing,False,False,False,False,False,True
txn_003343,cust_001466,2026-03-07T12:53:00,card,Kotak,960.71,05,0,12,11,invalid_details,False,do_nothing,False,False,False,False,False,False
txn_003344,cust_001331,2026-02-19T21:43:00,upi,ICICI,3879.51,14,0,21,27,invalid_details,False,immediate_retry,False,False,False,True,False,True
txn_003345,cust_001042,2026-06-17T00:56:00,card,ICICI,823.67,65,0,0,31,insufficient_funds,False,do_nothing,False,False,False,True,True,False
txn_003346,cust_000033,2026-06-24T15:23:00,card,Axis,1538.52,05,1,15,11,expired_card,False,immediate_retry,False,False,False,False,False,True
txn_003347,cust_000273,2026-01-17T22:52:00,upi,SBI,1301.04,05,0,22,6,insufficient_funds,False,delayed_retry@48,False,False,False,True,False,True
txn_003348,cust_000237,2026-05-06T14:51:00,card,Axis,892.63,54,0,14,20,expired_card,False,do_nothing,False,False,False,False,False,True
txn_003349,cust_000514,2026-01-19T14:19:00,upi,IDFC,1815.89,96,2,14,27,technical_bank_side,False,immediate_retry,False,False,False,False,True,False
txn_003350,cust_000257,2026-01-11T05:26:00,card,HDFC,721.95,61,0,5,31,insufficient_funds,False,do_nothing,False,False,False,True,True,False
txn_003351,cust_000512,2026-03-29T05:33:00,upi,ICICI,884.8,33,0,5,23,fraud_suspected,False,delayed_retry@12,False,False,False,False,False,False
txn_003352,cust_000080,2026-04-26T00:05:00,card,ICICI,665.04,33,0,0,28,expired_card,False,do_nothing,False,False,False,False,False,False
txn_003353,cust_000844,2026-05-11T17:34:00,upi,IDFC,462.87,51,3,17,15,technical_bank_side,False,prompt_new_payment_method,False,False,True,False,False,False
txn_003354,cust_001463,2026-03-13T11:10:00,card,SBI,1316.35,51,2,11,5,insufficient_funds,False,immediate_retry,False,False,False,False,False,False
txn_003355,cust_000077,2026-02-14T05:14:00,card,Kotak,1191.58,59,0,5,27,fraud_suspected,True,delayed_retry@48,False,False,False,False,False,False
txn_003356,cust_000349,2026-04-18T19:36:00,netbanking,HDFC,552.06,51,0,19,14,insufficient_funds,False,immediate_retry,True,False,True,False,False,False
txn_003357,cust_001197,2026-03-29T10:50:00,upi,Yes Bank,19388.91,82,0,10,8,invalid_details,False,delayed_retry@12,False,False,False,False,False,False
txn_003358,cust_000600,2026-04-09T04:40:00,upi,HDFC,1137.31,51,2,4,5,invalid_details,False,immediate_retry,True,False,True,False,True,False
txn_003359,cust_000074,2026-04-19T10:06:00,upi,Axis,946.61,61,2,10,29,insufficient_funds,False,delayed_retry@48,True,True,False,False,True,False
txn_003360,cust_001210,2026-06-22T20:58:00,card,Kotak,9037.35,91,1,20,22,technical_bank_side,False,immediate_retry,False,False,False,True,False,False
txn_003361,cust_000490,2026-06-23T04:51:00,upi,HDFC,248.51,96,0,4,7,technical_bank_side,False,do_nothing,False,False,True,True,True,False
txn_003362,cust_000075,2026-05-19T08:49:00,card,Axis,2946.77,51,0,8,1,technical_bank_side,False,immediate_retry,False,False,False,True,False,False
txn_003363,cust_000305,2026-01-02T00:28:00,card,SBI,190.68,63,0,0,2,fraud_suspected,True,delayed_retry@48,False,False,False,False,False,False
txn_003364,cust_000092,2026-01-31T15:44:00,netbanking,Axis,1394.86,51,0,15,12,technical_bank_side,False,immediate_retry,True,False,True,True,False,False
txn_003365,cust_001126,2026-06-20T16:58:00,upi,HDFC,606.72,65,1,16,4,insufficient_funds,False,prompt_new_payment_method,False,False,False,False,True,False
txn_003366,cust_000019,2026-01-06T20:57:00,card,Yes Bank,1153.52,05,2,20,4,invalid_details,False,prompt_new_payment_method,True,False,False,False,False,True
txn_003367,cust_001183,2026-06-25T11:28:00,wallet,Yes Bank,283.41,05,1,11,30,insufficient_funds,False,prompt_new_payment_method,False,False,False,False,False,False
txn_003368,cust_000227,2026-05-28T17:34:00,card,IDFC,13340.82,05,0,17,21,invalid_details,False,delayed_retry@12,False,False,False,False,False,False
txn_003369,cust_000225,2026-07-13T08:40:00,upi,Kotak,743.32,51,0,8,5,insufficient_funds,False,delayed_retry@12,True,False,True,True,True,True
txn_003370,cust_000017,2026-02-26T14:24:00,card,SBI,180.93,51,0,14,2,technical_bank_side,False,do_nothing,False,False,False,False,False,False
txn_003371,cust_000558,2026-01-16T16:41:00,upi,Kotak,1198.74,61,3,16,1,insufficient_funds,False,delayed_retry@48,False,False,False,False,False,False
txn_003372,cust_000706,2026-07-03T21:15:00,card,IDFC,1117.24,65,1,21,18,insufficient_funds,False,prompt_new_payment_method,False,False,False,True,False,False
txn_003373,cust_000613,2026-05-31T09:43:00,card,IDFC,4620.4,05,0,9,10,insufficient_funds,False,delayed_retry@12,False,False,False,False,True,False
txn_003374,cust_000148,2026-03-18T05:57:00,card,ICICI,2738.84,96,1,5,17,technical_bank_side,False,delayed_retry@48,False,False,False,False,False,False
txn_003375,cust_000584,2026-03-27T00:58:00,upi,Axis,198.44,05,0,0,3,technical_bank_side,False,prompt_new_payment_method,False,False,True,False,False,False
txn_003376,cust_000677,2026-03-19T04:17:00,netbanking,Yes Bank,840.36,96,0,4,3,technical_bank_side,False,delayed_retry@48,False,False,False,False,False,False
txn_003377,cust_001414,2026-01-17T11:08:00,card,SBI,2050.81,96,0,11,11,technical_bank_side,False,immediate_retry,True,False,True,False,False,False
txn_003378,cust_001202,2026-05-11T13:39:00,upi,HDFC,2667.45,05,0,13,17,invalid_details,False,delayed_retry@12,False,False,False,False,False,False
txn_003379,cust_000492,2026-05-05T03:13:00,card,ICICI,726.93,05,1,3,10,expired_card,False,do_nothing,False,False,False,False,False,False
txn_003380,cust_001424,2026-04-04T09:07:00,card,SBI,1952.15,05,0,9,24,insufficient_funds,False,delayed_retry@12,True,False,False,True,False,False
txn_003381,cust_001201,2026-04-01T04:02:00,card,HDFC,1373.67,51,0,4,16,insufficient_funds,False,prompt_new_payment_method,True,True,False,False,True,True
txn_003382,cust_000033,2026-06-04T09:32:00,card,SBI,713.59,12,0,9,13,invalid_details,False,delayed_retry@12,False,True,False,False,False,False
txn_003383,cust_000882,2026-06-10T12:05:00,upi,SBI,65.87,54,3,12,27,expired_card,False,immediate_retry,False,False,False,False,False,False
txn_003384,cust_001329,2026-01-12T04:17:00,card,Kotak,63.19,54,0,4,2,expired_card,False,do_nothing,False,False,False,False,False,False
txn_003385,cust_001032,2026-01-08T08:17:00,upi,HDFC,4047.43,33,0,8,27,expired_card,False,delayed_retry@48,False,False,False,False,False,False
txn_003386,cust_000802,2026-01-27T21:53:00,card,IDFC,1638.31,59,0,21,14,fraud_suspected,True,delayed_retry@48,False,False,False,False,False,False
txn_003387,cust_000098,2026-04-10T10:41:00,upi,SBI,5625.85,51,0,10,22,insufficient_funds,False,immediate_retry,True,False,True,True,False,True
txn_003388,cust_000595,2026-07-08T17:24:00,card,Yes Bank,775.31,51,1,17,27,technical_bank_side,False,prompt_new_payment_method,False,False,True,False,False,False
txn_003389,cust_000007,2026-04-02T18:43:00,card,Axis,1272.13,54,0,18,19,expired_card,False,prompt_new_payment_method,True,False,False,False,False,True
txn_003390,cust_000766,2026-06-02T12:29:00,upi,HDFC,1531.95,14,0,12,20,expired_card,False,do_nothing,False,False,False,False,False,False
txn_003391,cust_000821,2026-03-15T20:27:00,wallet,Yes Bank,54.05,65,0,20,27,insufficient_funds,False,do_nothing,False,False,False,False,False,True
txn_003392,cust_000365,2026-04-15T20:39:00,upi,ICICI,688.4,96,1,20,29,technical_bank_side,False,delayed_retry@12,True,False,True,True,True,True
txn_003393,cust_000904,2026-06-02T04:16:00,upi,Axis,2712.22,96,1,4,5,technical_bank_side,False,do_nothing,False,False,False,False,False,False
txn_003394,cust_000396,2026-02-22T01:48:00,card,IDFC,1218.28,82,2,1,16,invalid_details,False,do_nothing,False,False,False,False,False,True
txn_003395,cust_000222,2026-01-06T23:48:00,upi,ICICI,1560.3,34,0,23,14,fraud_suspected,True,prompt_new_payment_method,False,False,False,False,False,False
txn_003396,cust_001403,2026-03-25T22:14:00,upi,Kotak,2924.21,91,1,22,8,technical_bank_side,False,delayed_retry@48,False,False,False,False,False,False
txn_003397,cust_000886,2026-06-26T17:20:00,card,IDFC,607.9,05,1,17,6,insufficient_funds,False,delayed_retry@12,False,True,False,False,False,False
txn_003398,cust_000186,2026-06-30T17:49:00,netbanking,HDFC,661.54,96,0,17,18,technical_bank_side,False,prompt_new_payment_method,True,True,True,True,True,True
txn_003399,cust_001357,2026-05-23T09:42:00,wallet,ICICI,269.65,82,1,9,25,invalid_details,False,immediate_retry,False,False,False,False,False,True
txn_003400,cust_000978,2026-06-27T00:18:00,card,Axis,2275.15,51,0,0,10,insufficient_funds,False,delayed_retry@12,False,False,False,False,True,False
txn_003401,cust_000985,2026-01-27T00:02:00,card,HDFC,569.08,65,0,0,28,insufficient_funds,False,delayed_retry@12,True,True,False,True,True,False
txn_003402,cust_001228,2026-07-03T08:45:00,upi,HDFC,1252.67,05,1,8,1,insufficient_funds,False,prompt_new_payment_method,False,False,False,False,False,False
txn_003403,cust_000911,2026-01-16T16:49:00,wallet,Kotak,754.3,91,1,16,17,technical_bank_side,False,delayed_retry@12,False,True,True,False,False,False
txn_003404,cust_000242,2026-07-09T08:11:00,card,Kotak,114.82,54,1,8,4,expired_card,False,do_nothing,False,False,False,False,False,False
txn_003405,cust_000120,2026-05-04T06:44:00,card,SBI,5120.25,51,0,6,1,technical_bank_side,False,prompt_new_payment_method,False,False,True,True,True,False
txn_003406,cust_000185,2026-02-16T00:36:00,upi,SBI,1043.02,91,2,0,21,technical_bank_side,False,delayed_retry@12,True,True,True,True,True,False
txn_003407,cust_000312,2026-01-28T02:04:00,upi,Axis,58.48,96,1,2,21,technical_bank_side,False,immediate_retry,True,False,True,True,False,False
txn_003408,cust_000371,2026-02-13T14:40:00,netbanking,Kotak,723.69,61,0,14,27,insufficient_funds,False,delayed_retry@12,False,False,False,False,False,False
txn_003409,cust_001205,2026-06-25T07:09:00,upi,Kotak,2066.66,51,0,7,5,technical_bank_side,False,delayed_retry@12,True,False,True,True,True,False
txn_003410,cust_000896,2026-04-29T03:55:00,netbanking,IDFC,5988.16,51,0,3,6,technical_bank_side,False,delayed_retry@48,False,False,False,False,False,False
txn_003411,cust_001068,2026-04-02T12:23:00,card,HDFC,837.71,91,3,12,5,technical_bank_side,False,delayed_retry@48,True,False,False,False,True,False
txn_003412,cust_000997,2026-01-02T07:12:00,card,Axis,1057.16,96,2,7,24,invalid_details,False,do_nothing,False,False,True,True,True,True
txn_003413,cust_000182,2026-07-01T09:05:00,card,ICICI,7419.29,14,0,9,25,insufficient_funds,False,delayed_retry@48,False,False,False,False,False,False
txn_003414,cust_000956,2026-03-23T09:57:00,card,ICICI,282.13,91,1,9,8,technical_bank_side,False,delayed_retry@48,True,False,True,True,True,False
txn_003415,cust_001455,2026-02-13T16:48:00,card,HDFC,3279.72,51,0,16,14,insufficient_funds,False,delayed_retry@12,False,False,False,False,True,False
txn_003416,cust_000551,2026-05-15T19:14:00,card,Yes Bank,1700.9,54,2,19,30,expired_card,False,delayed_retry@48,False,False,False,False,False,False
txn_003417,cust_001449,2026-01-01T08:46:00,card,HDFC,596.9,12,1,8,18,invalid_details,False,delayed_retry@12,False,False,False,False,False,True
txn_003418,cust_000096,2026-06-05T12:25:00,card,SBI,613.39,05,0,12,5,invalid_details,False,immediate_retry,False,False,False,False,False,False
txn_003419,cust_000315,2026-01-25T23:29:00,card,SBI,1347.81,61,3,23,5,insufficient_funds,False,do_nothing,False,False,False,False,True,False
txn_003420,cust_000097,2026-05-09T02:03:00,card,HDFC,1455.98,51,2,2,19,technical_bank_side,False,delayed_retry@12,True,False,True,True,False,False
txn_003421,cust_001100,2026-07-10T00:31:00,netbanking,SBI,603.31,91,0,0,10,technical_bank_side,False,do_nothing,True,True,True,True,False,False
txn_003422,cust_000377,2026-02-12T17:51:00,card,SBI,481.19,61,1,17,28,insufficient_funds,False,do_nothing,False,False,False,False,False,True
txn_003423,cust_000122,2026-01-19T20:49:00,card,ICICI,1412.9,82,0,20,14,invalid_details,False,do_nothing,False,False,False,False,False,False
txn_003424,cust_000340,2026-05-30T17:28:00,netbanking,HDFC,1670.33,54,0,17,8,expired_card,False,delayed_retry@48,False,False,False,False,False,False
txn_003425,cust_000432,2026-05-01T05:30:00,card,Yes Bank,257.94,61,3,5,3,insufficient_funds,False,do_nothing,False,False,False,False,False,False
txn_003426,cust_000810,2026-02-12T07:12:00,upi,Yes Bank,4194.45,51,2,7,12,insufficient_funds,False,delayed_retry@12,False,False,False,False,False,False
txn_003427,cust_000788,2026-05-12T20:54:00,upi,ICICI,177.76,54,2,20,3,expired_card,False,do_nothing,False,False,False,False,False,True
txn_003428,cust_001097,2026-05-28T07:55:00,card,Kotak,602.46,91,0,7,3,technical_bank_side,False,prompt_new_payment_method,False,True,True,True,True,False
txn_003429,cust_000385,2026-05-05T02:53:00,card,Kotak,308.88,05,0,2,2,technical_bank_side,False,delayed_retry@48,False,False,False,False,False,False
txn_003430,cust_001352,2026-04-14T16:12:00,upi,Axis,615.93,51,1,16,13,insufficient_funds,False,prompt_new_payment_method,False,True,True,True,False,False
txn_003431,cust_000570,2026-04-18T05:35:00,upi,Axis,412.44,14,2,5,18,invalid_details,False,prompt_new_payment_method,False,False,False,False,False,False
txn_003432,cust_000922,2026-01-29T18:20:00,upi,IDFC,463.66,61,1,18,30,insufficient_funds,False,do_nothing,False,False,False,True,False,False
txn_003433,cust_000558,2026-04-06T12:54:00,card,Yes Bank,529.4,14,0,12,23,invalid_details,False,delayed_retry@12,False,False,False,False,False,False
txn_003434,cust_000119,2026-05-31T15:35:00,card,Kotak,422.19,63,0,15,22,fraud_suspected,True,delayed_retry@12,False,False,False,False,False,False
txn_003435,cust_001269,2026-04-14T21:42:00,upi,Axis,1242.93,05,0,21,5,technical_bank_side,False,delayed_retry@12,False,False,True,False,False,False
txn_003436,cust_000928,2026-01-19T05:15:00,card,SBI,633.4,65,0,5,14,insufficient_funds,False,immediate_retry,True,False,True,True,False,False
txn_003437,cust_000548,2026-07-02T20:18:00,wallet,SBI,1805.4,51,1,20,18,insufficient_funds,False,delayed_retry@48,False,False,False,False,False,False
txn_003438,cust_000400,2026-04-25T06:59:00,upi,Kotak,2420.61,05,1,6,24,technical_bank_side,False,prompt_new_payment_method,False,False,False,False,False,False
txn_003439,cust_000935,2026-05-07T18:25:00,upi,HDFC,2419.12,63,0,18,29,fraud_suspected,True,prompt_new_payment_method,False,False,False,False,False,False
txn_003440,cust_000401,2026-03-04T12:11:00,upi,HDFC,281.24,51,1,12,12,insufficient_funds,False,prompt_new_payment_method,False,False,False,False,False,False
txn_003441,cust_001475,2026-06-17T05:08:00,netbanking,SBI,715.46,91,0,5,27,technical_bank_side,False,delayed_retry@12,False,False,False,False,False,False
txn_003442,cust_000658,2026-02-19T23:24:00,upi,ICICI,4976.28,51,0,23,10,expired_card,False,do_nothing,False,False,False,False,True,False
txn_003443,cust_000124,2026-06-22T08:13:00,netbanking,Yes Bank,1106.21,05,0,8,30,insufficient_funds,False,delayed_retry@48,True,False,False,False,True,False
txn_003444,cust_001482,2026-04-20T03:49:00,netbanking,IDFC,741.6,05,2,3,11,fraud_suspected,True,prompt_new_payment_method,False,False,False,False,False,False
txn_003445,cust_001064,2026-01-14T18:32:00,card,SBI,741.17,65,2,18,7,insufficient_funds,False,prompt_new_payment_method,False,False,False,False,False,False
txn_003446,cust_000634,2026-06-23T10:48:00,card,Axis,731.71,61,0,10,18,insufficient_funds,False,delayed_retry@48,True,False,False,True,True,False
txn_003447,cust_001300,2026-07-14T13:52:00,card,Yes Bank,2095.76,63,0,13,2,fraud_suspected,True,do_nothing,False,False,False,False,False,False
txn_003448,cust_000715,2026-02-09T23:44:00,card,Yes Bank,1225.93,05,2,23,18,fraud_suspected,True,delayed_retry@48,False,False,False,False,False,False
txn_003449,cust_000035,2026-04-24T22:22:00,card,Kotak,2923.24,82,0,22,17,invalid_details,False,prompt_new_payment_method,False,False,False,False,False,False
txn_003450,cust_001339,2026-02-28T00:33:00,card,SBI,1980.46,91,3,0,6,technical_bank_side,False,prompt_new_payment_method,False,False,False,False,False,False
txn_003451,cust_000943,2026-04-04T03:16:00,card,Yes Bank,270.51,51,2,3,12,insufficient_funds,False,immediate_retry,False,False,False,True,True,True
txn_003452,cust_000623,2026-01-09T15:29:00,upi,SBI,643.25,14,0,15,26,invalid_details,False,delayed_retry@48,False,False,False,False,False,False
txn_003453,cust_001291,2026-02-13T05:08:00,wallet,Axis,1973.4,91,1,5,30,technical_bank_side,False,delayed_retry@48,False,False,True,True,False,False
txn_003454,cust_000326,2026-07-19T02:28:00,upi,ICICI,958.46,96,0,2,4,technical_bank_side,False,delayed_retry@12,True,False,True,True,True,False
txn_003455,cust_000239,2026-02-22T06:54:00,netbanking,Yes Bank,3302.75,05,2,6,5,technical_bank_side,False,delayed_retry@12,False,False,False,False,True,True
txn_003456,cust_001220,2026-06-09T21:11:00,wallet,Axis,1243.34,51,2,21,14,insufficient_funds,False,do_nothing,True,True,False,True,False,False
txn_003457,cust_000444,2026-07-01T06:15:00,wallet,HDFC,450.08,61,1,6,20,insufficient_funds,False,delayed_retry@48,False,False,False,False,False,False
txn_003458,cust_001465,2026-06-08T01:24:00,card,Yes Bank,490.41,82,0,1,23,invalid_details,False,immediate_retry,False,False,False,False,False,True
txn_003459,cust_001369,2026-02-23T12:33:00,card,Axis,7645.25,65,0,12,11,insufficient_funds,False,prompt_new_payment_method,False,False,False,False,False,False
txn_003460,cust_001044,2026-05-02T17:23:00,card,HDFC,1669.74,51,0,17,12,insufficient_funds,False,prompt_new_payment_method,False,False,False,False,False,False
txn_003461,cust_000161,2026-05-18T12:35:00,card,ICICI,3072.29,51,1,12,8,technical_bank_side,False,delayed_retry@12,False,False,True,False,False,False
txn_003462,cust_000679,2026-07-14T19:39:00,card,Axis,569.12,51,0,19,15,insufficient_funds,False,prompt_new_payment_method,False,False,True,False,False,False
txn_003463,cust_001402,2026-07-20T01:27:00,card,Axis,6394.64,05,2,1,30,insufficient_funds,False,delayed_retry@48,False,False,False,False,False,False
txn_003464,cust_000175,2026-07-13T23:25:00,upi,ICICI,608.55,51,0,23,1,insufficient_funds,False,delayed_retry@12,True,False,False,True,True,False
txn_003465,cust_000796,2026-03-13T12:43:00,netbanking,SBI,1501.41,61,1,12,16,insufficient_funds,False,delayed_retry@48,False,False,False,False,False,False
txn_003466,cust_001258,2026-05-21T16:24:00,card,Axis,2482.82,61,1,16,30,insufficient_funds,False,prompt_new_payment_method,True,False,False,False,False,True
txn_003467,cust_000624,2026-05-22T08:09:00,upi,Yes Bank,612.86,12,0,8,13,insufficient_funds,False,do_nothing,False,False,False,False,False,True
txn_003468,cust_000555,2026-01-22T03:54:00,card,Yes Bank,1518.22,51,0,3,10,insufficient_funds,False,delayed_retry@12,True,False,False,True,True,False
txn_003469,cust_000047,2026-02-25T05:31:00,wallet,IDFC,1005.08,54,0,5,16,expired_card,False,immediate_retry,False,True,False,False,False,True
txn_003470,cust_000799,2026-04-03T12:49:00,card,ICICI,2292.02,51,0,12,22,technical_bank_side,False,prompt_new_payment_method,False,False,False,False,False,False
txn_003471,cust_000695,2026-06-21T18:10:00,wallet,IDFC,1306.66,65,1,18,6,insufficient_funds,False,prompt_new_payment_method,False,False,False,False,True,False
txn_003472,cust_000783,2026-04-03T06:02:00,upi,HDFC,1679.92,59,1,6,3,fraud_suspected,True,immediate_retry,False,False,False,False,False,False
txn_003473,cust_000361,2026-06-02T03:54:00,card,Kotak,2219.12,14,1,3,23,invalid_details,False,do_nothing,True,True,False,False,False,False
txn_003474,cust_001342,2026-02-27T04:55:00,netbanking,ICICI,409.78,51,0,4,5,technical_bank_side,False,delayed_retry@48,False,False,False,False,False,False
txn_003475,cust_000974,2026-07-14T17:04:00,upi,SBI,1508.05,05,0,17,27,technical_bank_side,False,do_nothing,True,True,True,True,True,True
txn_003476,cust_001322,2026-06-16T12:11:00,card,IDFC,183.21,82,0,12,23,invalid_details,False,delayed_retry@12,False,False,False,False,False,False
txn_003477,cust_001268,2026-07-18T13:09:00,card,Axis,3093.11,05,0,13,19,invalid_details,False,delayed_retry@48,False,False,False,False,False,True
txn_003478,cust_000705,2026-02-20T08:06:00,upi,Kotak,3294.29,34,0,8,27,fraud_suspected,True,do_nothing,False,False,False,False,False,False
txn_003479,cust_000720,2026-01-08T12:08:00,upi,SBI,611.2,54,0,12,31,expired_card,False,prompt_new_payment_method,False,False,False,False,False,False
txn_003480,cust_000993,2026-01-14T07:08:00,card,Yes Bank,876.62,91,1,7,17,technical_bank_side,False,prompt_new_payment_method,False,False,True,True,True,False
txn_003481,cust_000094,2026-07-08T22:57:00,card,Axis,898.55,14,0,22,31,invalid_details,False,immediate_retry,False,False,False,False,False,True
txn_003482,cust_000434,2026-07-16T22:14:00,upi,Axis,300.91,91,3,22,29,technical_bank_side,False,delayed_retry@12,True,False,True,True,False,False
txn_003483,cust_000661,2026-06-18T19:22:00,upi,HDFC,2561.78,12,0,19,24,invalid_details,False,immediate_retry,False,False,False,False,False,False
txn_003484,cust_000161,2026-04-16T19:49:00,upi,Kotak,3013.8,51,0,19,13,insufficient_funds,False,delayed_retry@48,False,False,False,False,False,False
txn_003485,cust_000167,2026-02-18T14:04:00,card,SBI,2257.96,51,0,14,31,technical_bank_side,False,immediate_retry,True,False,True,False,False,False
txn_003486,cust_000174,2026-02-16T19:06:00,upi,Kotak,380.5,51,3,19,27,insufficient_funds,False,delayed_retry@48,False,True,False,False,False,False
txn_003487,cust_000768,2026-05-08T05:22:00,card,HDFC,2757.39,54,0,5,27,expired_card,False,delayed_retry@48,False,False,False,False,False,True
txn_003488,cust_001164,2026-01-23T12:31:00,netbanking,Kotak,7331.78,61,0,12,5,insufficient_funds,False,immediate_retry,False,False,False,False,True,False
txn_003489,cust_000189,2026-06-25T10:19:00,upi,Axis,668.31,63,0,10,16,fraud_suspected,True,delayed_retry@12,False,False,False,False,False,False
txn_003490,cust_001233,2026-02-19T04:31:00,netbanking,HDFC,1949.32,96,1,4,14,technical_bank_side,False,do_nothing,False,False,True,False,False,False
txn_003491,cust_001423,2026-06-25T00:31:00,card,ICICI,1891.68,91,1,0,7,technical_bank_side,False,delayed_retry@12,False,False,True,False,False,False
txn_003492,cust_001065,2026-03-14T03:54:00,card,IDFC,836.85,61,0,3,3,insufficient_funds,False,delayed_retry@48,False,False,False,False,False,False
txn_003493,cust_000524,2026-05-27T07:50:00,upi,IDFC,529.67,51,0,7,19,insufficient_funds,False,prompt_new_payment_method,True,False,False,True,True,True
txn_003494,cust_001452,2026-06-16T15:57:00,upi,SBI,287.88,14,0,15,26,expired_card,False,prompt_new_payment_method,True,False,False,False,False,True
txn_003495,cust_000037,2026-01-12T01:32:00,upi,Yes Bank,100.53,51,1,1,24,technical_bank_side,False,delayed_retry@48,False,False,False,False,False,False
txn_003496,cust_000640,2026-01-11T18:28:00,upi,SBI,1339.57,05,0,18,10,insufficient_funds,False,immediate_retry,False,True,False,True,True,False
txn_003497,cust_000698,2026-07-16T08:24:00,card,Axis,1937.83,14,0,8,25,invalid_details,False,prompt_new_payment_method,False,False,False,False,False,False
txn_003498,cust_000304,2026-05-14T06:52:00,card,IDFC,1863.85,54,0,6,21,expired_card,False,do_nothing,False,False,False,False,False,True
txn_003499,cust_000233,2026-01-25T01:24:00,upi,HDFC,443.22,59,1,1,19,fraud_suspected,True,do_nothing,False,False,False,False,False,False
txn_003500,cust_001430,2026-07-07T01:46:00,card,ICICI,1068.64,51,2,1,6,technical_bank_side,False,prompt_new_payment_method,False,False,False,False,False,False
txn_003501,cust_000014,2026-02-16T23:37:00,card,SBI,483.25,05,3,23,2,expired_card,False,delayed_retry@12,False,False,False,False,False,False
txn_003502,cust_000959,2026-03-04T08:15:00,netbanking,Axis,4145.82,54,1,8,18,expired_card,False,delayed_retry@12,False,False,False,False,False,False
txn_003503,cust_001014,2026-07-08T23:03:00,wallet,Axis,4574.59,05,0,23,5,technical_bank_side,False,prompt_new_payment_method,True,False,False,True,False,True
txn_003504,cust_001035,2026-05-29T14:43:00,card,ICICI,136.86,82,0,14,28,invalid_details,False,prompt_new_payment_method,True,False,False,False,False,True
txn_003505,cust_001259,2026-03-30T15:18:00,upi,Kotak,981.32,51,3,15,5,insufficient_funds,False,delayed_retry@12,False,False,False,False,True,False
txn_003506,cust_001464,2026-05-13T18:28:00,upi,Axis,540.82,51,1,18,13,insufficient_funds,False,delayed_retry@48,False,False,False,False,False,False
txn_003507,cust_000042,2026-07-10T23:20:00,card,Axis,780.05,61,0,23,14,insufficient_funds,False,do_nothing,False,False,False,True,False,False
txn_003508,cust_000805,2026-06-18T19:03:00,card,ICICI,3131.64,82,0,19,7,expired_card,False,do_nothing,False,False,False,False,False,False
txn_003509,cust_001447,2026-02-14T03:39:00,upi,IDFC,1309.95,65,3,3,18,insufficient_funds,False,prompt_new_payment_method,False,False,False,True,False,False
txn_003510,cust_000004,2026-03-07T18:51:00,card,ICICI,425.21,54,2,18,24,expired_card,False,delayed_retry@12,False,False,False,False,False,True
txn_003511,cust_000281,2026-07-11T23:58:00,card,HDFC,2208.81,59,0,23,9,fraud_suspected,True,delayed_retry@48,False,False,False,False,False,False
txn_003512,cust_000304,2026-01-25T05:18:00,upi,ICICI,11181.59,91,1,5,21,technical_bank_side,False,delayed_retry@12,False,False,False,False,False,False
txn_003513,cust_001378,2026-03-07T07:22:00,card,IDFC,579.79,51,2,7,27,insufficient_funds,False,do_nothing,False,False,False,False,False,False
txn_003514,cust_000977,2026-02-20T09:18:00,card,Yes Bank,281.28,96,0,9,21,technical_bank_side,False,immediate_retry,False,False,False,True,True,False
txn_003515,cust_001448,2026-02-08T02:34:00,upi,HDFC,2240.06,51,2,2,1,insufficient_funds,False,delayed_retry@48,False,False,False,False,False,False
txn_003516,cust_000034,2026-01-26T11:31:00,netbanking,IDFC,1606.23,51,0,11,20,insufficient_funds,False,immediate_retry,False,False,False,False,False,False
txn_003517,cust_000021,2026-04-29T10:31:00,upi,Yes Bank,1746.43,14,2,10,6,invalid_details,False,delayed_retry@48,False,False,False,False,False,False
txn_003518,cust_000838,2026-03-10T13:13:00,card,HDFC,2834.46,96,0,13,24,technical_bank_side,False,immediate_retry,True,False,True,True,True,False
txn_003519,cust_001008,2026-07-06T12:28:00,card,ICICI,1582.62,05,0,12,4,technical_bank_side,False,prompt_new_payment_method,False,False,True,False,False,False
txn_003520,cust_000990,2026-05-11T01:16:00,card,ICICI,613.81,91,0,1,14,technical_bank_side,False,delayed_retry@48,False,False,False,True,False,False
txn_003521,cust_000166,2026-02-28T18:45:00,card,Yes Bank,976.21,91,2,18,6,technical_bank_side,False,prompt_new_payment_method,False,False,False,False,False,False
txn_003522,cust_000832,2026-02-22T20:30:00,card,IDFC,2891.76,51,2,20,9,technical_bank_side,False,prompt_new_payment_method,True,True,True,False,True,True
txn_003523,cust_000426,2026-06-15T20:25:00,card,SBI,983.15,05,1,20,3,technical_bank_side,False,prompt_new_payment_method,True,True,True,True,True,True
txn_003524,cust_001309,2026-03-01T23:07:00,card,ICICI,1796.42,14,0,23,23,invalid_details,False,delayed_retry@48,False,True,False,False,False,False
txn_003525,cust_001208,2026-05-30T19:11:00,upi,Yes Bank,384.73,96,2,19,27,technical_bank_side,False,do_nothing,False,False,True,False,False,False
txn_003526,cust_000880,2026-02-12T20:20:00,netbanking,HDFC,1145.38,91,0,20,12,technical_bank_side,False,immediate_retry,False,False,False,True,True,False
txn_003527,cust_000248,2026-02-27T05:23:00,card,SBI,1626.05,54,3,5,17,insufficient_funds,False,prompt_new_payment_method,False,False,False,False,False,False
txn_003528,cust_000849,2026-01-12T10:24:00,card,SBI,330.18,14,0,10,29,invalid_details,False,immediate_retry,False,False,False,False,False,False
txn_003529,cust_000286,2026-01-17T21:00:00,card,IDFC,1278.65,14,0,21,24,invalid_details,False,immediate_retry,False,False,False,False,False,False
txn_003530,cust_001338,2026-03-28T00:49:00,upi,IDFC,1462.93,63,0,0,9,fraud_suspected,True,do_nothing,False,False,False,False,False,False
txn_003531,cust_000949,2026-02-05T19:57:00,upi,Axis,539.62,05,1,19,21,insufficient_funds,False,prompt_new_payment_method,False,False,False,False,False,False
txn_003532,cust_001300,2026-04-03T08:31:00,card,Axis,3508.45,63,0,8,7,fraud_suspected,True,prompt_new_payment_method,False,False,False,False,False,False
txn_003533,cust_000950,2026-02-26T21:10:00,card,HDFC,7229.85,96,3,21,31,technical_bank_side,False,prompt_new_payment_method,False,False,True,False,False,False
txn_003534,cust_000195,2026-01-28T22:13:00,upi,Yes Bank,900.69,05,0,22,2,technical_bank_side,False,immediate_retry,True,False,True,True,True,True
txn_003535,cust_000518,2026-01-23T01:56:00,card,Kotak,568.5,59,0,1,24,fraud_suspected,True,delayed_retry@48,False,False,False,False,False,False
txn_003536,cust_001157,2026-07-09T12:41:00,upi,Yes Bank,538.77,91,1,12,12,technical_bank_side,False,delayed_retry@48,False,False,False,False,False,False
txn_003537,cust_000631,2026-06-05T07:28:00,card,Kotak,980.44,51,0,7,18,invalid_details,False,prompt_new_payment_method,False,False,False,False,False,False
txn_003538,cust_000899,2026-04-06T04:01:00,upi,HDFC,1035.35,61,0,4,5,insufficient_funds,False,delayed_retry@48,True,True,False,True,True,False
txn_003539,cust_000557,2026-06-26T22:58:00,upi,Yes Bank,811.83,54,0,22,26,expired_card,False,do_nothing,False,False,False,False,False,False
txn_003540,cust_000391,2026-05-16T08:40:00,card,Kotak,8858.96,14,0,8,11,invalid_details,False,delayed_retry@48,False,False,False,True,False,True
txn_003541,cust_000004,2026-03-19T12:50:00,netbanking,SBI,846.06,91,0,12,30,technical_bank_side,False,do_nothing,False,False,True,True,True,False
txn_003542,cust_000459,2026-05-25T12:43:00,card,Kotak,5002.85,59,1,12,10,fraud_suspected,True,delayed_retry@12,False,False,False,False,False,False
txn_003543,cust_000418,2026-05-13T13:40:00,upi,SBI,730.24,61,1,13,15,insufficient_funds,False,do_nothing,False,False,False,False,False,False
txn_003544,cust_001023,2026-06-16T19:50:00,upi,SBI,4494.85,05,1,19,5,expired_card,False,immediate_retry,False,False,False,False,False,True
txn_003545,cust_001361,2026-05-26T03:37:00,upi,HDFC,2571.14,12,2,3,16,invalid_details,False,delayed_retry@12,False,False,False,False,False,False
txn_003546,cust_000886,2026-01-26T01:32:00,wallet,HDFC,1825.39,51,0,1,13,insufficient_funds,False,do_nothing,False,False,False,True,False,False
txn_003547,cust_000927,2026-03-15T09:40:00,upi,IDFC,4326.75,05,0,9,2,technical_bank_side,False,delayed_retry@12,False,False,False,False,True,False
txn_003548,cust_001346,2026-04-23T09:35:00,card,Axis,536.62,91,0,9,31,technical_bank_side,False,immediate_retry,True,False,True,True,True,False
txn_003549,cust_001193,2026-05-02T08:19:00,wallet,Kotak,713.14,05,2,8,9,expired_card,False,do_nothing,False,False,False,False,False,False
txn_003550,cust_000167,2026-01-23T04:30:00,upi,IDFC,912.3,51,0,4,25,insufficient_funds,False,do_nothing,False,False,False,True,True,False
txn_003551,cust_001395,2026-05-21T23:01:00,card,SBI,7482.23,05,0,23,14,technical_bank_side,False,prompt_new_payment_method,False,False,True,True,True,False
txn_003552,cust_000437,2026-05-14T14:34:00,upi,SBI,860.51,05,1,14,16,technical_bank_side,False,do_nothing,False,False,False,False,False,False
txn_003553,cust_001363,2026-02-13T09:28:00,card,HDFC,1608.84,54,1,9,4,expired_card,False,delayed_retry@12,False,False,False,False,False,True
txn_003554,cust_000036,2026-04-23T22:25:00,card,HDFC,2747.62,05,0,22,25,insufficient_funds,False,do_nothing,False,False,False,True,True,False
txn_003555,cust_000721,2026-01-03T15:45:00,card,Kotak,260.31,54,2,15,12,expired_card,False,immediate_retry,False,False,False,False,False,True
txn_003556,cust_001183,2026-06-09T02:43:00,card,Kotak,669.27,05,0,2,8,technical_bank_side,False,delayed_retry@48,True,False,True,True,True,False
txn_003557,cust_000962,2026-04-22T22:52:00,upi,HDFC,4989.23,54,3,22,30,expired_card,False,delayed_retry@12,False,False,False,False,False,True
txn_003558,cust_000979,2026-04-27T05:43:00,wallet,SBI,1792.02,05,1,5,8,expired_card,False,immediate_retry,False,False,False,False,False,False
txn_003559,cust_001408,2026-03-08T05:31:00,card,Kotak,406.21,14,0,5,2,invalid_details,False,delayed_retry@48,False,False,False,False,False,False
txn_003560,cust_000122,2026-04-27T11:19:00,wallet,Axis,3057.09,05,0,11,3,expired_card,False,delayed_retry@12,False,False,False,False,False,False
txn_003561,cust_000027,2026-01-27T06:23:00,upi,Yes Bank,1372.85,05,0,6,3,technical_bank_side,False,prompt_new_payment_method,True,False,True,True,True,True
txn_003562,cust_000962,2026-07-19T13:05:00,upi,SBI,1214.36,51,1,13,16,insufficient_funds,False,do_nothing,False,False,False,True,False,False
txn_003563,cust_000784,2026-03-24T09:26:00,card,Yes Bank,150.5,14,1,9,24,invalid_details,False,prompt_new_payment_method,False,False,False,False,False,False
txn_003564,cust_000525,2026-03-30T17:57:00,card,ICICI,594.23,51,1,17,3,technical_bank_side,False,delayed_retry@48,False,True,True,True,False,True
txn_003565,cust_001466,2026-04-10T02:54:00,card,SBI,278.86,05,0,2,3,technical_bank_side,False,delayed_retry@12,True,True,True,True,True,True
txn_003566,cust_000423,2026-05-29T04:08:00,card,ICICI,492.1,51,0,4,7,technical_bank_side,False,prompt_new_payment_method,False,False,True,False,False,False
txn_003567,cust_001023,2026-04-05T03:21:00,upi,HDFC,1904.68,65,0,3,30,insufficient_funds,False,immediate_retry,False,False,False,True,False,False
txn_003568,cust_000126,2026-07-02T19:22:00,upi,ICICI,1830.21,51,0,19,12,insufficient_funds,False,immediate_retry,False,False,False,True,False,False
txn_003569,cust_000458,2026-05-23T17:32:00,netbanking,ICICI,193.1,54,2,17,25,insufficient_funds,False,delayed_retry@48,False,False,False,False,False,False
txn_003570,cust_001005,2026-06-30T08:14:00,wallet,Yes Bank,993.69,05,0,8,5,insufficient_funds,False,do_nothing,True,True,True,True,True,True
txn_003571,cust_000267,2026-03-06T07:26:00,wallet,SBI,773.18,82,0,7,3,invalid_details,False,immediate_retry,False,False,False,False,False,False
txn_003572,cust_001402,2026-05-27T19:29:00,upi,HDFC,1768.67,14,2,19,4,invalid_details,False,delayed_retry@48,False,False,False,False,False,False
txn_003573,cust_000961,2026-04-15T21:45:00,upi,Kotak,807.75,51,3,21,16,technical_bank_side,False,delayed_retry@48,False,False,False,False,False,True
txn_003574,cust_000299,2026-01-02T20:30:00,wallet,Yes Bank,791.83,12,0,20,15,invalid_details,False,immediate_retry,False,False,False,False,False,False
txn_003575,cust_000676,2026-06-20T12:08:00,wallet,SBI,559.76,61,0,12,15,insufficient_funds,False,delayed_retry@48,False,True,False,False,False,False
txn_003576,cust_001399,2026-04-26T05:44:00,card,IDFC,2109.4,65,1,5,29,insufficient_funds,False,delayed_retry@48,False,False,False,False,False,False
txn_003577,cust_001375,2026-05-06T11:06:00,card,HDFC,120.88,51,0,11,20,insufficient_funds,False,do_nothing,False,False,True,True,True,False
txn_003578,cust_000337,2026-01-04T16:10:00,card,ICICI,425.13,51,0,16,7,insufficient_funds,False,delayed_retry@12,False,False,False,False,False,False
txn_003579,cust_000990,2026-03-10T10:33:00,card,SBI,311.54,61,0,10,7,insufficient_funds,False,delayed_retry@48,True,False,False,True,True,True
txn_003580,cust_000083,2026-05-12T05:10:00,netbanking,SBI,2040.91,51,0,5,20,insufficient_funds,False,delayed_retry@48,False,False,True,True,False,False
txn_003581,cust_000323,2026-05-19T07:15:00,upi,IDFC,2075.48,91,2,7,8,technical_bank_side,False,delayed_retry@12,True,False,True,True,True,False
txn_003582,cust_001349,2026-01-09T07:41:00,card,Axis,3101.97,12,1,7,22,invalid_details,False,prompt_new_payment_method,True,False,False,False,False,True
txn_003583,cust_000609,2026-02-09T04:30:00,card,Kotak,8933.0,63,2,4,5,fraud_suspected,True,delayed_retry@12,False,False,False,False,False,False
txn_003584,cust_001370,2026-03-07T16:25:00,card,IDFC,2292.86,05,1,16,23,insufficient_funds,False,delayed_retry@48,False,False,False,False,False,False
txn_003585,cust_001310,2026-03-16T23:55:00,card,Yes Bank,49299.86,51,0,23,6,insufficient_funds,False,delayed_retry@48,False,False,False,False,False,False
txn_003586,cust_000401,2026-02-19T12:37:00,upi,SBI,1287.22,63,0,12,9,fraud_suspected,True,prompt_new_payment_method,False,False,False,False,False,False
txn_003587,cust_000378,2026-03-03T15:23:00,upi,IDFC,404.3,96,0,15,14,technical_bank_side,False,immediate_retry,False,False,False,False,False,False
txn_003588,cust_001244,2026-01-03T03:05:00,upi,IDFC,1044.19,54,0,3,18,expired_card,False,immediate_retry,False,False,False,False,False,True
txn_003589,cust_000572,2026-06-24T02:54:00,card,SBI,4059.43,59,3,2,17,fraud_suspected,True,prompt_new_payment_method,False,False,False,False,False,False
txn_003590,cust_001249,2026-05-27T18:23:00,card,ICICI,1425.89,54,0,18,19,expired_card,False,delayed_retry@12,False,False,False,False,False,True
txn_003591,cust_000325,2026-03-19T15:01:00,netbanking,HDFC,210.76,51,0,15,10,insufficient_funds,False,delayed_retry@48,False,False,False,False,False,False
txn_003592,cust_001232,2026-06-27T13:47:00,card,SBI,1962.58,54,0,13,23,expired_card,False,immediate_retry,False,False,False,False,False,False
txn_003593,cust_000583,2026-01-24T04:19:00,upi,IDFC,3187.06,33,1,4,2,expired_card,False,do_nothing,False,False,False,False,False,False
txn_003594,cust_000572,2026-07-11T11:21:00,upi,Yes Bank,1294.61,05,1,11,22,expired_card,False,delayed_retry@48,False,False,False,False,False,True
txn_003595,cust_000599,2026-06-27T19:39:00,card,IDFC,744.81,96,0,19,8,technical_bank_side,False,delayed_retry@48,False,False,True,True,False,True
txn_003596,cust_000806,2026-03-12T22:17:00,netbanking,HDFC,15670.33,51,1,22,25,technical_bank_side,False,immediate_retry,False,False,False,False,False,False
txn_003597,cust_000959,2026-02-15T15:15:00,upi,Yes Bank,79.49,61,0,15,28,insufficient_funds,False,do_nothing,False,False,False,False,True,False
txn_003598,cust_000886,2026-06-27T12:55:00,netbanking,HDFC,249.48,59,0,12,4,fraud_suspected,True,immediate_retry,False,False,False,False,False,False
txn_003599,cust_001199,2026-03-04T09:44:00,card,ICICI,2647.48,91,1,9,7,technical_bank_side,False,delayed_retry@48,True,False,True,False,True,False
txn_003600,cust_001395,2026-03-07T09:32:00,card,ICICI,1250.2,91,2,9,11,technical_bank_side,False,delayed_retry@12,False,False,True,False,False,True
txn_003601,cust_000289,2026-02-22T00:47:00,upi,HDFC,1618.32,51,0,0,27,insufficient_funds,False,do_nothing,False,False,False,True,False,False
txn_003602,cust_000268,2026-02-22T20:34:00,upi,Axis,321.25,51,0,20,21,insufficient_funds,False,prompt_new_payment_method,False,False,False,True,False,False
txn_003603,cust_001399,2026-03-30T23:25:00,upi,ICICI,2635.02,65,3,23,19,insufficient_funds,False,delayed_retry@48,False,False,False,False,False,False
txn_003604,cust_000247,2026-07-12T04:07:00,card,IDFC,3566.88,51,1,4,19,insufficient_funds,False,do_nothing,False,False,False,True,False,False
txn_003605,cust_001188,2026-01-30T09:03:00,card,SBI,939.48,54,3,9,26,expired_card,False,delayed_retry@12,False,False,False,False,False,False
txn_003606,cust_000678,2026-02-18T18:13:00,upi,SBI,1447.78,61,0,18,14,insufficient_funds,False,immediate_retry,False,False,False,False,True,False
txn_003607,cust_000944,2026-02-02T06:34:00,upi,HDFC,387.22,54,0,6,17,expired_card,False,prompt_new_payment_method,True,False,False,False,False,True
txn_003608,cust_000467,2026-04-07T20:41:00,card,IDFC,1582.85,14,1,20,8,invalid_details,False,delayed_retry@48,False,False,False,False,False,False
txn_003609,cust_000557,2026-02-28T13:37:00,upi,Axis,1545.62,51,0,13,19,insufficient_funds,False,do_nothing,False,False,False,True,True,True
txn_003610,cust_001141,2026-05-20T07:58:00,card,IDFC,3153.23,61,1,7,15,insufficient_funds,False,prompt_new_payment_method,False,False,False,False,False,False
txn_003611,cust_000971,2026-02-28T13:08:00,upi,Kotak,682.9,51,1,13,5,insufficient_funds,False,prompt_new_payment_method,False,False,False,True,True,False
txn_003612,cust_001447,2026-01-27T02:22:00,card,IDFC,1855.99,96,1,2,17,technical_bank_side,False,immediate_retry,False,False,False,False,False,False
txn_003613,cust_001321,2026-06-24T12:37:00,upi,IDFC,619.23,05,0,12,22,technical_bank_side,False,immediate_retry,True,False,True,True,False,True
txn_003614,cust_001005,2026-05-05T05:11:00,upi,SBI,570.36,91,0,5,23,technical_bank_side,False,do_nothing,False,False,True,True,True,True
txn_003615,cust_000865,2026-04-07T13:35:00,upi,Axis,955.34,96,0,13,5,technical_bank_side,False,do_nothing,False,False,False,False,False,False
txn_003616,cust_001394,2026-05-15T12:22:00,card,Yes Bank,406.2,14,1,12,4,invalid_details,False,immediate_retry,False,False,False,False,False,False
txn_003617,cust_000899,2026-01-30T16:05:00,card,SBI,1577.46,51,0,16,6,insufficient_funds,False,do_nothing,False,False,False,False,True,False
txn_003618,cust_000768,2026-04-21T03:13:00,upi,IDFC,3145.56,34,0,3,2,fraud_suspected,True,do_nothing,False,False,False,False,False,False
txn_003619,cust_001025,2026-01-30T19:58:00,upi,SBI,1892.75,05,0,19,30,insufficient_funds,False,do_nothing,False,False,False,True,True,False
txn_003620,cust_000662,2026-04-23T23:02:00,card,Axis,259.75,82,0,23,15,invalid_details,False,delayed_retry@12,False,False,False,False,False,False
txn_003621,cust_001194,2026-04-13T23:59:00,upi,IDFC,557.01,51,2,23,31,insufficient_funds,False,immediate_retry,False,False,False,True,True,False
txn_003622,cust_001050,2026-01-01T10:56:00,card,Yes Bank,869.61,05,0,10,26,technical_bank_side,False,delayed_retry@12,True,True,True,True,True,False
txn_003623,cust_000905,2026-02-27T21:05:00,upi,Yes Bank,879.52,63,0,21,10,fraud_suspected,True,prompt_new_payment_method,False,False,False,False,False,False
txn_003624,cust_000855,2026-07-18T13:11:00,upi,ICICI,2082.7,61,0,13,15,insufficient_funds,False,delayed_retry@48,False,False,False,True,False,False
txn_003625,cust_000578,2026-05-17T07:07:00,upi,Axis,1114.32,61,1,7,30,insufficient_funds,False,immediate_retry,False,False,False,False,False,False
txn_003626,cust_001230,2026-02-04T20:16:00,card,IDFC,1572.51,91,0,20,6,technical_bank_side,False,prompt_new_payment_method,False,True,True,True,False,False
txn_003627,cust_001306,2026-01-05T19:49:00,netbanking,Kotak,1486.6,51,2,19,11,insufficient_funds,False,delayed_retry@48,False,False,False,True,False,False
txn_003628,cust_000099,2026-05-09T19:19:00,upi,HDFC,2494.85,05,0,19,24,insufficient_funds,False,do_nothing,False,False,False,False,False,False
txn_003629,cust_001218,2026-02-22T10:04:00,wallet,Yes Bank,2068.03,51,1,10,23,insufficient_funds,False,delayed_retry@12,False,False,False,False,False,False
txn_003630,cust_000053,2026-02-03T05:16:00,wallet,SBI,16804.94,51,2,5,15,insufficient_funds,False,immediate_retry,False,False,False,False,True,True
txn_003631,cust_001095,2026-04-17T08:26:00,card,Kotak,1041.36,91,0,8,11,technical_bank_side,False,do_nothing,False,False,True,False,False,True
txn_003632,cust_001062,2026-02-15T00:36:00,upi,SBI,3787.85,51,1,0,25,fraud_suspected,False,delayed_retry@12,True,False,False,True,False,False
txn_003633,cust_001450,2026-02-17T06:04:00,netbanking,SBI,8507.87,51,1,6,20,insufficient_funds,False,do_nothing,False,False,False,False,False,False
txn_003634,cust_000382,2026-05-12T02:18:00,card,Axis,765.23,51,0,2,28,insufficient_funds,False,immediate_retry,False,False,False,True,True,False
txn_003635,cust_000443,2026-06-06T16:03:00,card,Axis,1776.28,65,3,16,6,fraud_suspected,False,delayed_retry@12,False,False,False,False,False,False
txn_003636,cust_000333,2026-04-03T17:26:00,wallet,HDFC,1652.01,05,0,17,19,invalid_details,False,prompt_new_payment_method,False,False,False,False,False,False
txn_003637,cust_000977,2026-07-18T00:21:00,card,Yes Bank,6212.81,54,0,0,8,expired_card,False,delayed_retry@48,False,False,False,False,False,False
txn_003638,cust_000891,2026-04-04T13:05:00,netbanking,Axis,2628.51,05,1,13,30,technical_bank_side,False,immediate_retry,False,False,False,True,False,False
txn_003639,cust_001439,2026-04-16T22:11:00,card,Axis,1380.65,51,0,22,3,insufficient_funds,False,prompt_new_payment_method,False,False,False,True,False,False
txn_003640,cust_001085,2026-07-03T21:19:00,upi,IDFC,3405.36,65,0,21,5,insufficient_funds,False,delayed_retry@48,False,False,False,False,False,False
txn_003641,cust_000498,2026-02-17T05:10:00,upi,Axis,306.95,05,1,5,23,technical_bank_side,False,prompt_new_payment_method,False,False,False,False,False,False
txn_003642,cust_000166,2026-01-14T02:18:00,upi,Kotak,620.6,51,0,2,3,insufficient_funds,False,immediate_retry,True,False,True,True,True,True
txn_003643,cust_000581,2026-04-21T16:44:00,card,Axis,7691.93,51,0,16,11,insufficient_funds,False,do_nothing,False,False,False,False,False,False
txn_003644,cust_000598,2026-06-07T22:10:00,card,HDFC,1069.2,51,0,22,13,insufficient_funds,False,delayed_retry@48,False,False,True,True,False,False
txn_003645,cust_000100,2026-03-30T18:35:00,card,Axis,3549.88,51,1,18,30,technical_bank_side,False,do_nothing,False,False,False,False,False,False
txn_003646,cust_000960,2026-02-14T13:43:00,netbanking,ICICI,1866.18,51,1,13,24,insufficient_funds,False,prompt_new_payment_method,False,False,True,True,True,False
txn_003647,cust_000644,2026-03-09T07:52:00,card,SBI,2640.41,51,0,7,21,insufficient_funds,False,prompt_new_payment_method,False,False,True,True,True,False
txn_003648,cust_000728,2026-02-06T19:59:00,upi,Yes Bank,1682.93,05,0,19,17,insufficient_funds,False,prompt_new_payment_method,True,False,False,True,True,True
txn_003649,cust_000278,2026-06-30T16:28:00,card,HDFC,7586.33,51,1,16,1,insufficient_funds,False,delayed_retry@12,True,True,False,True,False,False
txn_003650,cust_000643,2026-06-17T17:45:00,card,Yes Bank,828.46,96,0,17,31,technical_bank_side,False,immediate_retry,True,False,True,True,True,True
txn_003651,cust_000334,2026-07-08T23:12:00,upi,Yes Bank,862.23,54,0,23,26,expired_card,False,prompt_new_payment_method,False,False,False,False,False,False
txn_003652,cust_000606,2026-02-15T22:01:00,card,HDFC,1738.77,91,0,22,2,technical_bank_side,False,prompt_new_payment_method,False,False,True,False,False,False
txn_003653,cust_000927,2026-07-08T06:43:00,card,Yes Bank,6636.06,51,2,6,11,insufficient_funds,False,delayed_retry@48,False,False,False,False,False,False
txn_003654,cust_000071,2026-07-04T06:39:00,netbanking,IDFC,1491.92,14,0,6,11,fraud_suspected,False,do_nothing,False,False,True,False,False,False
txn_003655,cust_000084,2026-06-03T08:38:00,upi,IDFC,771.38,91,1,8,14,technical_bank_side,False,delayed_retry@48,False,False,True,True,False,True
txn_003656,cust_000990,2026-06-02T06:50:00,upi,Kotak,2633.39,05,1,6,21,invalid_details,False,do_nothing,False,False,False,False,False,True
txn_003657,cust_001390,2026-02-11T07:38:00,upi,HDFC,819.54,51,1,7,7,insufficient_funds,False,prompt_new_payment_method,False,False,False,True,False,False
txn_003658,cust_000431,2026-01-19T20:12:00,upi,ICICI,14505.7,05,0,20,30,insufficient_funds,False,do_nothing,False,False,False,True,True,False
txn_003659,cust_001291,2026-04-19T21:08:00,card,IDFC,934.24,05,1,21,21,insufficient_funds,False,prompt_new_payment_method,False,False,False,False,True,False
txn_003660,cust_000764,2026-06-27T10:55:00,card,ICICI,4595.59,12,0,10,30,invalid_details,False,prompt_new_payment_method,False,False,False,False,False,False
txn_003661,cust_001205,2026-03-09T06:42:00,upi,SBI,448.55,51,0,6,29,expired_card,False,delayed_retry@12,False,False,False,False,False,False
txn_003662,cust_001388,2026-05-19T21:33:00,card,SBI,2363.09,05,2,21,17,technical_bank_side,False,prompt_new_payment_method,False,False,False,False,False,False
txn_003663,cust_000931,2026-02-04T10:45:00,netbanking,Kotak,494.27,51,0,10,31,insufficient_funds,False,immediate_retry,False,False,False,False,True,False
txn_003664,cust_001097,2026-04-10T15:39:00,upi,SBI,300.61,54,1,15,16,expired_card,False,prompt_new_payment_method,False,False,False,False,False,False
txn_003665,cust_001051,2026-03-18T06:50:00,netbanking,Kotak,306.12,51,2,6,7,insufficient_funds,False,do_nothing,False,False,False,False,False,False
txn_003666,cust_001055,2026-05-21T20:38:00,card,Axis,1621.13,14,0,20,20,invalid_details,False,delayed_retry@48,False,False,False,False,False,True
txn_003667,cust_000519,2026-02-10T11:42:00,card,ICICI,3013.28,05,0,11,22,technical_bank_side,False,prompt_new_payment_method,True,False,True,True,True,True
txn_003668,cust_000651,2026-04-20T20:43:00,netbanking,SBI,521.57,51,0,20,29,insufficient_funds,False,delayed_retry@12,False,False,False,False,True,False
txn_003669,cust_000215,2026-05-03T03:33:00,upi,SBI,840.54,05,2,3,6,insufficient_funds,False,delayed_retry@12,False,False,False,False,False,False
txn_003670,cust_000256,2026-01-10T23:26:00,card,Yes Bank,251.84,05,0,23,15,insufficient_funds,False,delayed_retry@48,False,False,False,True,False,False
txn_003671,cust_000323,2026-03-18T08:32:00,card,Yes Bank,5782.35,54,0,8,14,expired_card,False,immediate_retry,False,False,False,False,False,False
txn_003672,cust_000405,2026-04-23T00:24:00,card,Yes Bank,3685.74,51,1,0,29,insufficient_funds,False,delayed_retry@12,False,False,False,False,True,False
txn_003673,cust_000422,2026-01-03T10:25:00,upi,IDFC,3745.72,12,1,10,26,fraud_suspected,False,do_nothing,False,False,False,False,False,False
txn_003674,cust_000740,2026-06-05T15:05:00,upi,HDFC,1694.0,05,0,15,5,invalid_details,False,do_nothing,False,False,False,False,False,False
txn_003675,cust_000511,2026-01-15T17:48:00,card,HDFC,327.16,61,0,17,24,insufficient_funds,False,delayed_retry@48,False,False,False,False,False,True
txn_003676,cust_000940,2026-05-21T01:39:00,card,Axis,4678.74,05,3,1,17,expired_card,False,delayed_retry@12,False,False,False,False,False,False
txn_003677,cust_000354,2026-04-23T09:54:00,card,SBI,128.09,51,1,9,1,invalid_details,False,prompt_new_payment_method,False,False,False,False,True,False
txn_003678,cust_000627,2026-05-29T18:55:00,upi,HDFC,2918.2,96,3,18,19,technical_bank_side,False,delayed_retry@48,True,False,False,False,True,False
txn_003679,cust_000404,2026-05-02T10:20:00,netbanking,HDFC,654.04,05,2,10,9,invalid_details,False,delayed_retry@48,False,True,False,False,False,True
txn_003680,cust_000505,2026-03-27T19:19:00,wallet,ICICI,643.94,91,1,19,28,technical_bank_side,False,prompt_new_payment_method,False,False,False,False,False,False
txn_003681,cust_001427,2026-05-11T14:15:00,upi,Axis,864.82,05,0,14,26,technical_bank_side,False,immediate_retry,True,False,True,True,True,False
txn_003682,cust_001011,2026-06-10T14:45:00,upi,ICICI,1125.66,51,0,14,20,insufficient_funds,False,prompt_new_payment_method,False,True,False,True,True,False
txn_003683,cust_001236,2026-07-13T23:07:00,card,ICICI,15170.07,96,1,23,9,technical_bank_side,False,immediate_retry,True,False,True,False,False,False
txn_003684,cust_000148,2026-03-06T20:26:00,wallet,Kotak,333.88,14,0,20,18,invalid_details,False,prompt_new_payment_method,False,False,False,False,False,False
txn_003685,cust_000479,2026-06-17T23:12:00,card,IDFC,1759.19,91,1,23,6,technical_bank_side,False,delayed_retry@48,True,False,True,False,True,False
txn_003686,cust_000618,2026-02-11T00:44:00,card,HDFC,1959.96,51,0,0,20,insufficient_funds,False,delayed_retry@12,True,False,False,True,False,False
txn_003687,cust_001437,2026-05-29T17:30:00,upi,HDFC,4755.03,14,0,17,5,invalid_details,False,prompt_new_payment_method,False,False,False,False,False,False
txn_003688,cust_001355,2026-07-14T09:47:00,card,Axis,1698.94,05,1,9,12,invalid_details,False,prompt_new_payment_method,True,False,False,False,False,True
txn_003689,cust_000685,2026-07-03T21:28:00,upi,Axis,1754.26,51,1,21,23,insufficient_funds,False,prompt_new_payment_method,True,False,True,True,True,True
txn_003690,cust_000421,2026-05-18T08:11:00,wallet,SBI,1710.08,54,1,8,1,expired_card,False,delayed_retry@48,False,False,False,False,False,True
txn_003691,cust_000427,2026-02-19T20:14:00,card,Axis,523.34,63,1,20,18,fraud_suspected,True,delayed_retry@12,False,False,False,False,False,False
txn_003692,cust_001175,2026-01-07T17:37:00,upi,HDFC,2494.31,14,1,17,23,invalid_details,False,delayed_retry@12,False,False,False,False,False,False
txn_003693,cust_000741,2026-03-18T16:38:00,card,Kotak,1707.65,33,2,16,16,expired_card,False,delayed_retry@12,False,True,False,False,False,True
txn_003694,cust_000454,2026-04-28T00:56:00,upi,ICICI,443.24,05,0,0,7,insufficient_funds,False,do_nothing,False,False,True,True,True,False
txn_003695,cust_000696,2026-04-02T10:18:00,card,ICICI,1336.4,51,1,10,25,insufficient_funds,False,delayed_retry@48,False,False,False,True,False,False
txn_003696,cust_000983,2026-06-02T23:12:00,card,Kotak,1612.15,61,1,23,18,expired_card,False,delayed_retry@48,False,False,False,False,False,False
txn_003697,cust_001491,2026-01-29T15:06:00,wallet,Yes Bank,378.89,51,0,15,14,insufficient_funds,False,prompt_new_payment_method,False,True,False,False,False,False
txn_003698,cust_000756,2026-04-16T11:43:00,card,Axis,850.08,54,0,11,25,expired_card,False,immediate_retry,False,False,False,False,False,False
txn_003699,cust_000520,2026-03-20T03:22:00,card,Kotak,242.5,34,2,3,8,fraud_suspected,True,delayed_retry@12,False,False,False,False,False,False
txn_003700,cust_001429,2026-03-26T05:14:00,wallet,Axis,1136.51,51,1,5,15,insufficient_funds,False,delayed_retry@12,False,False,False,False,False,False
txn_003701,cust_001131,2026-01-04T19:58:00,wallet,Yes Bank,307.86,14,2,19,20,invalid_details,False,delayed_retry@48,False,False,False,False,False,True
txn_003702,cust_000135,2026-06-04T08:27:00,card,Axis,2740.75,54,0,8,7,expired_card,False,prompt_new_payment_method,True,False,False,False,False,True
txn_003703,cust_000890,2026-04-30T03:01:00,netbanking,Yes Bank,4059.18,14,3,3,4,invalid_details,False,do_nothing,False,False,False,False,False,True
txn_003704,cust_001187,2026-06-30T18:13:00,card,Kotak,2720.92,51,1,18,14,insufficient_funds,False,delayed_retry@12,True,False,False,True,True,False
txn_003705,cust_000315,2026-05-27T09:58:00,upi,IDFC,1188.31,54,0,9,20,expired_card,False,immediate_retry,False,False,False,False,False,False
txn_003706,cust_000003,2026-05-28T21:13:00,netbanking,Yes Bank,6129.59,91,3,21,11,technical_bank_side,False,prompt_new_payment_method,False,False,False,False,False,False
txn_003707,cust_000569,2026-04-13T23:25:00,upi,ICICI,6522.44,14,1,23,7,invalid_details,False,immediate_retry,False,False,False,False,False,False
txn_003708,cust_000343,2026-02-24T11:11:00,card,IDFC,383.27,82,1,11,15,invalid_details,False,delayed_retry@12,False,False,False,False,False,False
txn_003709,cust_000755,2026-01-19T05:58:00,upi,HDFC,7874.2,14,0,5,31,invalid_details,False,prompt_new_payment_method,False,False,False,False,False,False
txn_003710,cust_001193,2026-05-15T12:44:00,netbanking,IDFC,644.67,05,1,12,11,expired_card,False,delayed_retry@12,False,False,False,False,False,False
txn_003711,cust_000679,2026-03-01T06:53:00,card,Yes Bank,487.14,61,0,6,10,insufficient_funds,False,delayed_retry@12,False,False,False,False,False,False
txn_003712,cust_000193,2026-05-10T00:58:00,upi,SBI,1461.26,51,1,0,1,technical_bank_side,False,immediate_retry,False,False,False,False,False,False
txn_003713,cust_000285,2026-06-04T00:48:00,card,Kotak,3960.77,51,2,0,29,insufficient_funds,False,prompt_new_payment_method,False,False,False,False,False,False
txn_003714,cust_000110,2026-04-21T02:58:00,upi,Kotak,2493.89,96,0,2,13,technical_bank_side,False,delayed_retry@12,False,False,True,False,True,False
txn_003715,cust_000202,2026-06-11T18:31:00,card,HDFC,713.77,05,0,18,7,technical_bank_side,False,delayed_retry@48,False,False,True,True,False,False
txn_003716,cust_000779,2026-03-22T11:54:00,card,SBI,1547.34,51,1,11,23,insufficient_funds,False,do_nothing,False,False,False,True,True,True
txn_003717,cust_001026,2026-03-29T12:15:00,netbanking,SBI,411.11,05,0,12,4,technical_bank_side,False,prompt_new_payment_method,False,False,True,False,True,False
txn_003718,cust_000318,2026-07-01T16:44:00,card,ICICI,418.5,63,1,16,23,fraud_suspected,True,immediate_retry,False,False,False,False,False,False
txn_003719,cust_000756,2026-06-12T15:00:00,wallet,Yes Bank,19977.05,51,0,15,25,insufficient_funds,False,delayed_retry@12,False,False,False,False,False,False
txn_003720,cust_000406,2026-07-09T20:18:00,upi,IDFC,831.29,54,2,20,21,expired_card,False,delayed_retry@48,False,False,False,False,False,True
txn_003721,cust_000157,2026-07-05T05:19:00,card,HDFC,679.66,96,0,5,6,technical_bank_side,False,delayed_retry@12,True,False,True,True,False,False
txn_003722,cust_000185,2026-05-29T21:03:00,netbanking,HDFC,1454.97,61,1,21,3,insufficient_funds,False,prompt_new_payment_method,True,False,False,False,True,True
txn_003723,cust_000034,2026-02-13T15:03:00,wallet,Yes Bank,2616.2,51,1,15,2,technical_bank_side,False,delayed_retry@48,True,False,True,False,True,True
txn_003724,cust_000116,2026-02-09T20:31:00,upi,IDFC,2851.57,91,0,20,20,technical_bank_side,False,prompt_new_payment_method,False,False,True,False,False,False
txn_003725,cust_000633,2026-04-20T11:49:00,upi,Kotak,577.31,91,1,11,6,technical_bank_side,False,prompt_new_payment_method,False,False,False,False,False,False
txn_003726,cust_000096,2026-05-15T04:31:00,netbanking,Axis,1472.23,51,1,4,16,insufficient_funds,False,immediate_retry,False,False,False,False,False,False
txn_003727,cust_001297,2026-07-01T00:37:00,upi,HDFC,255.85,12,1,0,2,fraud_suspected,False,delayed_retry@12,False,False,False,False,False,False
txn_003728,cust_000377,2026-04-11T10:55:00,upi,ICICI,1426.13,14,0,10,1,technical_bank_side,False,immediate_retry,False,False,False,False,False,False
txn_003729,cust_000980,2026-02-16T07:27:00,netbanking,HDFC,2390.6,54,1,7,25,expired_card,False,immediate_retry,False,False,False,False,False,False
txn_003730,cust_000667,2026-01-13T12:40:00,card,Kotak,2641.76,51,0,12,21,insufficient_funds,False,do_nothing,False,False,False,False,False,False
txn_003731,cust_000764,2026-06-29T03:48:00,upi,Axis,684.44,96,0,3,24,technical_bank_side,False,do_nothing,True,True,True,False,True,False
txn_003732,cust_000279,2026-02-10T14:06:00,wallet,HDFC,884.3,82,0,14,18,invalid_details,False,delayed_retry@48,False,False,False,False,False,False
txn_003733,cust_001028,2026-01-30T00:33:00,card,Axis,352.07,14,1,0,25,invalid_details,False,delayed_retry@48,False,False,False,False,False,False
txn_003734,cust_001088,2026-03-04T15:48:00,card,Yes Bank,573.96,91,1,15,30,technical_bank_side,False,immediate_retry,True,True,True,False,False,True
txn_003735,cust_000979,2026-03-29T19:33:00,card,HDFC,189.53,51,0,19,11,insufficient_funds,False,immediate_retry,False,False,False,True,True,False
txn_003736,cust_001226,2026-03-28T08:26:00,card,Axis,583.58,91,1,8,21,technical_bank_side,False,do_nothing,False,False,False,False,False,False
txn_003737,cust_000663,2026-07-14T07:06:00,card,HDFC,244.67,05,0,7,13,insufficient_funds,False,delayed_retry@12,False,False,False,False,True,False
txn_003738,cust_000551,2026-03-19T05:18:00,card,ICICI,6002.21,59,1,5,18,fraud_suspected,True,delayed_retry@48,False,False,False,False,False,False
txn_003739,cust_001039,2026-05-27T22:19:00,upi,Axis,4640.38,14,0,22,23,invalid_details,False,immediate_retry,False,False,False,True,False,False
txn_003740,cust_000154,2026-05-29T16:37:00,upi,Kotak,1893.57,33,0,16,18,expired_card,False,prompt_new_payment_method,True,False,False,False,False,True
txn_003741,cust_000914,2026-04-06T09:28:00,upi,Axis,123.71,51,0,9,23,insufficient_funds,False,delayed_retry@48,False,False,False,True,False,False
txn_003742,cust_000683,2026-02-06T06:45:00,upi,IDFC,3761.62,65,1,6,5,insufficient_funds,False,prompt_new_payment_method,False,False,False,True,True,False
txn_003743,cust_000003,2026-05-07T19:42:00,card,ICICI,2075.61,51,2,19,20,insufficient_funds,False,delayed_retry@48,False,False,False,False,False,False
txn_003744,cust_001250,2026-04-08T05:46:00,wallet,Kotak,959.34,54,0,5,30,expired_card,False,do_nothing,False,False,False,False,False,False
txn_003745,cust_001018,2026-03-05T08:29:00,netbanking,HDFC,3058.51,14,3,8,25,invalid_details,False,immediate_retry,False,False,False,False,False,True
txn_003746,cust_001019,2026-04-16T11:26:00,card,Yes Bank,1652.85,34,1,11,5,fraud_suspected,True,immediate_retry,False,False,False,False,False,False
txn_003747,cust_000834,2026-02-08T01:04:00,netbanking,SBI,1876.15,61,2,1,28,insufficient_funds,False,delayed_retry@12,True,True,True,True,True,True
txn_003748,cust_000927,2026-01-09T20:21:00,card,SBI,1337.14,51,1,20,9,technical_bank_side,False,delayed_retry@48,True,False,True,True,True,False
txn_003749,cust_000911,2026-03-03T06:52:00,wallet,HDFC,718.36,05,2,6,4,invalid_details,False,delayed_retry@12,False,False,False,False,False,False
txn_003750,cust_000298,2026-05-24T14:44:00,card,Axis,917.13,61,0,14,18,insufficient_funds,False,prompt_new_payment_method,False,False,False,False,False,False
txn_003751,cust_000978,2026-06-18T05:08:00,upi,IDFC,2684.4,59,1,5,27,fraud_suspected,True,delayed_retry@12,False,False,False,False,False,False
txn_003752,cust_001361,2026-06-29T13:06:00,upi,HDFC,131.13,05,2,13,18,technical_bank_side,False,do_nothing,False,False,False,False,False,False
txn_003753,cust_001107,2026-01-04T19:20:00,card,SBI,2740.73,63,2,19,13,fraud_suspected,True,prompt_new_payment_method,False,False,False,False,False,False
txn_003754,cust_001353,2026-06-30T16:23:00,card,SBI,4146.21,05,1,16,15,expired_card,False,prompt_new_payment_method,False,False,False,False,False,False
txn_003755,cust_001155,2026-07-19T01:00:00,upi,IDFC,141.41,91,2,1,6,technical_bank_side,False,delayed_retry@48,False,False,True,False,False,False
txn_003756,cust_000277,2026-02-18T11:35:00,card,Kotak,764.85,51,0,11,18,insufficient_funds,False,do_nothing,False,False,False,True,True,False
txn_003757,cust_000469,2026-02-09T23:16:00,upi,HDFC,732.68,51,0,23,27,insufficient_funds,False,delayed_retry@12,True,False,False,True,True,True
txn_003758,cust_000994,2026-06-27T00:06:00,wallet,IDFC,1680.1,51,2,0,9,insufficient_funds,False,do_nothing,False,False,False,False,False,False
txn_003759,cust_001260,2026-02-16T19:03:00,upi,IDFC,4284.82,91,0,19,5,technical_bank_side,False,immediate_retry,True,True,True,False,False,False
txn_003760,cust_000333,2026-02-09T06:55:00,upi,Kotak,1928.82,54,1,6,9,expired_card,False,immediate_retry,False,False,False,False,False,False
txn_003761,cust_000431,2026-06-14T16:42:00,netbanking,Yes Bank,1621.32,05,1,16,19,insufficient_funds,False,delayed_retry@12,True,False,False,True,False,False
txn_003762,cust_000868,2026-01-22T19:44:00,card,Yes Bank,2494.58,63,2,19,17,fraud_suspected,True,immediate_retry,False,False,False,False,False,False
txn_003763,cust_000719,2026-05-18T20:12:00,card,Kotak,652.84,05,1,20,1,insufficient_funds,False,immediate_retry,False,False,False,True,False,False
txn_003764,cust_000031,2026-02-07T10:06:00,card,Kotak,1180.44,59,0,10,17,fraud_suspected,True,immediate_retry,False,False,False,True,False,False
txn_003765,cust_000504,2026-05-12T20:32:00,card,HDFC,60.52,51,2,20,1,insufficient_funds,False,do_nothing,True,True,True,False,True,False
txn_003766,cust_000485,2026-05-27T23:29:00,card,ICICI,1426.52,54,0,23,11,expired_card,False,delayed_retry@48,False,True,False,False,False,False
txn_003767,cust_000523,2026-03-02T20:55:00,card,HDFC,583.04,51,2,20,29,insufficient_funds,False,do_nothing,False,False,False,False,False,False
txn_003768,cust_000948,2026-03-09T10:39:00,upi,ICICI,1200.72,61,1,10,25,technical_bank_side,False,delayed_retry@12,False,False,False,False,False,False
txn_003769,cust_000057,2026-01-18T10:59:00,netbanking,Axis,685.12,61,2,10,22,insufficient_funds,False,immediate_retry,False,False,False,False,False,False
txn_003770,cust_001275,2026-04-25T00:52:00,netbanking,SBI,6693.54,54,1,0,26,expired_card,False,delayed_retry@48,False,False,False,False,False,True
txn_003771,cust_001233,2026-05-23T19:12:00,card,Kotak,1096.9,51,1,19,28,invalid_details,False,do_nothing,False,False,False,True,False,False
txn_003772,cust_000207,2026-03-08T11:40:00,card,SBI,1158.19,51,2,11,18,insufficient_funds,False,immediate_retry,False,True,False,True,False,True
txn_003773,cust_001310,2026-06-12T05:50:00,netbanking,Kotak,972.43,96,0,5,24,technical_bank_side,False,do_nothing,True,True,True,True,True,False
txn_003774,cust_001189,2026-03-15T18:56:00,card,Axis,1848.19,14,0,18,28,invalid_details,False,prompt_new_payment_method,False,False,False,False,False,False
txn_003775,cust_001147,2026-01-18T04:52:00,upi,ICICI,1219.78,33,0,4,20,expired_card,False,delayed_retry@48,False,False,False,False,False,True
txn_003776,cust_000542,2026-06-08T09:11:00,card,Kotak,1399.97,61,0,9,7,insufficient_funds,False,delayed_retry@12,True,False,False,True,True,True
txn_003777,cust_000652,2026-04-06T11:42:00,upi,IDFC,1442.36,12,0,11,31,invalid_details,False,delayed_retry@48,False,False,True,False,False,False
txn_003778,cust_000735,2026-07-18T20:04:00,card,Axis,2725.2,51,0,20,20,insufficient_funds,False,delayed_retry@12,False,False,False,False,False,False
txn_003779,cust_000731,2026-03-29T20:47:00,wallet,IDFC,781.35,05,0,20,12,technical_bank_side,False,prompt_new_payment_method,False,False,True,False,False,False
txn_003780,cust_001009,2026-05-17T02:53:00,upi,HDFC,5838.16,63,1,2,10,fraud_suspected,True,immediate_retry,False,False,False,False,False,False
txn_003781,cust_001031,2026-06-23T14:18:00,card,Yes Bank,3671.58,14,2,14,4,invalid_details,False,immediate_retry,False,False,False,False,False,False
txn_003782,cust_001077,2026-07-20T07:12:00,upi,Kotak,767.21,51,2,7,22,insufficient_funds,False,immediate_retry,False,False,False,True,False,False
txn_003783,cust_000747,2026-03-04T06:24:00,netbanking,SBI,814.68,05,1,6,18,invalid_details,False,delayed_retry@12,False,False,False,False,False,False
txn_003784,cust_000938,2026-02-14T02:58:00,card,HDFC,525.13,12,0,2,10,invalid_details,False,delayed_retry@48,False,False,False,False,False,True
txn_003785,cust_000322,2026-06-21T10:09:00,upi,Axis,3968.79,61,3,10,31,insufficient_funds,False,immediate_retry,False,False,False,True,False,True
txn_003786,cust_000314,2026-06-26T16:25:00,card,Axis,589.1,05,1,16,5,technical_bank_side,False,do_nothing,False,False,True,False,False,False
txn_003787,cust_000496,2026-07-16T16:00:00,wallet,Kotak,649.66,61,1,16,26,insufficient_funds,False,immediate_retry,False,False,False,True,True,False
txn_003788,cust_000857,2026-03-05T10:47:00,card,SBI,914.71,61,0,10,3,insufficient_funds,False,prompt_new_payment_method,False,False,False,True,True,False
txn_003789,cust_000039,2026-05-23T16:35:00,upi,IDFC,239.9,54,0,16,14,expired_card,False,prompt_new_payment_method,False,False,False,False,False,False
txn_003790,cust_000974,2026-01-26T12:13:00,card,SBI,1985.07,51,1,12,7,insufficient_funds,False,delayed_retry@12,False,False,False,False,False,False
txn_003791,cust_000647,2026-05-16T16:11:00,card,Axis,3105.45,63,1,16,12,fraud_suspected,True,delayed_retry@48,False,False,False,False,False,False
txn_003792,cust_000209,2026-07-20T21:57:00,upi,Yes Bank,2743.31,51,0,21,21,invalid_details,False,do_nothing,False,False,False,False,False,False
txn_003793,cust_000740,2026-04-16T22:43:00,upi,IDFC,761.39,51,0,22,30,insufficient_funds,False,delayed_retry@48,False,False,True,True,False,False
txn_003794,cust_000023,2026-03-24T03:49:00,upi,HDFC,712.84,59,2,3,13,fraud_suspected,True,prompt_new_payment_method,False,False,False,False,False,False
txn_003795,cust_000404,2026-05-07T02:30:00,card,IDFC,1226.78,51,0,2,18,insufficient_funds,False,immediate_retry,False,False,False,False,False,False
txn_003796,cust_000838,2026-04-13T17:05:00,card,Axis,193.56,91,0,17,26,technical_bank_side,False,delayed_retry@48,False,True,True,True,False,False
txn_003797,cust_000247,2026-04-04T09:13:00,card,HDFC,1720.77,51,0,9,9,insufficient_funds,False,prompt_new_payment_method,False,False,False,False,False,False
txn_003798,cust_000327,2026-07-01T20:49:00,card,SBI,3364.58,51,0,20,31,insufficient_funds,False,prompt_new_payment_method,False,False,False,True,False,False
txn_003799,cust_000141,2026-06-11T17:15:00,wallet,HDFC,9135.66,51,0,17,24,insufficient_funds,False,delayed_retry@48,False,False,False,False,False,False
txn_003800,cust_000221,2026-05-14T23:28:00,card,Kotak,609.46,91,2,23,7,technical_bank_side,False,delayed_retry@48,True,False,True,True,True,False
txn_003801,cust_000666,2026-05-28T21:59:00,upi,SBI,1160.84,61,3,21,30,insufficient_funds,False,delayed_retry@48,False,False,False,False,False,False
txn_003802,cust_001177,2026-03-26T14:24:00,card,ICICI,657.04,05,0,14,7,fraud_suspected,True,delayed_retry@48,False,False,False,False,False,False
txn_003803,cust_000848,2026-05-23T02:36:00,upi,HDFC,2054.65,05,0,2,9,insufficient_funds,False,delayed_retry@12,False,False,False,False,False,False
txn_003804,cust_000547,2026-04-06T22:52:00,upi,Yes Bank,451.98,63,0,22,17,fraud_suspected,True,immediate_retry,False,False,False,False,False,False
txn_003805,cust_001157,2026-05-04T06:54:00,netbanking,IDFC,861.59,51,0,6,20,technical_bank_side,False,immediate_retry,False,False,False,True,False,False
txn_003806,cust_001116,2026-06-12T20:27:00,card,SBI,148.19,96,1,20,27,technical_bank_side,False,delayed_retry@48,True,False,True,False,True,False
txn_003807,cust_000237,2026-01-21T06:51:00,card,HDFC,2286.39,05,1,6,23,fraud_suspected,True,delayed_retry@48,False,False,False,False,False,False
txn_003808,cust_000520,2026-01-28T03:53:00,wallet,Axis,508.46,59,1,3,29,fraud_suspected,True,do_nothing,False,False,False,False,False,False
txn_003809,cust_001301,2026-02-27T07:58:00,upi,Yes Bank,712.16,51,1,7,15,insufficient_funds,False,delayed_retry@48,False,False,False,True,False,False
txn_003810,cust_000119,2026-03-08T05:52:00,card,HDFC,4512.24,96,0,5,16,technical_bank_side,False,do_nothing,True,True,True,True,True,False
txn_003811,cust_000786,2026-06-12T22:34:00,card,HDFC,1842.15,54,2,22,21,expired_card,False,delayed_retry@48,False,False,False,False,False,False
txn_003812,cust_000851,2026-04-24T19:49:00,upi,Yes Bank,4138.55,91,0,19,15,technical_bank_side,False,prompt_new_payment_method,True,False,True,True,False,True
txn_003813,cust_001114,2026-03-16T23:58:00,card,Axis,857.13,33,0,23,21,expired_card,False,delayed_retry@12,False,False,False,False,False,False
txn_003814,cust_000355,2026-03-05T21:46:00,card,Axis,256.99,51,1,21,22,insufficient_funds,False,delayed_retry@48,False,False,True,True,False,False
txn_003815,cust_001000,2026-02-05T21:49:00,card,HDFC,3477.05,05,0,21,28,technical_bank_side,False,prompt_new_payment_method,False,False,True,True,False,False
txn_003816,cust_001374,2026-05-12T21:30:00,upi,IDFC,3953.65,51,1,21,4,insufficient_funds,False,prompt_new_payment_method,False,False,False,True,True,False
txn_003817,cust_000897,2026-07-06T13:20:00,card,ICICI,2168.86,14,1,13,13,invalid_details,False,do_nothing,True,True,False,False,False,True
txn_003818,cust_000554,2026-03-29T10:24:00,netbanking,SBI,290.72,05,0,10,8,fraud_suspected,True,prompt_new_payment_method,False,True,False,False,False,False
txn_003819,cust_000485,2026-06-15T20:41:00,upi,Yes Bank,174.07,14,0,20,25,invalid_details,False,delayed_retry@12,False,False,False,False,False,True
txn_003820,cust_000895,2026-07-15T22:35:00,upi,SBI,541.76,05,0,22,12,insufficient_funds,False,prompt_new_payment_method,False,False,False,False,False,False
txn_003821,cust_000991,2026-04-29T08:13:00,card,SBI,1826.33,59,0,8,13,fraud_suspected,True,delayed_retry@48,False,False,False,False,False,False
txn_003822,cust_000783,2026-06-27T09:29:00,upi,HDFC,253.85,51,0,9,13,technical_bank_side,False,prompt_new_payment_method,False,False,True,False,False,False
txn_003823,cust_001095,2026-03-13T14:34:00,netbanking,SBI,562.74,91,0,14,5,technical_bank_side,False,delayed_retry@12,True,True,True,True,True,True
txn_003824,cust_000858,2026-05-03T18:42:00,card,Axis,296.75,51,1,18,4,insufficient_funds,False,prompt_new_payment_method,False,False,False,False,True,False
txn_003825,cust_000452,2026-03-09T19:36:00,upi,Yes Bank,3772.89,05,2,19,30,fraud_suspected,True,do_nothing,False,False,False,False,False,False
txn_003826,cust_000133,2026-07-11T13:47:00,card,Axis,8589.17,91,1,13,27,technical_bank_side,False,delayed_retry@12,False,True,True,False,False,True
txn_003827,cust_001415,2026-06-05T07:56:00,upi,Axis,3230.38,51,2,7,10,insufficient_funds,False,prompt_new_payment_method,False,False,False,True,True,False
txn_003828,cust_000642,2026-02-02T15:23:00,upi,IDFC,10484.63,96,1,15,18,technical_bank_side,False,do_nothing,False,False,True,False,False,False
txn_003829,cust_000746,2026-01-05T22:46:00,upi,HDFC,3559.67,05,0,22,8,technical_bank_side,False,delayed_retry@48,True,False,True,True,True,True
txn_003830,cust_000776,2026-02-19T18:41:00,upi,HDFC,270.9,51,1,18,6,invalid_details,False,delayed_retry@48,False,False,False,False,False,True
txn_003831,cust_000372,2026-02-26T09:27:00,upi,ICICI,6447.24,91,0,9,4,technical_bank_side,False,delayed_retry@12,True,False,True,True,True,False
txn_003832,cust_001019,2026-02-13T19:43:00,card,Yes Bank,1170.98,05,0,19,22,fraud_suspected,True,prompt_new_payment_method,False,False,False,False,False,False
txn_003833,cust_001057,2026-04-08T11:51:00,netbanking,SBI,1607.93,91,1,11,16,technical_bank_side,False,prompt_new_payment_method,False,False,True,False,False,False
txn_003834,cust_000449,2026-07-04T11:55:00,upi,SBI,3174.7,14,2,11,17,invalid_details,False,do_nothing,False,False,False,False,False,True
txn_003835,cust_001303,2026-05-11T11:15:00,upi,Axis,1412.32,51,0,11,21,invalid_details,False,prompt_new_payment_method,False,False,True,True,True,False
txn_003836,cust_000705,2026-07-11T18:43:00,card,SBI,682.53,91,0,18,29,technical_bank_side,False,delayed_retry@48,False,False,False,False,False,False
txn_003837,cust_000500,2026-05-22T21:41:00,card,Yes Bank,607.81,12,1,21,26,invalid_details,False,prompt_new_payment_method,True,False,False,False,False,True
txn_003838,cust_001379,2026-04-27T05:41:00,netbanking,HDFC,400.7,33,1,5,14,expired_card,False,prompt_new_payment_method,False,False,False,False,False,False
txn_003839,cust_000891,2026-01-04T05:58:00,card,IDFC,446.56,96,0,5,28,technical_bank_side,False,prompt_new_payment_method,False,False,False,False,False,False
txn_003840,cust_000636,2026-05-17T17:23:00,card,IDFC,394.77,05,0,17,29,technical_bank_side,False,do_nothing,False,False,True,False,False,False
txn_003841,cust_001192,2026-06-19T00:24:00,card,Kotak,1178.39,33,0,0,24,expired_card,False,prompt_new_payment_method,False,False,False,False,False,False
txn_003842,cust_000048,2026-03-12T16:01:00,card,ICICI,252.11,59,2,16,26,fraud_suspected,True,delayed_retry@48,False,False,False,False,False,False
txn_003843,cust_000445,2026-03-05T14:52:00,netbanking,Kotak,393.19,91,0,14,12,technical_bank_side,False,prompt_new_payment_method,False,False,True,True,False,False
txn_003844,cust_001387,2026-06-29T16:37:00,card,IDFC,197.33,14,2,16,7,invalid_details,False,delayed_retry@48,False,False,False,False,False,False
txn_003845,cust_000343,2026-06-09T09:14:00,card,Axis,3040.89,61,3,9,22,insufficient_funds,False,immediate_retry,True,False,True,False,False,False
txn_003846,cust_000592,2026-01-16T15:40:00,upi,Yes Bank,767.86,05,1,15,11,technical_bank_side,False,delayed_retry@12,True,False,True,True,True,False
txn_003847,cust_000249,2026-06-14T02:33:00,card,Yes Bank,3441.02,14,2,2,30,invalid_details,False,prompt_new_payment_method,True,False,False,False,False,True
txn_003848,cust_000816,2026-01-31T08:30:00,upi,IDFC,4962.84,91,2,8,15,technical_bank_side,False,prompt_new_payment_method,False,True,True,False,True,False
txn_003849,cust_000254,2026-03-02T21:22:00,wallet,SBI,1722.96,59,0,21,10,fraud_suspected,True,do_nothing,False,False,False,False,False,True
txn_003850,cust_001072,2026-02-18T06:21:00,card,ICICI,1960.6,05,0,6,18,insufficient_funds,False,delayed_retry@48,False,True,False,False,False,False
txn_003851,cust_001491,2026-01-28T17:03:00,card,Kotak,433.09,51,0,17,22,technical_bank_side,False,immediate_retry,True,False,True,True,True,False
txn_003852,cust_001172,2026-07-08T19:30:00,upi,HDFC,1311.38,05,0,19,5,technical_bank_side,False,prompt_new_payment_method,False,True,True,False,True,False
txn_003853,cust_001083,2026-04-05T19:12:00,upi,HDFC,5122.69,54,1,19,14,expired_card,False,immediate_retry,False,True,False,False,False,True
txn_003854,cust_001072,2026-03-30T22:17:00,netbanking,HDFC,2144.74,51,0,22,2,insufficient_funds,False,prompt_new_payment_method,False,False,False,True,True,False
txn_003855,cust_001454,2026-05-22T22:15:00,wallet,Axis,2042.79,82,0,22,11,invalid_details,False,delayed_retry@48,False,False,False,False,False,False
txn_003856,cust_000293,2026-01-16T22:23:00,card,Axis,406.21,14,0,22,12,invalid_details,False,immediate_retry,False,False,False,False,False,False
txn_003857,cust_001239,2026-07-03T03:04:00,card,SBI,245.87,54,0,3,7,expired_card,False,immediate_retry,False,False,False,False,False,False
txn_003858,cust_000100,2026-07-13T01:07:00,upi,ICICI,1153.14,82,0,1,18,invalid_details,False,delayed_retry@48,False,False,False,False,False,False
txn_003859,cust_000361,2026-03-01T01:18:00,upi,HDFC,2452.77,51,0,1,22,insufficient_funds,False,delayed_retry@48,True,False,False,True,True,False
txn_003860,cust_000224,2026-02-17T02:46:00,card,Kotak,112.18,96,0,2,18,technical_bank_side,False,do_nothing,False,False,False,False,False,False
txn_003861,cust_000842,2026-07-02T11:05:00,card,SBI,421.51,33,0,11,18,expired_card,False,prompt_new_payment_method,False,False,False,False,False,False
txn_003862,cust_000088,2026-01-01T16:49:00,card,HDFC,1293.97,12,3,16,26,invalid_details,False,delayed_retry@48,False,False,False,False,False,True
txn_003863,cust_000573,2026-06-17T19:05:00,upi,Yes Bank,674.98,54,0,19,16,expired_card,False,prompt_new_payment_method,True,False,False,False,False,True
txn_003864,cust_000912,2026-05-02T00:05:00,card,HDFC,4977.82,96,0,0,28,technical_bank_side,False,prompt_new_payment_method,False,False,False,True,False,False
txn_003865,cust_000905,2026-04-16T00:10:00,card,SBI,483.08,54,2,0,7,expired_card,False,prompt_new_payment_method,False,False,False,False,False,False
txn_003866,cust_000692,2026-01-12T03:05:00,wallet,ICICI,3236.41,91,0,3,20,technical_bank_side,False,do_nothing,False,False,True,True,True,False
txn_003867,cust_000554,2026-01-18T17:34:00,card,SBI,1313.96,51,1,17,6,insufficient_funds,False,delayed_retry@48,True,False,False,False,True,False
txn_003868,cust_000379,2026-02-20T21:57:00,card,Axis,1244.1,59,3,21,18,fraud_suspected,True,prompt_new_payment_method,False,False,False,False,False,False
txn_003869,cust_001223,2026-03-05T05:55:00,card,Axis,2029.32,12,0,5,16,invalid_details,False,delayed_retry@12,False,False,False,False,False,False
txn_003870,cust_001349,2026-01-21T00:07:00,netbanking,Axis,2635.69,14,1,0,29,invalid_details,False,prompt_new_payment_method,False,False,False,False,False,False
txn_003871,cust_000116,2026-02-13T10:32:00,upi,ICICI,836.4,91,0,10,21,technical_bank_side,False,immediate_retry,True,False,True,False,False,False
txn_003872,cust_001457,2026-04-11T16:11:00,card,ICICI,3520.26,82,0,16,6,invalid_details,False,prompt_new_payment_method,False,False,False,False,False,False
txn_003873,cust_000292,2026-04-04T09:33:00,card,Axis,1184.88,05,2,9,30,fraud_suspected,True,prompt_new_payment_method,False,False,False,False,False,False
txn_003874,cust_000914,2026-02-02T20:13:00,upi,ICICI,6477.01,63,0,20,19,fraud_suspected,True,do_nothing,False,False,False,False,False,False
txn_003875,cust_001349,2026-04-29T00:08:00,card,Yes Bank,878.51,14,0,0,13,invalid_details,False,delayed_retry@48,False,False,False,False,False,True
txn_003876,cust_000372,2026-01-05T11:42:00,upi,Axis,2285.05,05,0,11,29,invalid_details,False,immediate_retry,False,False,False,False,False,True
txn_003877,cust_000113,2026-06-18T10:19:00,netbanking,ICICI,1486.09,05,0,10,11,invalid_details,False,immediate_retry,False,False,False,False,False,True
txn_003878,cust_000660,2026-03-17T03:47:00,wallet,Yes Bank,813.63,05,2,3,16,invalid_details,False,delayed_retry@48,False,False,False,False,False,False
txn_003879,cust_000273,2026-05-19T14:11:00,netbanking,Axis,70.96,96,0,14,10,technical_bank_side,False,delayed_retry@48,True,True,True,False,True,False
txn_003880,cust_000279,2026-04-19T05:13:00,upi,Kotak,1141.0,96,1,5,26,technical_bank_side,False,immediate_retry,False,False,False,False,False,False
txn_003881,cust_000909,2026-04-14T01:20:00,card,Axis,2189.16,51,1,1,13,insufficient_funds,False,do_nothing,True,True,True,False,True,True
txn_003882,cust_000829,2026-02-13T17:53:00,card,Yes Bank,5801.9,05,1,17,14,fraud_suspected,False,do_nothing,False,False,False,False,False,False
txn_003883,cust_001290,2026-03-12T11:04:00,upi,SBI,4744.84,05,0,11,1,invalid_details,False,do_nothing,False,False,False,False,False,False
txn_003884,cust_000042,2026-07-10T23:57:00,card,Yes Bank,13406.58,51,3,23,14,insufficient_funds,False,delayed_retry@48,False,False,False,False,False,False
txn_003885,cust_001216,2026-03-31T17:05:00,card,Yes Bank,637.44,05,1,17,15,insufficient_funds,False,prompt_new_payment_method,False,False,False,False,False,False
txn_003886,cust_001163,2026-07-18T00:16:00,card,HDFC,6751.35,61,0,0,16,insufficient_funds,False,delayed_retry@12,True,True,True,True,True,True
txn_003887,cust_000077,2026-05-31T12:18:00,card,Axis,268.03,61,3,12,12,insufficient_funds,False,delayed_retry@48,False,False,False,False,False,False
txn_003888,cust_001161,2026-06-15T00:33:00,upi,Yes Bank,414.85,05,0,0,16,insufficient_funds,False,immediate_retry,False,True,False,True,False,False
txn_003889,cust_001403,2026-01-31T20:22:00,upi,Kotak,710.48,14,0,20,14,invalid_details,False,immediate_retry,False,False,False,False,False,False
txn_003890,cust_000443,2026-07-08T20:39:00,card,Kotak,1253.07,51,0,20,27,insufficient_funds,False,delayed_retry@48,False,False,False,True,False,False
txn_003891,cust_000247,2026-04-14T11:52:00,netbanking,ICICI,1874.76,05,0,11,7,invalid_details,False,delayed_retry@48,False,False,False,False,False,True
txn_003892,cust_000090,2026-05-21T05:28:00,upi,Kotak,1425.97,33,1,5,14,expired_card,False,do_nothing,False,False,False,False,False,True
txn_003893,cust_000961,2026-02-20T06:40:00,card,Yes Bank,646.08,51,0,6,11,insufficient_funds,False,prompt_new_payment_method,False,False,False,False,False,False
txn_003894,cust_001319,2026-06-11T06:42:00,card,Axis,393.91,54,0,6,7,expired_card,False,immediate_retry,False,False,False,False,False,True
txn_003895,cust_001322,2026-01-16T16:38:00,upi,SBI,939.07,91,0,16,26,technical_bank_side,False,do_nothing,True,True,True,True,True,True
txn_003896,cust_000908,2026-03-22T07:56:00,netbanking,IDFC,2277.22,51,0,7,22,insufficient_funds,False,do_nothing,False,False,False,False,False,False
txn_003897,cust_001428,2026-03-30T02:25:00,upi,IDFC,1137.47,05,0,2,15,invalid_details,False,delayed_retry@12,False,False,False,False,False,False
txn_003898,cust_001304,2026-04-02T05:47:00,wallet,Kotak,4466.52,05,1,5,7,invalid_details,False,prompt_new_payment_method,False,False,False,False,False,False
txn_003899,cust_000890,2026-06-27T14:59:00,card,IDFC,474.31,61,1,14,9,insufficient_funds,False,prompt_new_payment_method,False,False,True,False,False,False
txn_003900,cust_001404,2026-04-30T15:55:00,upi,Yes Bank,3684.42,54,3,15,19,expired_card,False,delayed_retry@48,False,False,False,False,False,False
txn_003901,cust_000373,2026-04-08T10:45:00,card,Axis,214.34,05,1,10,12,insufficient_funds,False,delayed_retry@12,False,False,False,False,False,False
txn_003902,cust_000301,2026-05-31T01:23:00,netbanking,Yes Bank,5451.07,96,1,1,18,fraud_suspected,False,do_nothing,False,False,True,True,True,False
txn_003903,cust_000890,2026-01-13T01:52:00,upi,ICICI,1026.05,05,2,1,5,insufficient_funds,False,immediate_retry,True,False,True,False,False,False
txn_003904,cust_000767,2026-02-19T14:19:00,wallet,ICICI,4091.54,51,2,14,27,insufficient_funds,False,prompt_new_payment_method,False,False,False,False,False,False
txn_003905,cust_000371,2026-02-26T18:25:00,netbanking,Axis,8611.12,91,0,18,5,technical_bank_side,False,delayed_retry@48,False,False,False,False,False,False
txn_003906,cust_000054,2026-04-09T23:27:00,card,Yes Bank,12794.68,51,0,23,26,insufficient_funds,False,delayed_retry@12,True,True,True,True,True,True
txn_003907,cust_000117,2026-06-28T18:50:00,card,Axis,263.06,54,0,18,20,expired_card,False,do_nothing,False,False,False,False,False,False
txn_003908,cust_001118,2026-03-19T18:23:00,upi,ICICI,209.7,05,1,18,6,expired_card,False,delayed_retry@48,False,False,False,False,False,False
txn_003909,cust_000171,2026-05-21T15:15:00,upi,Kotak,411.27,59,1,15,21,fraud_suspected,True,immediate_retry,False,False,False,False,False,False
txn_003910,cust_000952,2026-01-02T05:40:00,netbanking,Yes Bank,2181.02,59,0,5,20,fraud_suspected,True,prompt_new_payment_method,False,False,False,False,False,False
txn_003911,cust_001014,2026-02-28T11:05:00,card,IDFC,1029.8,33,0,11,20,expired_card,False,prompt_new_payment_method,False,False,False,False,False,False
txn_003912,cust_000350,2026-04-15T07:58:00,card,Axis,3947.54,05,1,7,21,insufficient_funds,False,prompt_new_payment_method,False,False,False,False,False,False
txn_003913,cust_000771,2026-03-13T03:30:00,card,Yes Bank,891.8,61,1,3,23,insufficient_funds,False,delayed_retry@12,False,False,False,False,True,False
txn_003914,cust_000781,2026-01-17T04:18:00,card,ICICI,4974.3,51,1,4,11,technical_bank_side,False,delayed_retry@48,True,True,True,True,True,False
txn_003915,cust_000274,2026-03-27T22:51:00,card,IDFC,469.68,51,0,22,7,insufficient_funds,False,do_nothing,True,True,True,True,True,False
txn_003916,cust_000513,2026-06-19T22:20:00,upi,Kotak,508.15,54,0,22,22,expired_card,False,delayed_retry@48,False,False,False,False,False,True
txn_003917,cust_001376,2026-07-17T05:48:00,netbanking,IDFC,4633.12,12,2,5,22,invalid_details,False,delayed_retry@12,False,False,False,False,False,False
txn_003918,cust_001187,2026-06-17T00:26:00,upi,ICICI,931.59,96,1,0,7,technical_bank_side,False,prompt_new_payment_method,False,False,False,False,False,False
txn_003919,cust_000271,2026-02-12T09:51:00,netbanking,HDFC,2181.53,14,0,9,17,invalid_details,False,do_nothing,True,True,False,False,False,False
txn_003920,cust_000132,2026-06-05T09:42:00,upi,Yes Bank,1156.23,51,0,9,29,insufficient_funds,False,immediate_retry,False,False,False,True,True,False
txn_003921,cust_000698,2026-07-05T12:10:00,card,IDFC,2248.43,14,0,12,10,invalid_details,False,prompt_new_payment_method,False,False,False,False,False,False
txn_003922,cust_000402,2026-02-11T19:35:00,wallet,HDFC,1295.81,05,0,19,14,technical_bank_side,False,prompt_new_payment_method,False,True,True,False,True,False
txn_003923,cust_000894,2026-04-21T15:59:00,upi,SBI,718.7,91,2,15,1,technical_bank_side,False,delayed_retry@48,False,False,True,False,False,False
txn_003924,cust_000441,2026-07-10T20:25:00,netbanking,Yes Bank,7212.55,51,1,20,31,insufficient_funds,False,immediate_retry,True,False,True,False,False,True
txn_003925,cust_001182,2026-07-09T19:52:00,upi,ICICI,3235.03,14,0,19,5,invalid_details,False,immediate_retry,False,False,False,True,False,True
txn_003926,cust_000758,2026-01-25T18:31:00,wallet,ICICI,1406.88,96,1,18,22,technical_bank_side,False,delayed_retry@12,False,False,True,False,False,True
txn_003927,cust_000109,2026-05-28T08:01:00,card,Kotak,959.59,82,1,8,26,invalid_details,False,prompt_new_payment_method,True,False,False,False,False,True
txn_003928,cust_000696,2026-07-17T08:38:00,card,SBI,656.71,91,0,8,9,technical_bank_side,False,delayed_retry@48,False,False,True,True,False,True
txn_003929,cust_001006,2026-03-13T17:23:00,card,Yes Bank,949.37,61,0,17,19,insufficient_funds,False,delayed_retry@12,True,False,False,True,True,False
txn_003930,cust_000117,2026-07-05T09:14:00,upi,HDFC,153.15,14,0,9,31,invalid_details,False,delayed_retry@12,False,False,False,False,False,False
txn_003931,cust_000993,2026-05-13T23:08:00,card,Kotak,936.23,91,0,23,10,technical_bank_side,False,immediate_retry,True,False,True,False,False,False
txn_003932,cust_000147,2026-05-10T08:51:00,card,Kotak,1666.83,54,0,8,5,expired_card,False,do_nothing,False,False,True,False,False,True
txn_003933,cust_000015,2026-06-23T15:16:00,card,HDFC,202.7,05,0,15,31,invalid_details,False,immediate_retry,False,False,False,False,False,False
txn_003934,cust_001274,2026-07-13T15:21:00,card,Kotak,147.53,05,2,15,6,expired_card,False,delayed_retry@12,True,False,False,True,False,False
txn_003935,cust_000309,2026-05-18T02:34:00,wallet,HDFC,1179.06,14,2,2,12,invalid_details,False,delayed_retry@12,False,False,False,False,False,False
txn_003936,cust_000638,2026-01-10T04:54:00,card,HDFC,861.02,05,0,4,8,insufficient_funds,False,do_nothing,False,False,False,False,False,False
txn_003937,cust_000701,2026-04-29T14:28:00,card,ICICI,2200.83,51,0,14,28,insufficient_funds,False,do_nothing,False,False,False,False,False,False
txn_003938,cust_000833,2026-01-17T22:58:00,netbanking,Axis,5004.46,51,1,22,12,insufficient_funds,False,delayed_retry@48,False,False,False,True,False,False
txn_003939,cust_001280,2026-04-25T21:51:00,card,Yes Bank,292.82,12,1,21,21,invalid_details,False,immediate_retry,False,False,False,False,False,False
txn_003940,cust_000933,2026-07-14T18:44:00,wallet,Yes Bank,1874.74,51,1,18,23,insufficient_funds,False,do_nothing,False,False,False,False,False,False
txn_003941,cust_000900,2026-07-12T04:08:00,upi,Yes Bank,655.15,51,3,4,13,insufficient_funds,False,prompt_new_payment_method,True,False,False,False,True,True
txn_003942,cust_000509,2026-01-05T15:43:00,wallet,ICICI,4128.27,05,0,15,17,fraud_suspected,True,delayed_retry@48,False,False,False,False,False,False
txn_003943,cust_001393,2026-06-16T20:37:00,upi,Yes Bank,1073.36,12,0,20,7,invalid_details,False,immediate_retry,False,False,False,False,False,False
txn_003944,cust_001032,2026-01-19T01:39:00,card,IDFC,572.9,05,3,1,13,fraud_suspected,True,immediate_retry,False,False,False,False,False,False
txn_003945,cust_000716,2026-05-03T19:11:00,card,IDFC,1667.41,51,0,19,21,insufficient_funds,False,do_nothing,False,False,True,True,False,False
txn_003946,cust_000087,2026-05-28T03:01:00,upi,Axis,179.19,51,0,3,9,insufficient_funds,False,delayed_retry@12,True,True,False,True,False,False
txn_003947,cust_000358,2026-02-06T19:03:00,wallet,IDFC,3155.46,51,0,19,12,insufficient_funds,False,delayed_retry@48,False,False,True,True,False,False
txn_003948,cust_000682,2026-01-16T03:50:00,wallet,ICICI,547.51,59,1,3,3,fraud_suspected,True,do_nothing,False,False,False,False,False,False
txn_003949,cust_001281,2026-04-05T03:13:00,upi,IDFC,319.88,54,1,3,18,expired_card,False,delayed_retry@48,False,False,False,False,False,False
txn_003950,cust_001056,2026-04-29T20:40:00,card,IDFC,1911.47,91,1,20,23,technical_bank_side,False,do_nothing,False,False,True,False,False,False
txn_003951,cust_001180,2026-06-02T03:36:00,netbanking,SBI,406.61,59,1,3,10,fraud_suspected,True,do_nothing,False,False,False,False,False,False
txn_003952,cust_001138,2026-01-01T22:08:00,wallet,Kotak,1699.74,54,0,22,22,expired_card,False,do_nothing,False,False,False,False,False,False
txn_003953,cust_001035,2026-03-15T14:53:00,upi,Kotak,684.46,51,0,14,6,insufficient_funds,False,immediate_retry,False,False,False,False,False,False
txn_003954,cust_000985,2026-07-11T01:43:00,upi,Axis,547.47,61,0,1,14,insufficient_funds,False,delayed_retry@48,True,False,True,True,True,True
txn_003955,cust_001131,2026-06-09T08:43:00,card,HDFC,161.06,63,1,8,6,fraud_suspected,True,do_nothing,False,False,False,False,False,False
txn_003956,cust_000722,2026-04-08T16:51:00,upi,IDFC,431.16,33,1,16,23,expired_card,False,do_nothing,False,False,False,False,False,True
txn_003957,cust_000472,2026-06-03T16:19:00,upi,Yes Bank,504.72,05,1,16,14,insufficient_funds,False,delayed_retry@12,False,False,False,False,False,False
txn_003958,cust_000300,2026-03-16T20:25:00,card,Kotak,1140.04,96,1,20,29,technical_bank_side,False,delayed_retry@12,False,False,False,False,False,False
txn_003959,cust_000839,2026-04-12T15:33:00,upi,Yes Bank,765.05,51,0,15,27,insufficient_funds,False,immediate_retry,False,False,False,False,True,False
txn_003960,cust_000369,2026-07-04T06:36:00,card,HDFC,414.6,51,0,6,11,insufficient_funds,False,prompt_new_payment_method,True,False,False,False,False,True
txn_003961,cust_000923,2026-01-27T13:25:00,card,Kotak,3073.58,65,0,13,26,insufficient_funds,False,delayed_retry@48,True,True,True,True,True,False
txn_003962,cust_000978,2026-01-13T17:43:00,card,IDFC,447.29,51,1,17,20,insufficient_funds,False,do_nothing,False,False,True,False,False,False
txn_003963,cust_001300,2026-03-19T12:08:00,upi,ICICI,1713.28,51,1,12,7,insufficient_funds,False,prompt_new_payment_method,False,False,False,False,False,False
txn_003964,cust_000012,2026-06-10T01:57:00,card,IDFC,1094.94,12,0,1,7,invalid_details,False,delayed_retry@12,False,False,False,False,False,False
txn_003965,cust_000022,2026-01-09T23:37:00,upi,ICICI,1101.94,54,2,23,3,expired_card,False,do_nothing,False,False,False,False,False,True
txn_003966,cust_001126,2026-02-25T14:22:00,upi,ICICI,651.2,05,1,14,1,technical_bank_side,False,do_nothing,False,False,True,False,True,False
txn_003967,cust_000751,2026-01-09T08:30:00,card,Axis,1599.53,96,0,8,30,technical_bank_side,False,delayed_retry@48,True,False,True,True,True,False
txn_003968,cust_000215,2026-02-24T10:21:00,upi,ICICI,947.88,05,0,10,8,insufficient_funds,False,delayed_retry@12,False,False,False,False,False,False
txn_003969,cust_000876,2026-07-13T05:09:00,card,IDFC,5345.03,51,1,5,7,insufficient_funds,False,delayed_retry@48,False,False,False,False,False,False
txn_003970,cust_000262,2026-03-15T00:10:00,netbanking,Axis,1858.6,51,2,0,7,insufficient_funds,False,delayed_retry@48,False,False,False,True,False,False
txn_003971,cust_001100,2026-03-01T07:23:00,card,IDFC,1171.76,61,0,7,4,insufficient_funds,False,delayed_retry@48,True,False,False,False,True,False
txn_003972,cust_001282,2026-07-13T00:09:00,upi,Yes Bank,807.74,96,2,0,18,technical_bank_side,False,immediate_retry,False,False,False,False,True,False
txn_003973,cust_001043,2026-04-01T22:26:00,card,Axis,654.2,05,0,22,8,insufficient_funds,False,immediate_retry,False,False,False,False,False,False
txn_003974,cust_001295,2026-05-03T23:37:00,upi,Kotak,2054.95,54,0,23,25,expired_card,False,delayed_retry@48,False,False,False,False,False,False
txn_003975,cust_000977,2026-06-02T17:36:00,card,Yes Bank,400.14,51,0,17,16,technical_bank_side,False,delayed_retry@12,True,False,True,True,True,False
txn_003976,cust_000662,2026-05-27T23:08:00,card,Axis,800.04,14,0,23,26,invalid_details,False,do_nothing,False,False,False,False,False,False
txn_003977,cust_000763,2026-03-09T19:53:00,card,ICICI,1209.98,96,0,19,22,technical_bank_side,False,prompt_new_payment_method,False,True,True,True,False,False
txn_003978,cust_001192,2026-01-21T07:59:00,card,Kotak,4913.8,51,0,7,4,insufficient_funds,False,delayed_retry@48,False,False,False,False,False,False
txn_003979,cust_000071,2026-06-20T09:40:00,card,SBI,393.16,82,1,9,20,invalid_details,False,do_nothing,False,False,False,False,False,True
txn_003980,cust_000245,2026-02-14T10:28:00,card,Yes Bank,4601.97,14,0,10,13,invalid_details,False,delayed_retry@12,False,False,False,False,False,False
txn_003981,cust_001136,2026-06-13T23:12:00,upi,HDFC,998.56,05,3,23,15,invalid_details,False,immediate_retry,False,False,False,False,False,True
txn_003982,cust_001087,2026-03-06T14:20:00,upi,Kotak,1314.15,51,1,14,19,insufficient_funds,False,do_nothing,False,False,False,False,False,False
txn_003983,cust_000805,2026-06-04T08:05:00,netbanking,HDFC,1848.96,54,2,8,11,expired_card,False,delayed_retry@12,True,False,False,True,False,False
txn_003984,cust_001356,2026-04-08T01:01:00,card,IDFC,1940.39,96,0,1,11,insufficient_funds,False,do_nothing,False,False,True,True,True,True
txn_003985,cust_000068,2026-06-29T03:54:00,wallet,Yes Bank,1388.62,05,1,3,13,invalid_details,False,prompt_new_payment_method,False,False,False,False,False,False
txn_003986,cust_000958,2026-05-25T12:20:00,upi,HDFC,3963.1,59,0,12,15,fraud_suspected,True,immediate_retry,False,False,False,False,False,False
txn_003987,cust_001382,2026-05-15T09:57:00,card,Kotak,616.14,61,2,9,12,insufficient_funds,False,prompt_new_payment_method,False,False,False,False,False,False
txn_003988,cust_001456,2026-07-16T16:09:00,upi,Kotak,2698.15,91,0,16,19,technical_bank_side,False,delayed_retry@12,False,False,False,False,False,False
txn_003989,cust_000752,2026-07-07T03:04:00,upi,HDFC,533.21,54,2,3,26,expired_card,False,immediate_retry,False,False,False,False,False,False
txn_003990,cust_000456,2026-05-17T12:06:00,wallet,Kotak,4287.45,59,1,12,5,fraud_suspected,True,do_nothing,False,False,False,False,False,False
txn_003991,cust_001292,2026-07-02T03:45:00,upi,Yes Bank,2299.29,51,0,3,19,technical_bank_side,False,delayed_retry@12,False,False,True,False,True,False
txn_003992,cust_000271,2026-05-03T20:59:00,card,Kotak,2955.6,05,1,20,3,fraud_suspected,True,do_nothing,False,False,False,False,False,False
txn_003993,cust_000063,2026-04-01T05:21:00,upi,SBI,66.3,05,1,5,8,invalid_details,False,delayed_retry@12,False,False,False,False,False,True
txn_003994,cust_000224,2026-05-02T18:18:00,card,Axis,674.07,05,0,18,8,technical_bank_side,False,prompt_new_payment_method,False,False,False,False,True,False
txn_003995,cust_000924,2026-06-05T00:01:00,card,Kotak,1093.02,65,1,0,11,insufficient_funds,False,prompt_new_payment_method,False,False,True,False,True,False
txn_003996,cust_001000,2026-02-21T06:10:00,card,ICICI,2665.64,05,0,6,4,invalid_details,False,do_nothing,False,False,False,False,False,False
txn_003997,cust_000287,2026-04-03T20:01:00,upi,SBI,1165.46,51,1,20,6,technical_bank_side,False,immediate_retry,False,False,False,True,False,False
txn_003998,cust_000526,2026-01-25T03:30:00,upi,Axis,412.02,51,1,3,27,insufficient_funds,False,delayed_retry@12,False,False,False,False,False,False
txn_003999,cust_000080,2026-03-05T03:21:00,upi,Yes Bank,2765.42,51,1,3,4,technical_bank_side,False,immediate_retry,True,False,True,False,False,False
