invoice_id,customer_id,due_date,invoice_amount,days_overdue,prior_late_payments,dispute_flagged_in_ar,avg_days_late_last_6_invoices,purchase_order_required,purchase_order_on_invoice,invoice_revision_count,amount_variance_vs_contract_pct,acknowledged_in_portal,hour_of_day,true_root_cause,logged_action,logged_recovered,po_do_nothing,po_automated_reminder,po_automated_reminder_with_payment_plan_offer,po_escalate_to_collections
inv_000000,cust_000315,2026-04-15T00:00:00,26587.48,90,2,False,12.9,False,True,0,0.46,False,16,cash_flow_issue,do_nothing,False,False,False,False,False
inv_000001,cust_001385,2026-03-26T00:00:00,35877.99,45,1,False,24.3,False,True,0,0.15,True,18,chronic_late_payer,automated_reminder,False,False,False,False,True
inv_000002,cust_000480,2026-04-18T00:00:00,15706.01,1,1,False,1.4,True,True,0,1.02,True,14,cash_flow_issue,automated_reminder,False,False,False,True,True
inv_000003,cust_000481,2026-01-22T00:00:00,47197.99,15,3,False,6.8,True,True,0,0.67,False,13,cash_flow_issue,escalate_to_collections,True,False,True,True,True
inv_000004,cust_001222,2026-04-30T00:00:00,15075.74,15,4,False,16.3,True,True,0,1.12,True,9,chronic_late_payer,do_nothing,False,False,False,True,True
inv_000005,cust_001265,2026-04-29T00:00:00,34146.2,15,4,True,8.8,True,False,1,9.96,True,18,dispute_pending,escalate_to_collections,False,False,False,False,False
inv_000006,cust_001200,2026-05-29T00:00:00,5551.34,1,3,False,13.7,True,True,0,0.98,True,10,chronic_late_payer,automated_reminder,True,True,True,True,True
inv_000007,cust_000997,2026-07-13T00:00:00,32112.61,60,4,False,17.1,False,True,0,1.78,True,10,chronic_late_payer,escalate_to_collections,True,True,True,True,True
inv_000008,cust_000763,2026-05-14T00:00:00,5112.4,5,0,False,16.6,True,True,0,0.27,True,18,chronic_late_payer,automated_reminder,True,False,True,True,True
inv_000009,cust_000110,2026-02-06T00:00:00,8939.42,30,2,False,7.7,True,True,0,0.56,True,10,cash_flow_issue,automated_reminder_with_payment_plan_offer,True,True,True,True,True
inv_000010,cust_000865,2026-05-20T00:00:00,11294.98,90,7,False,21.0,False,True,0,0.54,True,18,chronic_late_payer,escalate_to_collections,False,False,False,False,False
inv_000011,cust_000088,2026-04-15T00:00:00,12853.38,5,3,False,12.9,False,True,0,0.95,False,12,cash_flow_issue,escalate_to_collections,True,False,False,True,True
inv_000012,cust_000588,2026-03-24T00:00:00,6452.75,5,5,False,27.2,True,True,0,1.17,True,11,chronic_late_payer,do_nothing,True,True,True,True,True
inv_000013,cust_000675,2026-01-17T00:00:00,7148.11,30,5,False,14.1,False,True,1,2.92,False,13,invoice_error,escalate_to_collections,False,False,False,False,False
inv_000014,cust_001313,2026-01-27T00:00:00,43988.17,1,2,False,4.5,False,True,0,8.84,True,15,dispute_pending,automated_reminder,False,False,False,False,False
inv_000015,cust_000870,2026-06-28T00:00:00,1237045.93,5,1,False,16.9,True,True,0,0.67,False,13,chronic_late_payer,escalate_to_collections,False,False,False,False,False
inv_000016,cust_000673,2026-02-22T00:00:00,67146.85,15,0,False,11.8,False,True,0,0.58,True,14,cash_flow_issue,escalate_to_collections,False,False,False,True,False
inv_000017,cust_000792,2026-07-04T00:00:00,31326.13,30,4,False,12.2,False,True,0,0.69,False,13,chronic_late_payer,escalate_to_collections,True,True,True,True,True
inv_000018,cust_000204,2026-05-19T00:00:00,20419.52,90,4,False,6.4,True,True,1,1.14,False,13,cash_flow_issue,do_nothing,False,False,True,True,True
inv_000019,cust_000368,2026-05-25T00:00:00,28852.29,15,7,False,14.7,True,True,0,1.32,True,14,chronic_late_payer,automated_reminder_with_payment_plan_offer,False,False,False,False,True
inv_000020,cust_000673,2026-06-17T00:00:00,24515.69,120,5,False,16.3,True,True,0,0.77,True,13,cash_flow_issue,automated_reminder,True,False,True,True,True
inv_000021,cust_000589,2026-01-04T00:00:00,20885.47,5,7,False,18.1,False,True,0,0.47,True,17,cash_flow_issue,automated_reminder,True,False,True,True,False
inv_000022,cust_000186,2026-06-28T00:00:00,33212.96,45,5,True,3.5,True,True,0,3.71,True,10,dispute_pending,automated_reminder_with_payment_plan_offer,False,False,False,False,False
inv_000023,cust_000189,2026-03-02T00:00:00,67340.01,45,4,False,2.2,False,True,0,0.72,True,10,cash_flow_issue,do_nothing,False,False,False,True,False
inv_000024,cust_000164,2026-03-27T00:00:00,18882.86,60,2,False,5.3,True,True,0,0.77,True,9,cash_flow_issue,do_nothing,False,False,False,False,False
inv_000025,cust_000836,2026-06-04T00:00:00,24196.81,5,7,False,23.1,True,True,0,0.43,True,17,chronic_late_payer,automated_reminder,True,True,True,False,False
inv_000026,cust_000084,2026-04-01T00:00:00,13874.61,45,6,False,10.6,True,True,0,1.48,True,9,cash_flow_issue,automated_reminder,False,False,False,False,False
inv_000027,cust_000481,2026-02-23T00:00:00,39794.27,30,3,False,9.3,True,True,0,0.52,True,14,cash_flow_issue,automated_reminder,True,True,True,False,True
inv_000028,cust_001019,2026-02-04T00:00:00,36453.3,15,1,False,9.7,False,True,1,0.13,True,18,chronic_late_payer,automated_reminder,True,False,True,True,True
inv_000029,cust_000471,2026-04-01T00:00:00,585236.79,90,6,False,20.1,False,True,0,1.07,True,15,chronic_late_payer,escalate_to_collections,True,True,False,True,True
inv_000030,cust_001254,2026-07-08T00:00:00,59666.76,1,2,False,4.1,True,False,0,0.34,True,12,cash_flow_issue,automated_reminder_with_payment_plan_offer,True,False,True,True,True
inv_000031,cust_001027,2026-02-23T00:00:00,39955.65,90,3,True,3.3,False,True,0,9.24,True,11,dispute_pending,automated_reminder,False,False,False,False,False
inv_000032,cust_001486,2026-03-06T00:00:00,77530.29,120,5,False,8.6,False,True,0,0.38,True,15,cash_flow_issue,escalate_to_collections,True,False,False,False,True
inv_000033,cust_001149,2026-06-07T00:00:00,11829.23,120,3,False,22.9,True,True,0,0.11,True,16,chronic_late_payer,automated_reminder,True,False,True,False,False
inv_000034,cust_000278,2026-03-13T00:00:00,240763.61,30,1,True,2.1,True,True,1,7.16,True,17,dispute_pending,escalate_to_collections,False,False,False,False,False
inv_000035,cust_000701,2026-05-17T00:00:00,49101.25,90,8,False,31.4,True,True,0,0.62,False,9,chronic_late_payer,automated_reminder_with_payment_plan_offer,True,False,True,True,False
inv_000036,cust_000642,2026-05-02T00:00:00,26238.74,30,7,False,25.8,False,True,0,0.16,True,12,chronic_late_payer,automated_reminder,False,False,False,False,False
inv_000037,cust_000019,2026-07-10T00:00:00,11837.68,90,8,False,30.4,True,True,0,0.56,True,12,chronic_late_payer,do_nothing,True,True,False,True,True
inv_000038,cust_001155,2026-05-29T00:00:00,57607.2,90,5,False,10.0,True,True,0,0.91,False,14,chronic_late_payer,automated_reminder_with_payment_plan_offer,False,False,False,False,True
inv_000039,cust_001069,2026-03-04T00:00:00,13413.69,1,0,True,0.0,True,True,0,4.55,False,18,dispute_pending,automated_reminder_with_payment_plan_offer,False,False,False,False,False
inv_000040,cust_001073,2026-05-20T00:00:00,18675.79,60,1,False,0.0,False,True,0,10.0,False,14,invoice_error,automated_reminder,False,False,False,False,False
inv_000041,cust_000631,2026-05-21T00:00:00,189579.72,30,5,False,10.7,False,True,0,0.4,True,12,cash_flow_issue,automated_reminder,True,True,True,True,True
inv_000042,cust_001436,2026-06-13T00:00:00,37388.92,30,3,False,13.7,True,True,0,0.75,True,15,cash_flow_issue,automated_reminder_with_payment_plan_offer,False,False,False,False,False
inv_000043,cust_001431,2026-02-25T00:00:00,41169.73,1,7,False,26.0,False,True,0,0.03,False,11,chronic_late_payer,automated_reminder,True,True,True,True,True
inv_000044,cust_000480,2026-05-30T00:00:00,14505.97,30,5,False,16.5,True,True,0,0.83,True,18,chronic_late_payer,escalate_to_collections,False,True,False,True,False
inv_000045,cust_001284,2026-02-28T00:00:00,28695.34,30,1,False,5.2,True,False,0,6.41,True,13,dispute_pending,escalate_to_collections,True,False,False,True,True
inv_000046,cust_000734,2026-01-20T00:00:00,3000.0,15,3,False,4.8,False,True,0,0.71,True,13,cash_flow_issue,automated_reminder,True,False,True,True,True
inv_000047,cust_000586,2026-05-01T00:00:00,50160.9,30,0,False,7.0,True,True,0,0.39,True,15,cash_flow_issue,do_nothing,False,False,True,False,True
inv_000048,cust_000378,2026-05-30T00:00:00,54817.52,5,2,False,8.5,True,True,0,0.3,True,12,cash_flow_issue,escalate_to_collections,False,False,False,False,False
inv_000049,cust_000071,2026-01-05T00:00:00,20493.18,60,6,False,17.1,False,True,1,0.13,True,14,chronic_late_payer,automated_reminder_with_payment_plan_offer,False,False,False,False,True
inv_000050,cust_001111,2026-02-19T00:00:00,47732.14,5,5,False,5.1,True,True,0,0.49,True,12,cash_flow_issue,automated_reminder_with_payment_plan_offer,True,False,False,True,False
inv_000051,cust_000690,2026-01-02T00:00:00,44224.66,1,0,True,0.0,False,True,0,0.72,True,10,dispute_pending,do_nothing,False,False,True,False,True
inv_000052,cust_000313,2026-03-03T00:00:00,33314.58,5,6,False,18.5,True,True,0,0.62,True,15,chronic_late_payer,escalate_to_collections,True,False,False,True,True
inv_000053,cust_000110,2026-01-13T00:00:00,7992.15,30,4,False,8.9,False,True,0,0.34,False,15,chronic_late_payer,do_nothing,False,False,True,True,False
inv_000054,cust_000968,2026-01-05T00:00:00,69163.46,60,4,False,5.2,False,True,0,0.54,False,11,cash_flow_issue,automated_reminder_with_payment_plan_offer,True,True,False,True,False
inv_000055,cust_001257,2026-05-26T00:00:00,360238.66,15,4,False,0.2,True,True,0,0.41,True,17,cash_flow_issue,automated_reminder_with_payment_plan_offer,True,False,True,True,True
inv_000056,cust_001262,2026-02-22T00:00:00,85955.91,45,2,False,3.8,True,False,2,6.48,False,18,invoice_error,automated_reminder,False,False,False,False,False
inv_000057,cust_000168,2026-07-11T00:00:00,72387.57,30,6,False,24.9,True,True,0,0.86,False,9,chronic_late_payer,automated_reminder_with_payment_plan_offer,True,False,True,True,True
inv_000058,cust_000291,2026-03-31T00:00:00,23216.47,120,4,False,5.3,False,True,0,0.06,True,9,cash_flow_issue,do_nothing,False,False,True,True,True
inv_000059,cust_000741,2026-03-20T00:00:00,17066.42,5,7,False,21.6,True,True,0,1.16,False,18,chronic_late_payer,escalate_to_collections,True,True,True,True,True
inv_000060,cust_000740,2026-05-27T00:00:00,72204.85,45,2,False,26.5,True,True,0,0.0,False,12,chronic_late_payer,automated_reminder,True,True,True,False,False
inv_000061,cust_000535,2026-07-02T00:00:00,34822.55,30,0,True,2.4,True,True,0,0.07,True,10,dispute_pending,automated_reminder,False,False,False,False,False
inv_000062,cust_000934,2026-05-13T00:00:00,45742.66,120,6,True,11.3,False,True,0,1.03,True,13,dispute_pending,automated_reminder,False,False,False,False,False
inv_000063,cust_001046,2026-02-14T00:00:00,645771.35,30,3,False,2.2,True,True,0,6.23,True,16,dispute_pending,escalate_to_collections,False,False,False,False,False
inv_000064,cust_000459,2026-03-06T00:00:00,1384621.96,1,6,False,22.6,True,True,0,0.27,True,11,chronic_late_payer,automated_reminder,False,False,False,True,True
inv_000065,cust_001377,2026-06-15T00:00:00,8306.24,5,0,False,10.4,True,True,1,0.47,False,14,cash_flow_issue,escalate_to_collections,True,False,True,True,True
inv_000066,cust_001160,2026-01-12T00:00:00,8181.82,120,2,False,9.9,False,True,0,0.54,True,10,cash_flow_issue,automated_reminder,False,False,False,False,False
inv_000067,cust_001060,2026-03-30T00:00:00,14912.98,45,3,False,10.5,True,True,0,0.54,True,15,cash_flow_issue,automated_reminder,False,False,False,True,False
inv_000068,cust_000610,2026-06-12T00:00:00,598828.24,1,2,False,2.4,False,True,0,0.03,True,15,cash_flow_issue,do_nothing,False,False,True,True,True
inv_000069,cust_000911,2026-01-28T00:00:00,9013.61,15,7,False,17.5,False,True,0,11.39,False,13,invoice_error,escalate_to_collections,False,False,False,False,False
inv_000070,cust_000668,2026-05-17T00:00:00,12243.68,120,2,False,3.7,True,True,1,0.69,True,17,cash_flow_issue,automated_reminder_with_payment_plan_offer,True,False,True,True,False
inv_000071,cust_000654,2026-01-10T00:00:00,977361.27,30,8,False,23.0,True,True,0,0.17,False,11,chronic_late_payer,automated_reminder,False,False,False,True,False
inv_000072,cust_000368,2026-06-01T00:00:00,20695.04,60,0,False,0.9,True,False,1,12.48,True,9,invoice_error,automated_reminder_with_payment_plan_offer,False,False,False,False,False
inv_000073,cust_000996,2026-05-26T00:00:00,41861.51,1,8,False,18.1,True,True,0,0.77,False,16,chronic_late_payer,do_nothing,False,False,False,False,False
inv_000074,cust_001377,2026-01-02T00:00:00,25605.36,30,8,False,29.3,True,True,0,0.75,True,17,chronic_late_payer,automated_reminder_with_payment_plan_offer,True,False,True,True,True
inv_000075,cust_000648,2026-06-27T00:00:00,6532.42,5,2,False,7.2,True,True,0,11.89,False,15,invoice_error,escalate_to_collections,False,False,False,False,False
inv_000076,cust_000245,2026-07-09T00:00:00,576739.32,1,5,False,25.0,True,True,0,1.26,False,9,chronic_late_payer,automated_reminder,True,False,True,False,True
inv_000077,cust_001376,2026-01-18T00:00:00,87179.38,120,7,False,37.2,True,True,0,0.68,False,13,chronic_late_payer,escalate_to_collections,True,False,False,True,True
inv_000078,cust_001144,2026-01-28T00:00:00,511458.55,45,7,False,22.4,True,True,0,0.85,True,9,chronic_late_payer,automated_reminder,False,False,False,False,False
inv_000079,cust_000806,2026-02-24T00:00:00,47558.24,60,5,False,16.0,False,True,0,0.66,True,15,chronic_late_payer,automated_reminder,False,False,False,False,False
inv_000080,cust_000898,2026-06-17T00:00:00,13870.17,1,3,False,19.4,True,True,0,1.22,True,17,chronic_late_payer,do_nothing,True,True,False,False,True
inv_000081,cust_000514,2026-03-26T00:00:00,28705.07,60,1,False,24.5,False,True,0,0.53,True,16,chronic_late_payer,do_nothing,False,False,False,False,True
inv_000082,cust_000027,2026-03-13T00:00:00,75825.4,5,4,False,9.8,True,True,0,1.16,False,10,cash_flow_issue,automated_reminder_with_payment_plan_offer,True,True,True,True,True
inv_000083,cust_000985,2026-02-14T00:00:00,62745.86,120,4,True,10.1,True,True,0,9.22,True,15,dispute_pending,automated_reminder_with_payment_plan_offer,False,False,False,False,False
inv_000084,cust_001220,2026-03-13T00:00:00,17668.8,30,3,True,8.1,False,True,0,1.76,True,17,dispute_pending,automated_reminder,False,False,False,False,False
inv_000085,cust_001370,2026-02-11T00:00:00,31342.95,1,0,False,17.6,True,False,1,0.93,True,10,chronic_late_payer,escalate_to_collections,True,False,True,True,True
inv_000086,cust_000242,2026-04-16T00:00:00,12086.0,1,4,True,6.5,True,True,0,4.64,False,16,dispute_pending,escalate_to_collections,False,False,False,False,False
inv_000087,cust_000264,2026-02-25T00:00:00,14678.13,120,1,False,13.9,True,True,0,0.06,True,11,chronic_late_payer,automated_reminder,False,False,False,False,False
inv_000088,cust_001185,2026-02-10T00:00:00,6916.69,90,3,True,15.6,True,True,0,15.45,True,9,dispute_pending,do_nothing,False,False,False,False,False
inv_000089,cust_001046,2026-06-11T00:00:00,256249.02,15,3,False,12.4,True,True,0,3.08,False,9,cash_flow_issue,automated_reminder_with_payment_plan_offer,True,False,False,True,True
inv_000090,cust_000884,2026-07-10T00:00:00,744980.5,1,6,False,17.5,True,True,0,0.73,False,10,chronic_late_payer,do_nothing,True,True,True,True,False
inv_000091,cust_000744,2026-06-05T00:00:00,8922.86,45,2,True,7.4,True,False,0,7.16,True,14,dispute_pending,automated_reminder_with_payment_plan_offer,False,False,False,False,False
inv_000092,cust_000006,2026-03-14T00:00:00,50998.64,60,7,False,13.9,True,False,1,9.81,False,13,invoice_error,automated_reminder_with_payment_plan_offer,False,False,False,False,False
inv_000093,cust_000642,2026-06-19T00:00:00,11136.22,30,6,True,17.2,True,False,0,3.07,True,9,dispute_pending,automated_reminder_with_payment_plan_offer,False,False,False,False,False
inv_000094,cust_000056,2026-02-07T00:00:00,26291.72,120,4,True,8.4,True,True,0,9.56,True,17,dispute_pending,do_nothing,False,False,False,False,False
inv_000095,cust_000158,2026-05-13T00:00:00,75016.01,120,3,True,7.7,True,True,0,5.74,True,10,dispute_pending,automated_reminder_with_payment_plan_offer,False,False,False,False,True
inv_000096,cust_000315,2026-03-25T00:00:00,39705.62,60,8,False,20.5,True,True,0,0.17,False,10,chronic_late_payer,do_nothing,True,True,True,False,False
inv_000097,cust_000968,2026-05-09T00:00:00,48803.42,5,4,False,4.6,True,True,0,5.4,False,12,invoice_error,escalate_to_collections,False,False,False,False,False
inv_000098,cust_001398,2026-01-23T00:00:00,15430.65,60,6,False,10.2,True,False,0,3.68,True,14,invoice_error,escalate_to_collections,False,False,False,False,False
inv_000099,cust_000396,2026-04-04T00:00:00,92859.89,45,1,False,6.3,False,True,0,0.39,True,11,cash_flow_issue,do_nothing,True,True,False,False,True
inv_000100,cust_001283,2026-02-12T00:00:00,80061.02,30,0,False,4.7,False,True,0,0.93,True,17,cash_flow_issue,automated_reminder,True,False,True,False,False
inv_000101,cust_000438,2026-05-29T00:00:00,17063.85,5,2,False,6.7,False,True,2,10.41,False,13,invoice_error,automated_reminder,False,False,False,False,False
inv_000102,cust_000779,2026-05-09T00:00:00,12447.54,30,4,False,5.0,True,True,0,0.46,True,10,cash_flow_issue,do_nothing,False,False,True,True,False
inv_000103,cust_000287,2026-02-05T00:00:00,45478.04,1,1,False,5.4,True,True,0,2.23,True,14,cash_flow_issue,automated_reminder_with_payment_plan_offer,False,True,True,False,False
inv_000104,cust_000357,2026-06-04T00:00:00,96618.77,45,3,False,12.6,True,True,0,0.35,True,9,cash_flow_issue,automated_reminder,True,True,True,True,True
inv_000105,cust_001072,2026-04-09T00:00:00,48323.8,120,0,False,9.5,False,True,0,0.17,True,11,cash_flow_issue,do_nothing,False,False,True,True,False
inv_000106,cust_000803,2026-04-15T00:00:00,27228.71,15,4,False,7.1,True,False,2,14.87,False,12,invoice_error,escalate_to_collections,False,False,False,False,False
inv_000107,cust_000191,2026-04-04T00:00:00,1112750.8,1,0,False,8.6,False,True,0,2.4,True,11,cash_flow_issue,automated_reminder,True,False,True,True,True
inv_000108,cust_001155,2026-02-23T00:00:00,51272.46,1,5,False,8.7,True,True,0,1.42,True,9,cash_flow_issue,escalate_to_collections,False,False,False,True,False
inv_000109,cust_000242,2026-03-30T00:00:00,13263.67,90,3,False,36.8,True,True,0,0.71,True,12,chronic_late_payer,automated_reminder,False,False,False,True,False
inv_000110,cust_000559,2026-05-24T00:00:00,4500.38,1,5,False,27.1,True,True,0,0.63,False,10,chronic_late_payer,escalate_to_collections,False,False,True,False,False
inv_000111,cust_001472,2026-02-23T00:00:00,101290.31,60,3,False,6.9,False,True,0,0.81,True,14,cash_flow_issue,automated_reminder_with_payment_plan_offer,False,False,False,False,False
inv_000112,cust_000118,2026-06-07T00:00:00,23957.68,15,6,False,31.1,True,True,0,0.79,False,11,chronic_late_payer,escalate_to_collections,False,False,False,False,False
inv_000113,cust_000975,2026-03-29T00:00:00,17359.92,90,2,False,7.9,True,True,0,0.86,False,10,cash_flow_issue,automated_reminder,True,False,True,False,False
inv_000114,cust_000901,2026-01-13T00:00:00,72050.56,15,3,False,9.9,False,True,0,0.51,True,12,chronic_late_payer,escalate_to_collections,True,False,False,True,True
inv_000115,cust_000100,2026-03-24T00:00:00,95343.95,120,0,True,0.0,True,True,0,12.99,True,11,dispute_pending,automated_reminder,False,False,False,False,True
inv_000116,cust_001406,2026-06-02T00:00:00,26424.55,60,7,False,22.9,True,True,0,0.35,True,9,chronic_late_payer,automated_reminder,True,False,True,False,False
inv_000117,cust_001414,2026-01-11T00:00:00,97247.88,120,5,False,8.6,True,False,0,1.51,True,11,cash_flow_issue,automated_reminder,True,False,True,True,True
inv_000118,cust_001230,2026-01-01T00:00:00,103334.49,15,4,False,20.0,True,False,0,0.58,False,12,chronic_late_payer,do_nothing,True,True,False,True,True
inv_000119,cust_000466,2026-06-28T00:00:00,17127.93,120,2,False,10.3,False,True,1,1.89,True,16,cash_flow_issue,automated_reminder_with_payment_plan_offer,False,False,False,False,True
inv_000120,cust_000740,2026-05-20T00:00:00,34307.12,45,2,False,4.0,True,True,0,1.54,True,14,cash_flow_issue,escalate_to_collections,False,False,False,True,False
inv_000121,cust_001190,2026-03-29T00:00:00,262239.12,15,3,False,13.7,True,True,0,1.79,False,10,chronic_late_payer,escalate_to_collections,True,False,True,True,True
inv_000122,cust_000667,2026-04-04T00:00:00,100517.17,120,6,False,16.1,True,True,0,0.66,True,18,chronic_late_payer,automated_reminder_with_payment_plan_offer,False,False,False,False,False
inv_000123,cust_000763,2026-01-12T00:00:00,3000.0,45,8,False,19.2,False,True,0,1.32,True,11,chronic_late_payer,escalate_to_collections,True,True,True,True,True
inv_000124,cust_000740,2026-03-14T00:00:00,83320.94,1,2,False,34.5,True,True,0,1.15,False,14,chronic_late_payer,automated_reminder_with_payment_plan_offer,True,False,True,True,True
inv_000125,cust_000379,2026-04-21T00:00:00,27072.14,1,5,True,4.1,False,True,0,7.01,True,16,dispute_pending,automated_reminder,False,False,False,False,False
inv_000126,cust_001438,2026-03-13T00:00:00,29931.68,15,5,True,8.2,True,True,0,11.5,True,11,dispute_pending,automated_reminder_with_payment_plan_offer,False,False,False,False,False
inv_000127,cust_000514,2026-06-16T00:00:00,77324.82,120,1,False,7.0,False,True,0,0.24,True,9,cash_flow_issue,automated_reminder_with_payment_plan_offer,False,False,False,False,False
inv_000128,cust_001070,2026-01-29T00:00:00,35321.03,5,7,False,25.9,True,True,0,0.31,True,15,chronic_late_payer,do_nothing,False,False,True,True,True
inv_000129,cust_000019,2026-02-27T00:00:00,27020.86,15,6,False,33.6,False,True,1,0.73,True,11,chronic_late_payer,automated_reminder,True,False,True,True,False
inv_000130,cust_001499,2026-05-05T00:00:00,78909.53,30,3,False,6.3,True,True,1,1.33,True,10,cash_flow_issue,automated_reminder,True,False,True,True,False
inv_000131,cust_000708,2026-05-18T00:00:00,4652.47,90,5,False,30.9,True,True,0,1.23,True,9,chronic_late_payer,automated_reminder,True,False,True,False,True
inv_000132,cust_000648,2026-05-17T00:00:00,7395.83,1,2,True,10.1,True,True,0,4.32,True,13,dispute_pending,do_nothing,False,False,False,True,False
inv_000133,cust_001364,2026-06-23T00:00:00,65263.54,5,1,False,5.9,True,True,0,1.33,True,17,cash_flow_issue,escalate_to_collections,False,True,True,False,False
inv_000134,cust_000423,2026-04-19T00:00:00,30684.04,120,4,False,7.2,False,True,0,0.5,True,15,cash_flow_issue,escalate_to_collections,False,False,False,False,False
inv_000135,cust_000225,2026-03-19T00:00:00,34304.17,5,3,False,0.6,False,True,1,0.81,True,15,cash_flow_issue,automated_reminder,True,True,True,True,True
inv_000136,cust_000149,2026-04-16T00:00:00,15416.94,5,0,False,3.8,False,True,0,0.3,False,12,cash_flow_issue,automated_reminder_with_payment_plan_offer,False,False,False,False,False
inv_000137,cust_000720,2026-04-23T00:00:00,21005.31,30,1,False,3.0,True,True,0,1.34,False,13,cash_flow_issue,do_nothing,True,True,False,True,True
inv_000138,cust_000691,2026-05-31T00:00:00,3383.45,1,2,False,14.4,False,True,1,0.96,True,14,chronic_late_payer,automated_reminder_with_payment_plan_offer,False,False,False,False,False
inv_000139,cust_000830,2026-01-20T00:00:00,514921.08,120,6,False,18.8,True,True,0,0.03,True,11,cash_flow_issue,do_nothing,False,False,False,False,True
inv_000140,cust_000825,2026-06-17T00:00:00,76899.39,120,6,False,8.6,True,True,0,6.59,False,11,invoice_error,do_nothing,False,False,False,False,False
inv_000141,cust_000010,2026-03-15T00:00:00,5281.03,30,0,True,4.3,True,True,0,8.89,True,18,dispute_pending,automated_reminder,False,False,False,False,False
inv_000142,cust_000589,2026-04-20T00:00:00,70553.02,60,7,False,16.7,True,True,0,1.7,True,10,cash_flow_issue,automated_reminder_with_payment_plan_offer,True,True,False,True,True
inv_000143,cust_000574,2026-04-07T00:00:00,95072.65,15,6,False,10.9,True,True,0,1.4,False,11,cash_flow_issue,automated_reminder_with_payment_plan_offer,True,False,True,True,True
inv_000144,cust_000257,2026-02-13T00:00:00,141735.94,45,5,False,14.5,True,True,0,0.26,False,14,cash_flow_issue,automated_reminder_with_payment_plan_offer,True,False,False,True,False
inv_000145,cust_000892,2026-03-04T00:00:00,1187431.05,30,6,False,5.5,True,True,0,0.39,True,12,cash_flow_issue,escalate_to_collections,False,False,False,True,False
inv_000146,cust_000662,2026-04-21T00:00:00,45990.8,60,0,False,9.2,True,False,2,11.67,False,17,invoice_error,escalate_to_collections,False,False,False,False,False
inv_000147,cust_000901,2026-03-31T00:00:00,48566.1,45,3,False,18.9,False,True,0,0.62,False,18,chronic_late_payer,automated_reminder,False,False,False,False,False
inv_000148,cust_000402,2026-01-20T00:00:00,35357.0,1,0,False,8.0,True,True,0,0.0,True,17,cash_flow_issue,escalate_to_collections,False,False,False,False,False
inv_000149,cust_000357,2026-05-10T00:00:00,80536.88,45,3,False,7.1,False,True,0,0.72,False,13,cash_flow_issue,automated_reminder,True,False,True,True,False
inv_000150,cust_000509,2026-04-19T00:00:00,58244.01,5,8,False,26.5,True,True,0,1.05,True,15,chronic_late_payer,automated_reminder_with_payment_plan_offer,True,False,False,True,False
inv_000151,cust_000574,2026-02-25T00:00:00,97906.55,5,6,False,5.8,True,True,0,1.36,True,16,cash_flow_issue,automated_reminder_with_payment_plan_offer,False,False,False,False,False
inv_000152,cust_001352,2026-06-10T00:00:00,11896.32,15,5,False,7.2,True,True,0,0.78,True,11,chronic_late_payer,do_nothing,True,True,True,True,True
inv_000153,cust_000693,2026-05-11T00:00:00,28550.37,30,3,True,5.3,True,True,0,1.77,True,10,dispute_pending,automated_reminder,False,False,False,False,False
inv_000154,cust_000740,2026-06-17T00:00:00,90968.5,90,5,False,19.4,True,True,0,0.33,True,12,chronic_late_payer,do_nothing,False,False,True,True,True
inv_000155,cust_000077,2026-02-17T00:00:00,5664.05,1,8,False,18.1,False,True,0,7.86,True,18,dispute_pending,do_nothing,False,False,False,False,False
inv_000156,cust_001222,2026-05-26T00:00:00,45418.73,15,4,False,8.2,True,True,0,0.98,True,13,chronic_late_payer,automated_reminder,False,False,False,False,False
inv_000157,cust_001327,2026-03-11T00:00:00,20771.59,90,1,False,7.3,False,True,1,1.38,True,12,cash_flow_issue,automated_reminder_with_payment_plan_offer,True,False,True,True,True
inv_000158,cust_001465,2026-02-26T00:00:00,18576.52,30,1,True,4.9,True,True,0,10.2,True,18,dispute_pending,automated_reminder_with_payment_plan_offer,False,False,False,False,False
inv_000159,cust_001468,2026-04-08T00:00:00,35000.12,15,5,False,8.9,False,True,0,0.8,True,11,cash_flow_issue,escalate_to_collections,False,False,False,False,False
inv_000160,cust_000577,2026-03-15T00:00:00,32082.94,15,2,False,4.9,True,True,0,0.46,True,10,cash_flow_issue,automated_reminder_with_payment_plan_offer,True,False,True,True,False
inv_000161,cust_001430,2026-02-03T00:00:00,84356.19,30,2,False,0.0,True,False,0,4.21,False,17,invoice_error,escalate_to_collections,False,False,False,False,False
inv_000162,cust_000110,2026-07-05T00:00:00,8499.08,45,2,False,25.7,False,True,0,0.31,False,17,chronic_late_payer,do_nothing,True,True,False,False,False
inv_000163,cust_000990,2026-07-03T00:00:00,32300.24,5,2,False,14.1,False,True,0,1.08,True,15,cash_flow_issue,do_nothing,False,False,True,False,False
inv_000164,cust_001050,2026-05-18T00:00:00,66011.22,90,0,False,9.4,False,True,0,2.1,False,18,invoice_error,do_nothing,False,False,False,False,False
inv_000165,cust_000131,2026-05-15T00:00:00,61345.25,30,6,False,21.6,False,True,0,0.62,True,17,chronic_late_payer,do_nothing,False,False,True,False,False
inv_000166,cust_000477,2026-07-13T00:00:00,9601.76,15,0,False,9.7,False,True,0,0.3,True,9,cash_flow_issue,escalate_to_collections,True,False,True,False,True
inv_000167,cust_000409,2026-06-17T00:00:00,10461.08,1,0,False,13.0,False,True,0,0.27,True,14,cash_flow_issue,do_nothing,False,False,True,True,False
inv_000168,cust_000579,2026-07-02T00:00:00,451630.47,120,3,False,18.9,False,True,0,0.83,True,16,chronic_late_payer,escalate_to_collections,True,False,False,False,True
inv_000169,cust_001199,2026-07-05T00:00:00,49979.82,5,6,False,23.8,True,True,0,0.72,False,16,chronic_late_payer,escalate_to_collections,False,False,True,True,False
inv_000170,cust_001033,2026-06-25T00:00:00,1570848.24,1,0,False,17.5,False,True,0,0.46,False,15,chronic_late_payer,do_nothing,True,True,False,False,False
inv_000171,cust_000413,2026-04-05T00:00:00,5024.28,5,7,False,35.4,False,True,0,0.85,True,17,chronic_late_payer,automated_reminder,True,True,True,True,True
inv_000172,cust_001257,2026-04-20T00:00:00,197374.71,60,8,False,24.0,True,True,0,0.77,False,11,chronic_late_payer,do_nothing,False,False,False,False,False
inv_000173,cust_000914,2026-02-27T00:00:00,19441.64,5,4,False,10.7,True,True,0,1.42,True,13,cash_flow_issue,escalate_to_collections,False,False,False,True,False
inv_000174,cust_000637,2026-05-04T00:00:00,184588.61,5,1,False,9.3,False,True,0,0.36,False,11,cash_flow_issue,escalate_to_collections,True,False,True,True,True
inv_000175,cust_000052,2026-03-22T00:00:00,9419.45,5,0,False,0.5,False,True,0,0.46,False,17,cash_flow_issue,escalate_to_collections,False,True,True,True,False
inv_000176,cust_000480,2026-07-05T00:00:00,10018.47,5,1,False,10.0,True,True,0,0.27,True,12,cash_flow_issue,do_nothing,True,True,True,True,True
inv_000177,cust_000815,2026-03-21T00:00:00,37227.15,60,3,False,9.2,True,True,0,0.93,True,14,cash_flow_issue,do_nothing,False,False,True,False,True
inv_000178,cust_001369,2026-01-25T00:00:00,52368.78,90,5,False,11.5,False,True,0,0.48,True,12,cash_flow_issue,automated_reminder_with_payment_plan_offer,True,False,True,True,True
inv_000179,cust_000079,2026-02-01T00:00:00,7499.96,5,0,False,9.6,True,True,0,1.35,True,13,cash_flow_issue,automated_reminder,False,False,False,False,True
inv_000180,cust_001255,2026-04-30T00:00:00,29333.19,30,0,True,0.0,False,True,0,3.46,True,9,dispute_pending,automated_reminder,False,False,False,False,False
inv_000181,cust_000376,2026-01-28T00:00:00,26440.41,60,5,False,28.8,True,True,0,1.28,False,17,chronic_late_payer,do_nothing,False,False,False,False,True
inv_000182,cust_000561,2026-04-23T00:00:00,7340.57,5,3,False,26.3,False,True,0,0.9,True,11,chronic_late_payer,escalate_to_collections,True,False,True,False,True
inv_000183,cust_000428,2026-04-25T00:00:00,14349.0,5,2,False,2.7,False,True,0,0.69,True,9,cash_flow_issue,automated_reminder_with_payment_plan_offer,False,False,False,False,False
inv_000184,cust_001445,2026-05-31T00:00:00,40499.1,90,1,False,7.6,True,True,0,1.16,True,12,cash_flow_issue,escalate_to_collections,True,False,False,False,True
inv_000185,cust_001420,2026-05-08T00:00:00,51415.24,60,4,False,6.7,False,True,0,0.78,True,17,cash_flow_issue,automated_reminder_with_payment_plan_offer,True,True,True,True,True
inv_000186,cust_001121,2026-05-25T00:00:00,26726.44,90,5,False,16.2,True,False,0,0.08,True,11,chronic_late_payer,escalate_to_collections,True,False,False,False,True
inv_000187,cust_000007,2026-07-12T00:00:00,1196147.76,45,6,False,12.2,True,True,0,0.83,False,11,chronic_late_payer,automated_reminder_with_payment_plan_offer,False,False,False,False,False
inv_000188,cust_000631,2026-05-01T00:00:00,501752.48,60,5,False,5.1,True,True,0,2.29,False,15,cash_flow_issue,do_nothing,False,False,True,True,True
inv_000189,cust_000648,2026-05-15T00:00:00,7854.38,5,2,False,22.1,True,True,0,0.14,False,12,chronic_late_payer,automated_reminder_with_payment_plan_offer,False,False,False,False,False
inv_000190,cust_000118,2026-02-27T00:00:00,35322.84,5,2,True,8.0,True,True,1,3.33,True,12,dispute_pending,escalate_to_collections,True,False,False,False,True
inv_000191,cust_000790,2026-05-06T00:00:00,870416.16,120,6,False,6.7,True,True,0,0.2,True,17,chronic_late_payer,automated_reminder_with_payment_plan_offer,False,False,False,False,True
inv_000192,cust_000845,2026-03-22T00:00:00,39735.04,1,1,False,0.1,True,False,0,7.79,False,9,invoice_error,do_nothing,False,False,False,False,False
inv_000193,cust_001019,2026-01-09T00:00:00,66816.83,15,1,False,4.1,True,True,0,2.76,True,10,cash_flow_issue,escalate_to_collections,True,False,False,True,True
inv_000194,cust_000195,2026-07-16T00:00:00,165814.08,1,2,False,2.1,True,True,0,0.96,True,14,cash_flow_issue,automated_reminder_with_payment_plan_offer,False,False,False,False,False
inv_000195,cust_001389,2026-02-02T00:00:00,10288.6,5,1,False,1.0,False,True,0,0.43,True,10,cash_flow_issue,do_nothing,False,False,False,False,True
inv_000196,cust_001160,2026-05-25T00:00:00,3000.0,45,5,False,20.8,False,True,1,0.66,True,15,chronic_late_payer,escalate_to_collections,True,True,True,True,True
inv_000197,cust_000274,2026-07-18T00:00:00,94062.39,60,3,False,32.5,True,True,0,0.52,True,9,chronic_late_payer,automated_reminder_with_payment_plan_offer,True,False,False,True,False
inv_000198,cust_000381,2026-05-06T00:00:00,17784.3,45,0,False,6.1,True,True,0,1.32,True,17,cash_flow_issue,do_nothing,False,False,False,True,True
inv_000199,cust_001060,2026-06-02T00:00:00,34905.77,60,3,False,8.6,True,True,0,1.23,True,11,cash_flow_issue,do_nothing,False,False,False,False,False
inv_000200,cust_000313,2026-06-06T00:00:00,10634.47,30,0,False,0.0,True,True,0,0.24,True,13,cash_flow_issue,do_nothing,False,False,False,False,False
inv_000201,cust_000357,2026-02-04T00:00:00,67888.07,15,5,False,24.7,True,True,1,0.08,True,9,chronic_late_payer,escalate_to_collections,True,False,True,True,True
inv_000202,cust_000287,2026-02-26T00:00:00,59150.01,45,6,False,13.3,True,True,0,1.34,False,14,cash_flow_issue,automated_reminder_with_payment_plan_offer,True,False,True,True,True
inv_000203,cust_000529,2026-03-01T00:00:00,5556.3,30,0,False,8.0,True,True,0,1.43,True,18,chronic_late_payer,do_nothing,True,True,False,True,True
inv_000204,cust_000499,2026-07-01T00:00:00,63687.58,1,3,False,10.2,False,True,0,0.46,True,14,cash_flow_issue,automated_reminder,True,False,True,False,False
inv_000205,cust_000306,2026-05-13T00:00:00,721623.85,15,6,False,10.3,False,True,0,5.04,False,11,invoice_error,automated_reminder,False,False,False,False,False
inv_000206,cust_000798,2026-03-18T00:00:00,34751.72,45,1,False,15.3,True,True,0,0.46,True,15,chronic_late_payer,do_nothing,False,False,True,True,True
inv_000207,cust_001117,2026-01-24T00:00:00,249729.34,90,3,False,0.0,True,True,0,17.02,False,11,invoice_error,escalate_to_collections,False,False,False,False,False
inv_000208,cust_001117,2026-05-09T00:00:00,366406.64,30,3,False,8.6,False,True,0,0.27,True,11,cash_flow_issue,escalate_to_collections,False,False,False,False,False
inv_000209,cust_000757,2026-02-26T00:00:00,14068.67,90,2,False,10.5,False,True,0,1.74,False,14,chronic_late_payer,automated_reminder_with_payment_plan_offer,False,False,True,False,False
inv_000210,cust_000845,2026-06-06T00:00:00,23977.62,60,1,False,10.5,True,False,0,0.79,True,13,cash_flow_issue,automated_reminder,True,True,True,True,True
inv_000211,cust_001222,2026-02-19T00:00:00,63277.13,30,4,False,12.4,True,True,0,0.33,True,13,cash_flow_issue,automated_reminder_with_payment_plan_offer,False,False,False,False,False
inv_000212,cust_000702,2026-04-23T00:00:00,3979.33,1,2,True,7.7,False,True,0,7.05,True,14,dispute_pending,do_nothing,False,False,False,False,False
inv_000213,cust_000661,2026-07-17T00:00:00,30573.28,1,3,False,4.7,True,True,0,1.29,True,9,dispute_pending,escalate_to_collections,True,False,False,False,True
inv_000214,cust_001288,2026-03-20T00:00:00,64738.83,30,4,False,2.3,True,False,0,0.0,True,17,cash_flow_issue,automated_reminder,False,False,False,False,False
inv_000215,cust_001438,2026-06-06T00:00:00,47330.26,30,5,False,9.4,False,True,0,2.53,False,18,invoice_error,automated_reminder_with_payment_plan_offer,False,False,False,False,False
inv_000216,cust_000806,2026-02-18T00:00:00,50204.42,120,4,False,1.7,False,True,0,1.57,True,17,cash_flow_issue,automated_reminder,False,False,False,True,True
inv_000217,cust_001103,2026-05-23T00:00:00,51996.07,30,4,True,4.0,False,True,1,0.36,True,13,dispute_pending,escalate_to_collections,False,False,False,False,False
inv_000218,cust_001427,2026-01-28T00:00:00,33415.23,30,3,False,5.8,True,True,0,0.65,True,18,cash_flow_issue,do_nothing,False,False,True,False,False
inv_000219,cust_000505,2026-07-16T00:00:00,49423.39,15,6,False,5.1,False,True,0,2.12,False,14,dispute_pending,automated_reminder,False,False,False,False,False
inv_000220,cust_000753,2026-05-09T00:00:00,5818.01,45,4,False,7.3,True,True,0,0.31,True,12,cash_flow_issue,automated_reminder,False,False,False,False,True
inv_000221,cust_000664,2026-01-12T00:00:00,16132.08,30,5,False,17.9,True,True,0,1.32,True,13,chronic_late_payer,automated_reminder,True,False,True,False,True
inv_000222,cust_000792,2026-04-18T00:00:00,40170.22,5,1,False,12.6,True,True,0,0.1,False,18,chronic_late_payer,escalate_to_collections,True,True,False,True,True
inv_000223,cust_001465,2026-04-23T00:00:00,12483.45,15,1,False,4.5,False,True,0,0.5,True,16,cash_flow_issue,escalate_to_collections,True,False,True,True,True
inv_000224,cust_000747,2026-03-15T00:00:00,69580.58,1,3,False,6.6,False,True,0,2.06,False,18,cash_flow_issue,do_nothing,False,False,False,False,False
inv_000225,cust_001376,2026-06-23T00:00:00,88491.93,15,5,False,5.0,True,False,0,0.09,True,13,cash_flow_issue,escalate_to_collections,False,False,False,False,False
inv_000226,cust_000790,2026-04-01T00:00:00,639903.15,5,4,False,11.5,True,True,0,1.15,True,17,cash_flow_issue,automated_reminder_with_payment_plan_offer,False,False,False,False,False
inv_000227,cust_000168,2026-01-09T00:00:00,59486.24,90,6,False,8.2,True,True,0,0.6,True,12,cash_flow_issue,automated_reminder,True,False,True,False,True
inv_000228,cust_000803,2026-01-26T00:00:00,65269.16,90,4,False,11.6,True,True,0,0.31,True,10,cash_flow_issue,automated_reminder_with_payment_plan_offer,True,False,False,True,False
inv_000229,cust_001002,2026-06-25T00:00:00,14778.94,1,8,False,21.5,False,True,0,2.84,True,14,chronic_late_payer,automated_reminder,True,False,True,True,False
inv_000230,cust_000459,2026-01-05T00:00:00,877963.84,30,1,False,8.6,True,True,0,0.69,True,15,cash_flow_issue,automated_reminder,False,False,False,True,True
inv_000231,cust_000212,2026-02-02T00:00:00,56833.92,5,5,False,16.8,True,True,0,1.41,False,13,chronic_late_payer,automated_reminder_with_payment_plan_offer,False,False,False,False,False
inv_000232,cust_000997,2026-06-24T00:00:00,33943.97,30,4,False,13.0,True,True,1,0.64,True,17,chronic_late_payer,automated_reminder_with_payment_plan_offer,True,True,True,True,True
inv_000233,cust_000466,2026-04-30T00:00:00,76204.32,1,2,True,8.1,True,True,0,7.18,True,9,dispute_pending,do_nothing,False,False,False,False,False
inv_000234,cust_000590,2026-04-16T00:00:00,42128.01,15,3,False,7.2,True,True,1,16.16,False,17,invoice_error,escalate_to_collections,False,False,False,False,False
inv_000235,cust_000506,2026-01-16T00:00:00,23629.85,5,7,False,18.4,True,True,0,1.21,False,16,chronic_late_payer,automated_reminder_with_payment_plan_offer,False,False,True,False,True
inv_000236,cust_000662,2026-01-30T00:00:00,29798.0,1,0,False,3.6,False,True,0,1.19,True,12,cash_flow_issue,automated_reminder_with_payment_plan_offer,False,False,False,False,True
inv_000237,cust_001235,2026-07-15T00:00:00,28461.09,5,3,False,2.1,False,True,0,0.18,True,16,cash_flow_issue,automated_reminder,False,False,False,False,True
inv_000238,cust_000559,2026-05-27T00:00:00,7941.26,1,6,False,13.7,True,True,0,1.92,True,13,chronic_late_payer,automated_reminder,False,False,False,True,False
inv_000239,cust_001034,2026-03-04T00:00:00,82916.05,1,6,False,28.3,False,True,0,0.84,False,17,chronic_late_payer,do_nothing,False,False,False,False,False
inv_000240,cust_000960,2026-07-17T00:00:00,102530.87,120,6,False,10.9,False,True,0,2.13,True,16,invoice_error,automated_reminder,False,False,False,False,False
inv_000241,cust_000244,2026-03-25T00:00:00,20041.6,60,5,False,6.4,True,True,0,0.29,True,12,cash_flow_issue,do_nothing,True,True,False,True,False
inv_000242,cust_000547,2026-02-05T00:00:00,53763.8,5,4,False,16.8,False,True,0,2.22,True,14,chronic_late_payer,escalate_to_collections,False,False,False,False,False
inv_000243,cust_000751,2026-04-02T00:00:00,23635.34,5,2,False,6.7,True,True,0,1.03,True,9,cash_flow_issue,do_nothing,False,False,False,True,True
inv_000244,cust_000731,2026-05-10T00:00:00,416441.07,15,2,False,19.0,False,True,1,1.16,False,13,chronic_late_payer,escalate_to_collections,True,False,True,True,True
inv_000245,cust_000244,2026-01-28T00:00:00,74328.99,15,4,False,18.3,True,True,0,1.7,True,15,chronic_late_payer,automated_reminder_with_payment_plan_offer,False,False,False,False,False
inv_000246,cust_001187,2026-04-26T00:00:00,72035.95,15,0,True,2.5,False,True,0,0.56,True,18,dispute_pending,automated_reminder,False,False,False,False,False
inv_000247,cust_000514,2026-06-13T00:00:00,36005.53,15,1,False,10.3,False,True,0,0.39,True,18,cash_flow_issue,escalate_to_collections,False,False,False,False,False
inv_000248,cust_001271,2026-01-26T00:00:00,23315.77,1,5,False,8.1,True,True,0,0.1,False,15,cash_flow_issue,do_nothing,True,True,True,True,True
inv_000249,cust_001236,2026-02-18T00:00:00,18861.31,90,5,True,8.2,True,True,1,9.67,True,11,dispute_pending,escalate_to_collections,False,False,False,False,False
inv_000250,cust_001027,2026-05-20T00:00:00,32159.11,15,0,False,5.6,True,True,0,0.1,False,9,chronic_late_payer,automated_reminder_with_payment_plan_offer,True,True,True,True,True
inv_000251,cust_001406,2026-03-15T00:00:00,19510.83,30,3,False,25.0,True,True,0,0.02,False,15,chronic_late_payer,automated_reminder,True,False,True,True,False
inv_000252,cust_001471,2026-06-02T00:00:00,20227.85,5,0,False,11.1,True,True,0,1.56,False,13,chronic_late_payer,automated_reminder_with_payment_plan_offer,False,False,True,False,False
inv_000253,cust_000191,2026-04-15T00:00:00,757451.66,15,0,False,8.7,True,False,0,8.38,False,10,invoice_error,escalate_to_collections,False,False,False,False,False
inv_000254,cust_000339,2026-04-27T00:00:00,102961.7,90,4,False,16.4,False,True,0,0.3,True,11,chronic_late_payer,automated_reminder_with_payment_plan_offer,True,False,False,True,False
inv_000255,cust_000559,2026-04-09T00:00:00,8743.69,60,3,False,6.6,True,True,0,1.32,True,16,dispute_pending,escalate_to_collections,False,False,False,False,False
inv_000256,cust_000034,2026-02-17T00:00:00,10435.47,15,0,False,8.3,True,True,0,0.11,True,15,cash_flow_issue,automated_reminder,True,True,True,True,True
inv_000257,cust_001235,2026-05-25T00:00:00,53506.89,30,3,False,9.3,True,True,0,0.16,False,18,cash_flow_issue,escalate_to_collections,True,True,False,True,True
inv_000258,cust_001186,2026-02-28T00:00:00,16474.35,30,4,False,25.2,True,True,0,0.08,True,16,chronic_late_payer,escalate_to_collections,False,False,True,False,False
inv_000259,cust_000267,2026-02-18T00:00:00,47139.66,45,1,True,6.3,True,True,0,0.7,True,14,dispute_pending,automated_reminder,False,False,False,False,False
inv_000260,cust_000109,2026-04-30T00:00:00,54040.43,15,4,False,7.0,True,True,0,7.5,False,11,invoice_error,automated_reminder_with_payment_plan_offer,False,False,False,False,False
inv_000261,cust_001336,2026-03-05T00:00:00,31829.74,30,3,False,6.7,True,True,1,2.67,True,17,dispute_pending,do_nothing,False,False,False,False,False
inv_000262,cust_000771,2026-01-15T00:00:00,6886.59,15,0,False,11.7,True,True,0,0.14,True,17,chronic_late_payer,do_nothing,True,True,True,True,True
inv_000263,cust_001037,2026-06-16T00:00:00,21637.31,30,2,False,3.1,True,True,0,0.24,False,13,cash_flow_issue,do_nothing,False,False,False,True,False
inv_000264,cust_000357,2026-06-22T00:00:00,65825.63,60,3,False,8.7,True,True,0,0.26,True,11,cash_flow_issue,escalate_to_collections,True,False,False,False,True
inv_000265,cust_000675,2026-01-20T00:00:00,28396.06,15,3,False,4.3,False,True,0,0.12,True,11,cash_flow_issue,automated_reminder,False,False,False,True,False
inv_000266,cust_001288,2026-05-14T00:00:00,65438.95,5,4,False,16.7,False,True,0,1.05,True,11,cash_flow_issue,automated_reminder_with_payment_plan_offer,False,False,True,False,False
inv_000267,cust_000377,2026-07-12T00:00:00,5239.53,15,2,False,9.8,False,True,0,0.4,False,9,cash_flow_issue,do_nothing,False,False,False,False,False
inv_000268,cust_000208,2026-01-28T00:00:00,58741.0,90,7,False,19.7,True,True,0,0.41,True,15,chronic_late_payer,escalate_to_collections,True,True,True,True,True
inv_000269,cust_000361,2026-06-16T00:00:00,24285.32,1,0,True,6.0,True,True,0,2.46,True,11,dispute_pending,escalate_to_collections,False,False,False,False,False
inv_000270,cust_001431,2026-03-08T00:00:00,41238.62,120,7,False,27.2,True,True,0,0.74,True,14,chronic_late_payer,escalate_to_collections,True,False,False,False,True
inv_000271,cust_001382,2026-03-16T00:00:00,38903.8,5,2,False,8.4,True,True,0,0.59,True,13,cash_flow_issue,automated_reminder,True,False,True,True,False
inv_000272,cust_000586,2026-05-31T00:00:00,52917.49,30,0,False,17.0,False,True,0,1.49,False,16,chronic_late_payer,do_nothing,False,False,False,True,False
inv_000273,cust_001480,2026-07-13T00:00:00,44924.65,30,4,False,7.3,False,True,0,0.9,True,10,cash_flow_issue,escalate_to_collections,False,False,False,False,False
inv_000274,cust_000038,2026-01-25T00:00:00,60267.88,1,0,False,15.5,True,True,0,0.64,False,15,chronic_late_payer,escalate_to_collections,True,True,True,False,True
inv_000275,cust_000378,2026-05-07T00:00:00,62958.28,90,6,False,29.2,True,True,0,2.31,True,11,chronic_late_payer,escalate_to_collections,True,False,False,False,True
inv_000276,cust_000368,2026-01-23T00:00:00,31963.77,15,4,True,9.5,True,True,1,3.23,True,14,dispute_pending,automated_reminder,False,False,False,False,True
inv_000277,cust_000076,2026-02-15T00:00:00,10260.68,5,5,False,9.6,True,True,0,1.28,True,13,cash_flow_issue,automated_reminder_with_payment_plan_offer,True,False,False,True,False
inv_000278,cust_000650,2026-07-05T00:00:00,55689.51,120,1,True,9.3,True,False,0,6.44,True,11,dispute_pending,do_nothing,False,False,False,False,False
inv_000279,cust_000433,2026-06-24T00:00:00,12997.93,15,3,False,1.4,True,True,0,0.15,True,15,chronic_late_payer,do_nothing,False,False,True,True,True
inv_000280,cust_000777,2026-03-19T00:00:00,30916.45,90,3,False,25.6,True,True,0,0.44,False,17,chronic_late_payer,escalate_to_collections,False,False,False,False,False
inv_000281,cust_000558,2026-01-12T00:00:00,12045.47,30,3,False,13.0,False,True,0,1.83,True,16,chronic_late_payer,escalate_to_collections,False,True,False,False,False
inv_000282,cust_000197,2026-01-28T00:00:00,58568.44,1,4,False,5.5,True,True,0,0.65,True,17,cash_flow_issue,do_nothing,False,False,True,True,True
inv_000283,cust_000109,2026-03-01T00:00:00,27623.22,15,1,False,12.6,True,True,0,0.64,False,12,cash_flow_issue,automated_reminder_with_payment_plan_offer,True,True,False,True,True
inv_000284,cust_000394,2026-04-27T00:00:00,9320.18,30,4,False,11.2,True,True,0,0.74,False,17,cash_flow_issue,do_nothing,False,False,False,False,True
inv_000285,cust_001056,2026-03-14T00:00:00,43874.13,15,2,False,5.1,False,True,0,0.09,True,14,cash_flow_issue,automated_reminder_with_payment_plan_offer,True,True,True,True,True
inv_000286,cust_000673,2026-02-07T00:00:00,29534.45,1,0,False,1.3,False,True,0,0.17,False,12,cash_flow_issue,automated_reminder_with_payment_plan_offer,True,False,True,True,True
inv_000287,cust_001073,2026-01-30T00:00:00,6696.26,5,1,True,2.1,False,True,0,15.84,True,13,dispute_pending,automated_reminder_with_payment_plan_offer,False,False,False,False,False
inv_000288,cust_001389,2026-06-15T00:00:00,5167.23,90,3,False,27.7,True,True,0,1.74,True,14,chronic_late_payer,do_nothing,False,False,False,False,False
inv_000289,cust_000679,2026-04-19T00:00:00,166549.85,5,5,False,11.0,True,False,0,0.88,True,18,cash_flow_issue,automated_reminder_with_payment_plan_offer,False,False,True,False,True
inv_000290,cust_000466,2026-06-03T00:00:00,67840.55,5,2,False,22.8,True,False,0,1.52,False,11,chronic_late_payer,automated_reminder,False,False,False,True,False
inv_000291,cust_001486,2026-07-04T00:00:00,75336.05,30,5,False,5.8,True,True,2,19.27,False,16,invoice_error,automated_reminder_with_payment_plan_offer,False,False,False,False,False
inv_000292,cust_000845,2026-06-11T00:00:00,18774.89,1,1,False,0.4,False,True,2,1.94,True,10,invoice_error,automated_reminder,False,False,False,False,False
inv_000293,cust_001002,2026-07-16T00:00:00,42922.58,30,0,False,7.5,True,True,0,0.92,True,12,cash_flow_issue,escalate_to_collections,True,False,True,True,True
inv_000294,cust_000497,2026-04-20T00:00:00,9925.13,30,5,False,5.3,True,True,0,1.21,False,16,cash_flow_issue,escalate_to_collections,False,False,True,True,False
inv_000295,cust_001238,2026-06-18T00:00:00,8923.77,1,0,False,0.0,True,True,0,7.71,True,17,dispute_pending,automated_reminder_with_payment_plan_offer,False,False,False,False,False
inv_000296,cust_000372,2026-03-14T00:00:00,34070.21,15,8,False,10.7,False,True,0,0.22,True,15,chronic_late_payer,do_nothing,False,False,False,False,False
inv_000297,cust_000511,2026-03-04T00:00:00,99228.25,45,4,False,29.1,False,True,0,0.45,True,18,chronic_late_payer,automated_reminder,False,False,False,False,False
inv_000298,cust_001032,2026-04-24T00:00:00,35062.63,5,3,True,7.2,False,True,0,11.5,True,11,dispute_pending,escalate_to_collections,False,False,False,False,False
inv_000299,cust_001369,2026-03-23T00:00:00,12382.42,5,8,False,27.8,True,True,0,0.96,False,17,chronic_late_payer,escalate_to_collections,False,False,True,True,False
inv_000300,cust_000734,2026-03-28T00:00:00,6782.07,45,3,False,4.0,True,True,0,1.92,True,15,dispute_pending,automated_reminder_with_payment_plan_offer,True,False,False,True,True
inv_000301,cust_001218,2026-06-16T00:00:00,30911.76,1,0,False,2.9,True,True,0,1.63,True,11,dispute_pending,automated_reminder_with_payment_plan_offer,False,False,False,False,False
inv_000302,cust_000701,2026-02-17T00:00:00,12775.17,30,3,False,17.8,False,True,0,0.8,True,12,chronic_late_payer,do_nothing,True,True,True,True,True
inv_000303,cust_000757,2026-05-02T00:00:00,10132.32,1,2,False,7.1,True,True,0,0.65,True,11,cash_flow_issue,automated_reminder_with_payment_plan_offer,True,True,False,True,True
inv_000304,cust_000357,2026-03-18T00:00:00,18883.4,45,3,False,7.2,False,True,0,1.17,True,10,cash_flow_issue,automated_reminder,False,False,False,True,True
inv_000305,cust_001390,2026-03-22T00:00:00,51207.15,15,0,False,22.3,False,True,0,0.19,True,17,chronic_late_payer,do_nothing,False,False,True,True,True
inv_000306,cust_000693,2026-04-03T00:00:00,59362.73,30,6,False,17.7,False,True,0,2.36,True,12,chronic_late_payer,do_nothing,False,False,False,False,False
inv_000307,cust_000777,2026-07-03T00:00:00,42828.44,120,4,False,26.6,True,True,1,0.28,False,12,chronic_late_payer,automated_reminder_with_payment_plan_offer,False,False,False,False,True
inv_000308,cust_001352,2026-01-31T00:00:00,9906.54,15,5,False,7.1,True,False,1,7.0,False,11,invoice_error,automated_reminder_with_payment_plan_offer,False,False,False,False,False
inv_000309,cust_000594,2026-03-19T00:00:00,6456.88,90,3,False,18.2,True,True,0,0.33,True,11,chronic_late_payer,automated_reminder,True,False,True,False,False
inv_000310,cust_001383,2026-01-26T00:00:00,3000.0,5,0,False,5.6,True,True,0,0.24,False,18,cash_flow_issue,escalate_to_collections,True,False,True,True,True
inv_000311,cust_001142,2026-01-11T00:00:00,68511.8,5,0,False,4.6,True,True,0,1.02,True,11,cash_flow_issue,do_nothing,False,False,True,True,False
inv_000312,cust_000207,2026-01-27T00:00:00,372372.42,60,1,False,1.3,True,True,1,3.99,True,9,dispute_pending,automated_reminder_with_payment_plan_offer,False,False,False,False,False
inv_000313,cust_000846,2026-07-02T00:00:00,9699.28,45,2,False,9.0,True,True,0,0.12,False,12,chronic_late_payer,automated_reminder_with_payment_plan_offer,False,False,False,False,False
inv_000314,cust_001034,2026-04-22T00:00:00,86708.26,30,1,False,16.3,True,True,0,0.04,False,16,chronic_late_payer,escalate_to_collections,True,True,True,True,True
inv_000315,cust_000409,2026-04-20T00:00:00,12584.71,60,0,False,0.0,True,True,0,1.18,True,15,cash_flow_issue,do_nothing,False,False,True,True,True
inv_000316,cust_000077,2026-07-06T00:00:00,30068.44,30,8,False,14.9,True,True,0,0.63,True,11,cash_flow_issue,do_nothing,True,True,True,True,True
inv_000317,cust_001257,2026-05-31T00:00:00,491370.35,45,4,False,4.6,False,True,0,0.78,True,16,cash_flow_issue,do_nothing,False,False,True,True,False
inv_000318,cust_001430,2026-01-26T00:00:00,87031.75,1,3,False,15.5,False,True,0,0.11,False,17,cash_flow_issue,automated_reminder_with_payment_plan_offer,False,True,True,False,False
inv_000319,cust_000379,2026-05-06T00:00:00,51269.2,1,2,True,4.8,False,True,0,5.11,False,16,dispute_pending,do_nothing,False,False,False,False,False
inv_000320,cust_001480,2026-07-16T00:00:00,66421.66,15,4,False,10.2,False,True,0,1.95,True,13,cash_flow_issue,escalate_to_collections,False,False,True,True,False
inv_000321,cust_000479,2026-06-20T00:00:00,30668.01,90,0,False,4.0,False,True,0,1.14,True,16,cash_flow_issue,escalate_to_collections,True,False,False,True,True
inv_000322,cust_000877,2026-05-22T00:00:00,80798.89,15,4,False,3.5,False,True,0,0.45,False,15,cash_flow_issue,escalate_to_collections,False,False,False,True,False
inv_000323,cust_001413,2026-01-12T00:00:00,492090.13,60,0,False,6.9,True,True,0,1.87,True,17,cash_flow_issue,escalate_to_collections,False,False,True,True,False
inv_000324,cust_001139,2026-02-25T00:00:00,35962.8,1,2,True,3.5,True,True,0,6.9,True,13,dispute_pending,automated_reminder,False,False,False,True,False
inv_000325,cust_000747,2026-02-06T00:00:00,196790.97,60,3,False,12.1,False,True,0,0.39,True,15,cash_flow_issue,automated_reminder_with_payment_plan_offer,False,False,True,False,True
inv_000326,cust_001104,2026-01-16T00:00:00,372250.34,1,2,False,9.9,False,True,0,1.16,True,14,cash_flow_issue,do_nothing,False,False,True,True,False
inv_000327,cust_000783,2026-02-24T00:00:00,3958.56,1,8,False,40.9,True,True,0,1.33,True,16,chronic_late_payer,automated_reminder,True,False,True,True,False
inv_000328,cust_000654,2026-01-03T00:00:00,409279.24,60,3,False,11.4,True,True,0,0.06,False,18,cash_flow_issue,do_nothing,False,False,True,True,True
inv_000329,cust_000760,2026-04-14T00:00:00,34290.13,1,5,False,17.3,True,True,0,0.93,True,17,chronic_late_payer,do_nothing,True,True,True,True,True
inv_000330,cust_000759,2026-06-26T00:00:00,32125.38,30,8,False,12.7,True,True,0,0.54,True,16,chronic_late_payer,escalate_to_collections,False,False,True,False,False
inv_000331,cust_000741,2026-01-30T00:00:00,8833.0,15,7,False,31.8,True,True,0,1.22,False,18,chronic_late_payer,do_nothing,False,False,True,False,True
inv_000332,cust_001438,2026-04-14T00:00:00,65283.14,1,5,False,18.4,True,True,0,0.74,True,9,chronic_late_payer,automated_reminder_with_payment_plan_offer,True,True,True,True,True
inv_000333,cust_001317,2026-06-07T00:00:00,7093.49,60,2,False,9.8,True,True,0,0.56,True,10,cash_flow_issue,automated_reminder,True,True,True,True,False
inv_000334,cust_001472,2026-04-12T00:00:00,35596.47,15,2,False,9.3,True,True,0,0.59,True,10,cash_flow_issue,automated_reminder,True,True,True,True,True
inv_000335,cust_000744,2026-05-09T00:00:00,20725.79,15,2,False,7.7,True,True,0,0.07,False,18,cash_flow_issue,automated_reminder,False,False,False,True,False
inv_000336,cust_001431,2026-03-06T00:00:00,46765.1,30,1,False,3.9,True,True,0,1.03,True,17,cash_flow_issue,automated_reminder_with_payment_plan_offer,True,False,True,True,True
inv_000337,cust_001422,2026-03-16T00:00:00,248837.99,1,8,False,24.9,True,True,0,2.08,False,16,chronic_late_payer,automated_reminder,False,True,False,False,True
inv_000338,cust_000372,2026-04-27T00:00:00,37454.84,90,4,False,16.3,True,True,0,1.56,False,9,cash_flow_issue,escalate_to_collections,True,True,True,True,True
inv_000339,cust_000339,2026-01-07T00:00:00,66015.73,30,3,True,12.7,False,True,0,6.74,True,15,dispute_pending,escalate_to_collections,False,False,False,False,False
inv_000340,cust_000118,2026-01-03T00:00:00,72940.68,1,2,False,12.9,False,True,0,3.08,True,12,dispute_pending,automated_reminder_with_payment_plan_offer,False,False,False,False,False
inv_000341,cust_000724,2026-07-05T00:00:00,27563.98,15,1,True,8.1,False,True,0,13.92,True,12,dispute_pending,automated_reminder,False,False,False,False,False
inv_000342,cust_001072,2026-01-31T00:00:00,46662.9,60,0,False,0.9,False,True,1,0.75,True,18,cash_flow_issue,do_nothing,False,False,True,False,False
inv_000343,cust_001167,2026-04-23T00:00:00,6744.38,30,6,False,23.5,True,True,0,0.88,False,12,chronic_late_payer,escalate_to_collections,False,False,False,False,False
inv_000344,cust_001187,2026-01-10T00:00:00,88009.45,30,6,False,5.0,True,True,1,0.06,False,11,chronic_late_payer,automated_reminder,True,False,True,False,False
inv_000345,cust_001369,2026-02-28T00:00:00,19535.89,5,6,False,21.1,True,True,0,1.38,False,9,chronic_late_payer,escalate_to_collections,True,True,True,True,True
inv_000346,cust_000413,2026-04-07T00:00:00,3000.0,90,4,False,27.8,True,True,0,0.09,True,13,chronic_late_payer,escalate_to_collections,False,False,False,False,False
inv_000347,cust_000734,2026-01-29T00:00:00,3000.0,5,3,True,9.5,False,True,1,14.8,True,15,dispute_pending,escalate_to_collections,False,False,False,True,False
inv_000348,cust_000863,2026-06-17T00:00:00,4667.97,45,5,False,4.0,True,False,0,0.87,True,18,cash_flow_issue,automated_reminder,False,False,False,False,True
inv_000349,cust_000574,2026-02-16T00:00:00,52376.11,1,6,False,6.4,True,True,0,0.71,True,15,cash_flow_issue,do_nothing,True,True,False,True,True
inv_000350,cust_000892,2026-07-18T00:00:00,283268.64,30,6,False,16.3,False,True,0,1.05,True,13,cash_flow_issue,automated_reminder,False,False,False,True,True
inv_000351,cust_000056,2026-03-09T00:00:00,16585.6,120,4,False,0.4,True,True,0,0.89,True,15,cash_flow_issue,escalate_to_collections,False,False,False,False,False
inv_000352,cust_000829,2026-03-30T00:00:00,13680.15,90,0,False,10.1,True,True,0,0.49,True,10,cash_flow_issue,automated_reminder_with_payment_plan_offer,False,False,False,False,False
inv_000353,cust_000966,2026-01-10T00:00:00,5579.27,60,6,False,30.6,False,True,0,0.12,True,10,chronic_late_payer,automated_reminder,True,False,True,True,True
inv_000354,cust_001187,2026-05-10T00:00:00,66023.45,5,8,False,23.9,True,True,0,0.48,True,16,chronic_late_payer,automated_reminder,False,False,False,False,False
inv_000355,cust_000777,2026-05-21T00:00:00,56207.45,30,6,False,17.2,False,True,0,0.84,True,14,chronic_late_payer,automated_reminder_with_payment_plan_offer,True,False,False,True,True
inv_000356,cust_000777,2026-02-02T00:00:00,53781.13,1,2,True,2.3,True,True,0,0.03,True,18,dispute_pending,do_nothing,False,False,False,False,False
inv_000357,cust_000691,2026-04-12T00:00:00,4668.91,15,4,False,11.2,True,True,0,0.85,True,14,chronic_late_payer,do_nothing,False,False,True,False,False
inv_000358,cust_000449,2026-03-21T00:00:00,726951.25,45,6,False,8.9,True,True,0,0.88,True,13,cash_flow_issue,escalate_to_collections,True,False,False,True,True
inv_000359,cust_001001,2026-06-21T00:00:00,67027.57,5,5,False,23.0,False,True,0,1.34,True,10,chronic_late_payer,automated_reminder,True,True,True,True,False
inv_000360,cust_001452,2026-01-20T00:00:00,48329.07,45,4,False,14.3,True,True,0,0.62,True,18,cash_flow_issue,automated_reminder_with_payment_plan_offer,True,True,False,True,True
inv_000361,cust_001118,2026-02-06T00:00:00,49126.33,15,8,False,20.2,True,True,0,0.11,True,12,chronic_late_payer,automated_reminder,True,True,True,True,True
inv_000362,cust_000870,2026-05-27T00:00:00,1098468.74,30,1,False,12.2,True,True,0,0.82,False,17,cash_flow_issue,automated_reminder_with_payment_plan_offer,False,False,False,False,False
inv_000363,cust_001072,2026-04-06T00:00:00,20304.94,5,0,False,4.3,False,True,0,0.26,True,14,cash_flow_issue,do_nothing,False,False,False,True,False
inv_000364,cust_001103,2026-01-24T00:00:00,30276.61,5,4,False,1.9,True,False,0,0.74,True,14,cash_flow_issue,do_nothing,False,False,False,False,False
inv_000365,cust_001385,2026-01-28T00:00:00,45629.58,1,1,False,5.5,True,True,0,5.43,False,12,dispute_pending,escalate_to_collections,False,False,False,True,False
inv_000366,cust_000260,2026-01-05T00:00:00,38139.62,30,1,False,3.3,True,True,2,4.78,False,18,invoice_error,automated_reminder_with_payment_plan_offer,True,False,False,True,False
inv_000367,cust_000008,2026-05-11T00:00:00,1724146.01,5,4,False,5.7,True,True,0,0.3,True,9,cash_flow_issue,do_nothing,False,False,False,False,False
inv_000368,cust_000675,2026-01-31T00:00:00,10939.76,60,3,False,11.9,True,True,0,0.09,True,10,chronic_late_payer,automated_reminder,True,False,True,True,True
inv_000369,cust_001002,2026-06-22T00:00:00,21572.5,15,0,True,0.0,True,True,0,12.84,True,13,dispute_pending,escalate_to_collections,True,False,False,False,True
inv_000370,cust_000581,2026-07-02T00:00:00,88843.05,1,1,True,2.2,True,True,0,12.41,True,16,dispute_pending,escalate_to_collections,False,False,False,False,False
inv_000371,cust_000191,2026-03-21T00:00:00,1034466.73,1,0,False,7.7,True,True,0,0.43,True,18,cash_flow_issue,automated_reminder_with_payment_plan_offer,True,True,True,True,True
inv_000372,cust_001382,2026-02-08T00:00:00,43053.92,30,2,False,0.0,True,True,0,1.87,True,10,cash_flow_issue,automated_reminder_with_payment_plan_offer,True,True,True,True,True
inv_000373,cust_000667,2026-02-13T00:00:00,78383.28,120,1,False,11.7,True,True,0,1.12,False,13,chronic_late_payer,automated_reminder,False,False,False,False,False
inv_000374,cust_001438,2026-06-05T00:00:00,27655.23,30,5,False,8.1,False,True,0,6.97,False,18,invoice_error,escalate_to_collections,False,False,False,False,False
inv_000375,cust_001414,2026-02-05T00:00:00,87035.75,60,3,False,7.6,False,True,3,8.69,False,13,invoice_error,do_nothing,False,False,False,False,False
inv_000376,cust_000845,2026-03-01T00:00:00,39663.07,15,6,False,0.2,False,True,0,0.87,True,18,cash_flow_issue,automated_reminder_with_payment_plan_offer,False,False,False,False,False
inv_000377,cust_000208,2026-06-13T00:00:00,105081.09,120,1,False,0.0,False,True,1,0.94,True,17,cash_flow_issue,escalate_to_collections,True,False,False,True,True
inv_000378,cust_001293,2026-07-09T00:00:00,12716.9,5,5,False,24.8,True,False,0,0.08,False,11,chronic_late_payer,automated_reminder_with_payment_plan_offer,False,False,False,False,False
inv_000379,cust_000088,2026-04-07T00:00:00,27446.63,45,3,False,7.2,False,True,2,10.7,False,10,invoice_error,escalate_to_collections,False,False,False,False,False
inv_000380,cust_000757,2026-01-24T00:00:00,30522.6,1,3,False,9.8,False,True,0,1.59,True,10,chronic_late_payer,automated_reminder_with_payment_plan_offer,True,True,True,True,True
inv_000381,cust_000708,2026-03-31T00:00:00,9673.4,60,1,False,2.9,False,True,0,1.56,True,11,cash_flow_issue,do_nothing,False,False,False,False,True
inv_000382,cust_000225,2026-02-16T00:00:00,12550.63,45,6,False,19.6,True,True,0,0.07,True,11,chronic_late_payer,do_nothing,True,True,True,True,True
inv_000383,cust_000296,2026-03-02T00:00:00,41726.42,5,4,False,8.9,True,True,0,1.71,True,17,cash_flow_issue,escalate_to_collections,True,False,False,True,True
inv_000384,cust_000547,2026-03-31T00:00:00,87315.76,1,4,False,3.9,True,False,3,12.27,True,11,invoice_error,escalate_to_collections,False,False,False,False,False
inv_000385,cust_000734,2026-06-09T00:00:00,4646.65,5,3,False,6.0,True,True,0,0.5,True,14,cash_flow_issue,escalate_to_collections,True,True,True,True,True
inv_000386,cust_001449,2026-06-01T00:00:00,81262.31,1,5,False,22.0,True,True,0,2.39,True,17,chronic_late_payer,escalate_to_collections,False,False,False,False,False
inv_000387,cust_001218,2026-03-25T00:00:00,66280.93,15,7,False,23.7,True,True,0,0.85,True,9,chronic_late_payer,automated_reminder_with_payment_plan_offer,False,False,False,False,False
inv_000388,cust_000110,2026-03-10T00:00:00,3000.0,1,6,False,21.9,True,True,0,0.42,True,12,chronic_late_payer,automated_reminder,True,False,True,True,True
inv_000389,cust_001400,2026-02-23T00:00:00,23709.87,120,5,False,3.7,True,True,0,0.29,True,16,cash_flow_issue,do_nothing,False,False,False,False,True
inv_000390,cust_000224,2026-05-02T00:00:00,9276.58,15,3,False,8.1,False,True,0,0.98,True,15,cash_flow_issue,automated_reminder_with_payment_plan_offer,True,True,True,True,True
inv_000391,cust_001001,2026-02-27T00:00:00,45349.62,45,4,False,3.7,False,True,0,0.28,True,14,cash_flow_issue,escalate_to_collections,True,False,True,False,True
inv_000392,cust_000274,2026-02-19T00:00:00,90684.09,30,1,False,40.8,True,True,0,0.44,False,16,chronic_late_payer,automated_reminder_with_payment_plan_offer,True,True,True,True,True
inv_000393,cust_001258,2026-07-11T00:00:00,5915.7,15,2,True,6.8,True,True,0,1.76,True,18,dispute_pending,escalate_to_collections,True,False,False,False,True
inv_000394,cust_000339,2026-06-21T00:00:00,65566.23,15,3,False,3.2,True,True,0,1.12,True,18,cash_flow_issue,automated_reminder,False,True,False,True,True
inv_000395,cust_000162,2026-04-20T00:00:00,23177.28,45,0,False,12.9,True,True,0,0.59,True,13,chronic_late_payer,automated_reminder,False,False,False,False,False
inv_000396,cust_000815,2026-06-02T00:00:00,41492.02,15,5,False,11.0,True,True,0,1.77,True,16,cash_flow_issue,do_nothing,False,False,True,False,False
inv_000397,cust_001235,2026-05-30T00:00:00,43020.25,30,6,False,30.2,False,True,0,0.13,False,14,chronic_late_payer,escalate_to_collections,True,True,True,True,True
inv_000398,cust_000792,2026-02-17T00:00:00,26904.14,1,7,False,8.7,False,True,0,1.41,True,10,chronic_late_payer,do_nothing,False,False,False,False,False
inv_000399,cust_001043,2026-02-19T00:00:00,1168503.84,1,7,False,28.0,False,True,0,2.08,True,16,chronic_late_payer,automated_reminder_with_payment_plan_offer,True,True,True,True,True
inv_000400,cust_000480,2026-05-26T00:00:00,14059.19,30,1,False,1.4,True,True,1,2.35,False,10,dispute_pending,do_nothing,False,False,False,False,False
inv_000401,cust_001186,2026-04-05T00:00:00,12360.65,1,4,False,16.7,False,True,0,0.39,True,11,cash_flow_issue,do_nothing,False,False,True,True,False
inv_000402,cust_001139,2026-04-10T00:00:00,59945.94,15,5,True,12.7,True,False,0,0.53,True,18,dispute_pending,automated_reminder,False,False,False,False,False
inv_000403,cust_001222,2026-02-20T00:00:00,28625.8,15,4,False,8.9,False,True,0,1.51,False,15,cash_flow_issue,escalate_to_collections,True,True,True,False,True
inv_000404,cust_000771,2026-05-30T00:00:00,11876.57,90,5,False,21.4,True,True,0,0.77,True,11,chronic_late_payer,automated_reminder_with_payment_plan_offer,False,False,False,False,False
inv_000405,cust_000189,2026-03-22T00:00:00,46798.91,45,5,False,28.9,False,True,0,1.33,False,10,chronic_late_payer,do_nothing,False,False,False,False,False
inv_000406,cust_000365,2026-01-29T00:00:00,51353.02,60,2,False,7.6,True,False,0,6.11,False,12,invoice_error,do_nothing,False,False,False,False,False
inv_000407,cust_001389,2026-01-23T00:00:00,12385.59,45,3,False,21.7,True,True,0,0.25,True,10,chronic_late_payer,do_nothing,False,False,False,True,True
inv_000408,cust_001069,2026-04-10T00:00:00,25878.55,120,6,False,1.1,False,True,1,1.3,False,11,chronic_late_payer,automated_reminder_with_payment_plan_offer,False,False,False,False,False
inv_000409,cust_000132,2026-06-24T00:00:00,67406.33,15,0,False,3.9,False,True,1,17.82,False,14,invoice_error,automated_reminder,False,False,False,False,False
inv_000410,cust_001471,2026-07-20T00:00:00,11542.06,30,0,False,25.6,False,True,1,1.36,False,13,chronic_late_payer,do_nothing,True,True,True,False,True
inv_000411,cust_000708,2026-06-27T00:00:00,16028.59,15,1,False,2.5,True,False,2,1.61,True,11,invoice_error,escalate_to_collections,False,False,False,False,False
inv_000412,cust_001369,2026-04-06T00:00:00,42369.65,5,5,False,11.6,True,True,0,0.27,True,15,cash_flow_issue,escalate_to_collections,False,True,False,False,False
inv_000413,cust_000667,2026-05-01T00:00:00,49606.5,90,8,False,38.2,False,True,0,0.75,False,15,chronic_late_payer,automated_reminder_with_payment_plan_offer,True,True,True,True,True
inv_000414,cust_000267,2026-06-25T00:00:00,16289.72,60,1,False,0.4,False,True,0,0.09,True,9,cash_flow_issue,escalate_to_collections,True,False,True,True,True
inv_000415,cust_000023,2026-02-14T00:00:00,79761.68,15,4,False,7.9,True,True,0,0.79,False,13,cash_flow_issue,escalate_to_collections,True,True,True,True,True
inv_000416,cust_000724,2026-05-01T00:00:00,143032.59,15,1,True,1.9,True,True,0,2.9,True,10,dispute_pending,escalate_to_collections,False,False,False,False,False
inv_000417,cust_000668,2026-07-06T00:00:00,49602.83,30,4,False,11.0,False,True,0,0.68,True,13,cash_flow_issue,escalate_to_collections,False,False,False,False,False
inv_000418,cust_001430,2026-04-02T00:00:00,54714.53,90,7,False,20.2,False,True,0,0.24,False,15,chronic_late_payer,escalate_to_collections,False,False,True,True,False
inv_000419,cust_000383,2026-06-01T00:00:00,468243.55,30,8,False,22.3,False,True,0,1.03,True,15,chronic_late_payer,escalate_to_collections,True,False,False,True,True
inv_000420,cust_000033,2026-06-18T00:00:00,15996.03,60,4,False,6.3,True,False,0,0.01,True,15,cash_flow_issue,do_nothing,False,False,False,False,False
inv_000421,cust_000258,2026-06-28T00:00:00,549281.13,30,5,False,28.4,True,True,0,1.35,True,9,chronic_late_payer,automated_reminder_with_payment_plan_offer,False,True,True,False,True
inv_000422,cust_000040,2026-03-22T00:00:00,27287.7,5,3,False,10.4,False,True,0,0.89,True,17,cash_flow_issue,escalate_to_collections,True,False,False,True,True
inv_000423,cust_000168,2026-05-01T00:00:00,47649.29,5,1,False,4.5,True,True,0,1.34,True,12,cash_flow_issue,automated_reminder_with_payment_plan_offer,True,True,True,True,False
inv_000424,cust_001218,2026-04-12T00:00:00,60791.47,1,8,False,22.6,True,True,0,0.58,True,18,chronic_late_payer,automated_reminder,True,False,True,True,True
inv_000425,cust_000402,2026-02-10T00:00:00,66716.45,15,0,False,5.3,True,True,0,0.76,True,17,cash_flow_issue,escalate_to_collections,True,False,False,True,True
inv_000426,cust_000724,2026-03-01T00:00:00,101050.61,45,1,False,2.8,False,True,0,0.27,True,15,cash_flow_issue,do_nothing,False,False,True,True,True
inv_000427,cust_000200,2026-06-19T00:00:00,33919.99,1,5,False,16.0,True,True,1,1.64,False,16,chronic_late_payer,do_nothing,False,False,False,True,False
inv_000428,cust_001273,2026-01-17T00:00:00,46362.66,1,5,True,9.9,True,False,0,10.95,True,14,dispute_pending,automated_reminder,False,False,False,False,False
inv_000429,cust_000297,2026-01-22T00:00:00,15999.25,90,5,False,13.2,True,True,1,0.22,False,14,cash_flow_issue,escalate_to_collections,False,False,False,True,False
inv_000430,cust_000033,2026-01-08T00:00:00,13733.7,5,4,False,27.5,True,True,0,0.62,True,13,chronic_late_payer,escalate_to_collections,True,True,False,False,True
inv_000431,cust_000741,2026-01-11T00:00:00,18791.91,90,2,True,7.8,True,True,0,6.46,True,13,dispute_pending,automated_reminder,False,False,False,False,False
inv_000432,cust_000378,2026-07-12T00:00:00,84163.1,15,2,False,9.1,True,False,0,1.21,True,17,invoice_error,escalate_to_collections,False,False,False,False,False
inv_000433,cust_000167,2026-03-18T00:00:00,43452.49,30,4,False,25.9,True,True,0,0.31,True,12,chronic_late_payer,escalate_to_collections,False,False,False,False,False
inv_000434,cust_000756,2026-01-19T00:00:00,190172.65,15,2,False,8.4,True,True,0,1.31,True,16,cash_flow_issue,automated_reminder,False,False,False,True,False
inv_000435,cust_001027,2026-04-22T00:00:00,38332.79,15,4,False,22.6,True,True,0,0.76,False,18,chronic_late_payer,do_nothing,True,True,False,True,True
inv_000436,cust_001067,2026-05-12T00:00:00,50669.83,30,6,False,9.6,True,True,0,1.45,True,18,cash_flow_issue,automated_reminder_with_payment_plan_offer,True,False,True,True,True
inv_000437,cust_000089,2026-06-10T00:00:00,280657.35,120,3,False,7.5,True,True,0,0.52,True,9,cash_flow_issue,escalate_to_collections,False,False,False,False,False
inv_000438,cust_000092,2026-01-26T00:00:00,9826.08,15,1,False,10.9,False,True,0,1.52,True,10,chronic_late_payer,automated_reminder_with_payment_plan_offer,True,False,True,True,True
inv_000439,cust_000473,2026-05-25T00:00:00,874803.24,45,2,False,7.2,True,True,0,0.62,True,9,cash_flow_issue,automated_reminder,True,True,True,True,False
inv_000440,cust_000274,2026-06-29T00:00:00,15826.53,60,8,False,22.2,True,True,0,1.37,True,9,chronic_late_payer,automated_reminder,False,False,False,False,False
inv_000441,cust_000076,2026-07-19T00:00:00,28075.61,5,5,True,13.7,True,True,0,1.07,True,12,dispute_pending,escalate_to_collections,False,False,False,False,False
inv_000442,cust_000985,2026-02-10T00:00:00,52735.18,5,4,False,7.2,False,True,0,0.21,True,17,cash_flow_issue,escalate_to_collections,False,False,True,False,False
inv_000443,cust_001027,2026-03-03T00:00:00,89402.66,30,0,False,3.0,True,True,3,6.64,False,9,invoice_error,escalate_to_collections,False,False,False,False,False
inv_000444,cust_000599,2026-06-02T00:00:00,12093.92,90,2,False,8.7,True,True,0,0.6,True,18,cash_flow_issue,automated_reminder,False,False,False,False,False
inv_000445,cust_000457,2026-05-26T00:00:00,43634.93,5,0,False,2.1,True,False,3,17.39,True,13,invoice_error,escalate_to_collections,False,False,False,False,False
inv_000446,cust_000076,2026-05-01T00:00:00,27707.97,1,5,False,9.2,True,True,0,1.0,True,17,cash_flow_issue,automated_reminder,True,False,True,True,False
inv_000447,cust_000381,2026-04-10T00:00:00,21177.99,1,0,False,0.4,False,True,0,0.09,False,11,cash_flow_issue,escalate_to_collections,False,False,False,False,False
inv_000448,cust_000625,2026-01-27T00:00:00,495059.43,1,0,False,2.7,True,False,1,11.1,False,17,invoice_error,do_nothing,False,False,False,False,False
inv_000449,cust_000377,2026-06-02T00:00:00,9591.17,120,2,False,8.0,False,True,0,1.51,True,17,cash_flow_issue,escalate_to_collections,False,False,True,True,False
inv_000450,cust_000278,2026-03-14T00:00:00,118265.67,1,1,False,10.5,True,True,0,0.34,True,16,cash_flow_issue,do_nothing,False,False,False,False,False
inv_000451,cust_000201,2026-06-26T00:00:00,19646.09,30,4,False,27.1,True,True,0,2.4,True,11,chronic_late_payer,automated_reminder,True,False,True,True,False
inv_000452,cust_000198,2026-01-10T00:00:00,5815.58,30,1,False,3.6,False,True,0,0.5,True,17,cash_flow_issue,automated_reminder,False,False,False,False,False
inv_000453,cust_000596,2026-02-16T00:00:00,11371.26,30,1,False,4.6,False,True,0,0.2,True,17,cash_flow_issue,automated_reminder_with_payment_plan_offer,True,True,False,True,True
inv_000454,cust_000023,2026-05-16T00:00:00,99589.39,120,4,False,12.9,True,True,0,0.07,True,9,cash_flow_issue,automated_reminder,False,False,False,False,False
inv_000455,cust_000150,2026-07-07T00:00:00,408833.32,30,0,False,8.4,True,True,1,5.08,False,13,invoice_error,escalate_to_collections,False,False,False,False,False
inv_000456,cust_000815,2026-06-24T00:00:00,31814.38,15,3,False,6.6,False,True,0,6.79,False,16,invoice_error,do_nothing,False,False,False,False,False
inv_000457,cust_000149,2026-03-18T00:00:00,24655.28,90,7,False,19.1,False,True,0,0.75,False,18,chronic_late_payer,automated_reminder,True,False,True,True,True
inv_000458,cust_000842,2026-03-08T00:00:00,41760.15,45,1,False,2.3,False,True,0,2.38,True,16,cash_flow_issue,automated_reminder_with_payment_plan_offer,False,False,False,False,True
inv_000459,cust_001185,2026-04-13T00:00:00,23319.5,120,3,True,8.2,True,False,0,4.37,True,16,dispute_pending,do_nothing,False,False,False,False,False
inv_000460,cust_000191,2026-02-17T00:00:00,673334.78,1,5,False,15.6,True,True,0,1.08,True,16,cash_flow_issue,automated_reminder_with_payment_plan_offer,True,False,False,True,True
inv_000461,cust_001436,2026-04-17T00:00:00,153035.89,60,8,False,26.8,True,True,0,0.51,True,14,chronic_late_payer,automated_reminder_with_payment_plan_offer,False,False,False,False,True
inv_000462,cust_000368,2026-01-19T00:00:00,35834.94,45,0,False,3.1,True,True,0,0.19,False,16,cash_flow_issue,do_nothing,True,True,False,False,False
inv_000463,cust_000315,2026-05-12T00:00:00,24358.81,30,2,False,7.2,True,True,1,7.92,False,9,invoice_error,automated_reminder,False,False,False,False,False
inv_000464,cust_000296,2026-02-08T00:00:00,43899.49,1,4,False,6.5,True,True,0,0.58,True,13,cash_flow_issue,escalate_to_collections,True,False,True,True,True
inv_000465,cust_000790,2026-04-10T00:00:00,922457.77,1,4,False,16.7,True,True,0,0.65,True,18,cash_flow_issue,automated_reminder_with_payment_plan_offer,False,False,False,False,False
inv_000466,cust_001439,2026-06-09T00:00:00,37380.09,45,5,False,2.4,True,True,1,4.91,False,15,invoice_error,escalate_to_collections,False,False,False,False,False
inv_000467,cust_000463,2026-05-01T00:00:00,28550.45,30,2,False,6.9,False,True,2,8.36,True,10,invoice_error,automated_reminder,False,False,False,False,False
inv_000468,cust_000137,2026-03-11T00:00:00,11600.92,30,0,False,1.0,True,True,2,7.92,False,11,invoice_error,automated_reminder,False,False,False,False,False
inv_000469,cust_001218,2026-03-22T00:00:00,60419.26,30,0,False,6.3,False,True,0,1.0,False,12,chronic_late_payer,automated_reminder,False,False,False,False,False
inv_000470,cust_001061,2026-03-25T00:00:00,58485.34,90,5,False,18.3,False,True,0,0.89,True,17,chronic_late_payer,automated_reminder,False,False,False,False,True
inv_000471,cust_000053,2026-04-23T00:00:00,70143.47,120,6,False,29.6,True,True,1,1.11,True,17,chronic_late_payer,escalate_to_collections,True,False,False,False,True
inv_000472,cust_000740,2026-03-27T00:00:00,57460.64,90,2,True,3.0,False,True,0,1.08,True,18,dispute_pending,automated_reminder_with_payment_plan_offer,False,False,False,False,False
inv_000473,cust_001472,2026-05-16T00:00:00,76230.08,120,2,False,2.4,True,True,0,1.68,True,11,cash_flow_issue,escalate_to_collections,True,False,True,True,True
inv_000474,cust_001265,2026-04-15T00:00:00,32031.87,15,4,False,8.4,True,False,3,5.67,False,17,invoice_error,escalate_to_collections,False,False,False,False,False
inv_000475,cust_001406,2026-01-20T00:00:00,18107.22,90,0,False,0.2,False,True,0,1.26,True,16,cash_flow_issue,escalate_to_collections,False,False,False,False,False
inv_000476,cust_000463,2026-07-16T00:00:00,72871.65,5,5,False,16.0,True,True,0,1.02,True,14,cash_flow_issue,escalate_to_collections,False,True,True,True,False
inv_000477,cust_000361,2026-04-20T00:00:00,28462.73,45,6,False,19.5,True,True,0,0.52,True,9,chronic_late_payer,automated_reminder_with_payment_plan_offer,False,False,False,False,False
inv_000478,cust_001383,2026-06-09T00:00:00,3000.0,120,0,False,2.6,False,True,0,2.84,True,11,dispute_pending,automated_reminder,False,False,False,False,False
inv_000479,cust_000701,2026-02-18T00:00:00,38435.91,5,2,True,1.9,True,True,0,1.78,True,12,dispute_pending,do_nothing,False,False,False,False,False
inv_000480,cust_000264,2026-03-20T00:00:00,14747.39,45,1,False,2.4,False,True,0,0.9,True,14,cash_flow_issue,automated_reminder_with_payment_plan_offer,False,False,True,False,True
inv_000481,cust_001400,2026-06-30T00:00:00,22207.72,5,5,False,13.1,True,True,0,0.12,True,13,chronic_late_payer,do_nothing,False,False,False,True,True
inv_000482,cust_001364,2026-06-02T00:00:00,31602.67,5,4,False,21.3,True,True,0,1.37,True,15,chronic_late_payer,escalate_to_collections,True,False,True,False,True
inv_000483,cust_001273,2026-05-27T00:00:00,55018.04,60,5,False,11.3,False,True,2,9.38,False,10,invoice_error,automated_reminder_with_payment_plan_offer,False,False,False,False,False
inv_000484,cust_000975,2026-01-15T00:00:00,51557.44,30,2,False,0.0,True,True,0,0.25,True,13,cash_flow_issue,do_nothing,False,False,False,True,True
inv_000485,cust_001238,2026-02-13T00:00:00,4321.76,1,0,False,9.3,False,True,2,10.8,False,9,invoice_error,do_nothing,False,False,False,False,False
inv_000486,cust_000405,2026-03-04T00:00:00,98221.74,45,5,False,21.3,False,True,0,1.17,False,14,chronic_late_payer,do_nothing,False,False,True,True,True
inv_000487,cust_000777,2026-05-04T00:00:00,55515.2,30,2,False,5.2,False,True,2,8.26,False,12,invoice_error,automated_reminder,False,False,False,False,False
inv_000488,cust_000836,2026-01-09T00:00:00,14482.84,90,0,False,3.5,True,True,0,0.32,True,13,cash_flow_issue,do_nothing,False,False,False,True,False
inv_000489,cust_000753,2026-01-15T00:00:00,7142.75,1,4,False,14.3,True,True,0,2.84,True,18,cash_flow_issue,escalate_to_collections,False,False,False,True,False
inv_000490,cust_000522,2026-06-09T00:00:00,25140.22,120,6,False,18.6,True,True,0,0.51,True,12,cash_flow_issue,automated_reminder,False,False,False,True,False
inv_000491,cust_000258,2026-05-16T00:00:00,365585.41,30,5,False,15.1,True,False,0,0.67,True,16,chronic_late_payer,escalate_to_collections,False,False,True,False,False
inv_000492,cust_000023,2026-02-18T00:00:00,71658.17,60,4,False,34.3,True,True,0,0.65,True,17,chronic_late_payer,automated_reminder,True,True,True,True,True
inv_000493,cust_000182,2026-06-21T00:00:00,549714.73,5,9,False,27.5,True,True,1,0.81,True,15,chronic_late_payer,automated_reminder_with_payment_plan_offer,True,False,True,True,True
inv_000494,cust_000899,2026-01-11T00:00:00,188407.66,45,5,True,6.0,True,True,1,0.1,True,10,dispute_pending,escalate_to_collections,False,False,False,False,False
inv_000495,cust_001070,2026-04-23T00:00:00,44808.49,90,4,False,15.1,False,True,0,0.74,True,9,cash_flow_issue,do_nothing,False,False,False,False,False
inv_000496,cust_001398,2026-01-05T00:00:00,6768.05,30,6,False,9.0,True,True,0,1.75,True,12,cash_flow_issue,automated_reminder_with_payment_plan_offer,False,False,True,False,False
inv_000497,cust_000813,2026-01-19T00:00:00,23739.27,45,3,False,16.5,True,False,0,0.23,True,16,cash_flow_issue,automated_reminder_with_payment_plan_offer,True,False,True,True,False
inv_000498,cust_001162,2026-02-09T00:00:00,5638.07,60,2,False,9.4,False,True,3,9.18,False,17,invoice_error,automated_reminder,False,False,False,False,False
inv_000499,cust_001265,2026-05-28T00:00:00,22648.19,1,4,False,19.8,True,True,1,1.31,False,9,chronic_late_payer,automated_reminder_with_payment_plan_offer,True,False,False,True,False
inv_000500,cust_000589,2026-01-16T00:00:00,117061.11,5,7,False,10.0,False,True,0,0.76,True,17,cash_flow_issue,automated_reminder,True,False,True,True,True
inv_000501,cust_000506,2026-05-02T00:00:00,82995.88,90,7,False,10.6,True,True,0,0.78,True,9,cash_flow_issue,automated_reminder_with_payment_plan_offer,True,False,False,True,False
inv_000502,cust_000033,2026-01-31T00:00:00,41108.44,60,4,False,6.7,False,True,1,1.92,True,15,cash_flow_issue,automated_reminder_with_payment_plan_offer,False,False,True,False,True
inv_000503,cust_000661,2026-06-21T00:00:00,11850.02,45,3,False,24.3,True,True,0,0.07,False,12,chronic_late_payer,escalate_to_collections,False,False,False,True,False
inv_000504,cust_001265,2026-02-17T00:00:00,10892.72,60,4,False,21.4,True,True,0,0.52,True,18,cash_flow_issue,escalate_to_collections,False,False,False,True,False
inv_000505,cust_000270,2026-04-24T00:00:00,22951.28,45,4,False,8.5,False,True,0,1.17,True,12,cash_flow_issue,do_nothing,False,False,True,True,False
inv_000506,cust_001046,2026-06-23T00:00:00,1425321.1,30,3,False,0.4,False,True,0,2.71,False,10,invoice_error,do_nothing,False,False,False,False,False
inv_000507,cust_000423,2026-03-21T00:00:00,40620.89,30,2,True,6.7,True,True,0,2.62,True,9,dispute_pending,automated_reminder,False,False,False,False,False
inv_000508,cust_000274,2026-04-07T00:00:00,67428.63,30,3,False,11.0,True,True,0,0.28,False,14,cash_flow_issue,escalate_to_collections,True,False,False,True,True
inv_000509,cust_000870,2026-01-28T00:00:00,680803.95,60,5,False,28.3,True,True,0,0.64,True,15,chronic_late_payer,automated_reminder,True,False,True,True,False
inv_000510,cust_000471,2026-01-02T00:00:00,270344.17,45,6,False,14.0,True,True,0,2.25,False,10,cash_flow_issue,automated_reminder_with_payment_plan_offer,True,False,True,True,True
inv_000511,cust_000477,2026-06-23T00:00:00,10687.74,90,0,False,6.7,False,True,0,11.07,True,13,dispute_pending,automated_reminder_with_payment_plan_offer,False,False,False,False,False
inv_000512,cust_000708,2026-05-14T00:00:00,16128.9,120,1,False,7.6,True,True,0,1.05,True,17,cash_flow_issue,automated_reminder,True,False,True,False,False
inv_000513,cust_000132,2026-04-15T00:00:00,30911.72,5,0,False,24.4,True,True,0,0.6,False,17,chronic_late_payer,do_nothing,True,True,True,True,True
inv_000514,cust_000457,2026-04-05T00:00:00,43322.05,1,5,False,6.7,False,True,0,0.54,True,14,chronic_late_payer,escalate_to_collections,False,False,False,True,False
inv_000515,cust_000481,2026-05-24T00:00:00,49163.44,30,3,False,35.2,False,True,0,1.99,False,9,chronic_late_payer,automated_reminder,False,False,False,True,False
inv_000516,cust_000547,2026-01-01T00:00:00,112040.53,1,4,False,4.9,True,True,0,1.25,True,18,cash_flow_issue,automated_reminder_with_payment_plan_offer,False,False,False,False,True
inv_000517,cust_000297,2026-04-07T00:00:00,4394.49,60,6,False,7.5,False,True,0,0.13,True,16,cash_flow_issue,automated_reminder,False,False,False,True,True
inv_000518,cust_000596,2026-04-21T00:00:00,19906.85,15,6,False,11.8,True,True,0,0.76,True,18,chronic_late_payer,automated_reminder_with_payment_plan_offer,False,False,False,False,False
inv_000519,cust_001121,2026-06-14T00:00:00,91321.09,45,2,False,5.9,True,True,0,0.69,True,18,cash_flow_issue,automated_reminder_with_payment_plan_offer,False,False,False,False,False
inv_000520,cust_001097,2026-06-06T00:00:00,1027825.21,30,4,True,10.9,True,True,0,5.04,True,14,dispute_pending,automated_reminder,False,False,False,False,False
inv_000521,cust_001327,2026-04-30T00:00:00,28059.2,1,4,False,15.1,True,True,0,0.55,True,10,chronic_late_payer,automated_reminder,False,False,False,True,False
inv_000522,cust_001032,2026-04-07T00:00:00,36813.77,1,3,False,4.5,True,True,0,0.27,True,14,cash_flow_issue,escalate_to_collections,False,False,False,True,False
inv_000523,cust_000558,2026-01-24T00:00:00,6963.31,15,2,False,6.6,False,True,0,0.74,False,12,cash_flow_issue,escalate_to_collections,False,False,False,False,False
inv_000524,cust_000593,2026-07-13T00:00:00,69599.41,5,2,False,32.4,False,True,0,0.43,True,12,chronic_late_payer,escalate_to_collections,True,False,True,False,True
inv_000525,cust_001043,2026-02-21T00:00:00,519033.37,45,0,False,6.2,False,True,1,1.0,False,10,invoice_error,do_nothing,False,False,False,False,False
inv_000526,cust_000006,2026-05-20T00:00:00,67329.3,60,7,False,6.4,False,True,0,1.14,True,12,cash_flow_issue,automated_reminder_with_payment_plan_offer,False,False,False,False,True
inv_000527,cust_001291,2026-01-10T00:00:00,46295.44,5,6,False,14.3,False,True,0,0.64,True,13,chronic_late_payer,automated_reminder,True,True,True,True,True
inv_000528,cust_000365,2026-02-12T00:00:00,21980.81,120,2,False,1.6,True,True,0,0.74,False,14,cash_flow_issue,do_nothing,False,False,False,False,False
inv_000529,cust_001146,2026-04-08T00:00:00,114051.14,60,6,False,13.2,True,True,0,1.44,True,16,chronic_late_payer,escalate_to_collections,True,False,False,True,True
inv_000530,cust_001195,2026-03-31T00:00:00,82244.06,90,2,False,6.2,True,False,0,2.76,False,14,invoice_error,automated_reminder,False,False,False,False,False
inv_000531,cust_001027,2026-06-07T00:00:00,53142.74,30,0,False,1.7,False,True,0,0.63,True,15,cash_flow_issue,do_nothing,False,False,False,True,True
inv_000532,cust_000201,2026-06-25T00:00:00,10121.76,5,3,False,8.3,True,True,0,0.6,True,17,cash_flow_issue,automated_reminder,True,False,True,True,False
inv_000533,cust_001397,2026-06-26T00:00:00,24342.88,30,4,False,22.3,False,True,0,0.01,True,9,chronic_late_payer,do_nothing,False,False,False,True,True
inv_000534,cust_000501,2026-06-06T00:00:00,40815.2,1,3,True,4.0,True,True,0,6.05,True,9,dispute_pending,automated_reminder,False,False,False,False,False
inv_000535,cust_000023,2026-03-22T00:00:00,33281.77,30,4,True,2.7,False,True,0,7.38,True,15,dispute_pending,do_nothing,False,False,False,False,False
inv_000536,cust_001037,2026-04-15T00:00:00,24004.26,30,7,False,27.4,True,True,0,0.56,True,16,chronic_late_payer,do_nothing,False,False,False,False,False
inv_000537,cust_000679,2026-05-05T00:00:00,253022.97,120,5,False,8.9,True,True,0,0.22,True,14,cash_flow_issue,do_nothing,False,False,False,True,False
inv_000538,cust_000342,2026-06-15T00:00:00,257473.1,1,7,True,5.7,True,True,0,12.71,False,17,dispute_pending,do_nothing,False,False,False,False,False
inv_000539,cust_000596,2026-06-27T00:00:00,20380.27,30,6,False,13.0,True,True,0,0.77,False,13,chronic_late_payer,automated_reminder,False,False,False,False,False
inv_000540,cust_001283,2026-02-23T00:00:00,376680.73,15,3,False,16.9,True,True,0,0.06,False,14,chronic_late_payer,do_nothing,False,False,False,True,False
inv_000541,cust_000966,2026-01-30T00:00:00,13072.05,15,3,True,2.4,False,True,0,7.49,True,9,dispute_pending,do_nothing,False,False,False,False,True
inv_000542,cust_000600,2026-06-06T00:00:00,31592.46,5,5,False,10.1,False,True,0,0.05,True,16,chronic_late_payer,automated_reminder,True,True,True,True,True
inv_000543,cust_001290,2026-05-12T00:00:00,14806.81,120,7,False,29.6,False,True,0,0.46,False,10,chronic_late_payer,automated_reminder_with_payment_plan_offer,True,False,False,True,False
inv_000544,cust_000481,2026-05-05T00:00:00,16047.86,90,3,False,8.5,True,True,0,0.45,True,14,cash_flow_issue,automated_reminder,False,False,False,False,False
inv_000545,cust_000057,2026-01-22T00:00:00,50616.78,15,4,False,10.2,True,True,0,0.11,False,17,chronic_late_payer,escalate_to_collections,True,True,True,False,True
inv_000546,cust_000759,2026-05-06T00:00:00,16543.15,1,4,False,17.0,False,True,0,0.16,True,13,cash_flow_issue,do_nothing,False,False,True,True,False
inv_000547,cust_001182,2026-03-13T00:00:00,396636.94,15,5,True,8.7,False,True,1,9.37,True,17,dispute_pending,do_nothing,False,False,False,False,False
inv_000548,cust_000898,2026-03-06T00:00:00,16121.62,5,5,False,8.3,False,True,0,0.32,False,12,cash_flow_issue,escalate_to_collections,False,False,False,False,False
inv_000549,cust_001449,2026-01-14T00:00:00,30117.35,5,4,False,17.7,True,True,0,2.14,False,14,chronic_late_payer,escalate_to_collections,True,True,True,True,True
inv_000550,cust_001072,2026-01-02T00:00:00,24330.43,45,0,False,10.1,False,True,0,0.29,False,11,cash_flow_issue,escalate_to_collections,True,False,False,True,True
inv_000551,cust_000779,2026-05-01T00:00:00,45504.12,60,4,False,12.6,True,True,0,0.09,True,10,cash_flow_issue,automated_reminder,False,False,False,True,True
inv_000552,cust_001382,2026-03-25T00:00:00,50919.9,45,2,False,4.0,True,True,0,1.26,True,10,dispute_pending,automated_reminder,False,False,False,False,False
inv_000553,cust_001370,2026-06-14T00:00:00,22706.5,120,6,False,13.2,False,True,0,0.84,True,16,chronic_late_payer,do_nothing,False,False,False,True,False
inv_000554,cust_001283,2026-05-08T00:00:00,64840.64,60,0,True,8.8,False,True,0,10.63,False,12,dispute_pending,escalate_to_collections,False,False,False,False,False
inv_000555,cust_000379,2026-03-01T00:00:00,56518.7,5,2,False,13.8,True,True,0,0.34,True,12,cash_flow_issue,automated_reminder_with_payment_plan_offer,False,True,True,False,True
inv_000556,cust_000701,2026-04-29T00:00:00,53181.38,60,2,False,10.2,False,True,0,0.44,False,10,chronic_late_payer,automated_reminder_with_payment_plan_offer,False,False,False,False,False
inv_000557,cust_000291,2026-04-13T00:00:00,55387.39,15,4,False,19.3,False,True,0,0.79,True,13,chronic_late_payer,do_nothing,False,False,True,True,True
inv_000558,cust_001383,2026-03-14T00:00:00,3000.0,15,3,False,1.9,False,True,0,3.31,False,10,invoice_error,do_nothing,False,False,False,False,False
inv_000559,cust_000760,2026-06-04T00:00:00,15899.93,45,3,False,10.1,True,True,0,6.02,False,11,invoice_error,escalate_to_collections,False,False,False,False,False
inv_000560,cust_000457,2026-05-30T00:00:00,17894.34,120,0,False,4.2,True,True,1,0.08,True,18,cash_flow_issue,escalate_to_collections,False,False,False,False,False
inv_000561,cust_001447,2026-06-20T00:00:00,3000.0,30,3,False,5.6,False,True,0,4.57,True,12,dispute_pending,do_nothing,False,False,False,False,False
inv_000562,cust_000711,2026-06-19T00:00:00,21837.66,30,0,False,1.3,False,True,0,1.06,True,18,cash_flow_issue,do_nothing,True,True,False,True,True
inv_000563,cust_000191,2026-05-07T00:00:00,255870.74,90,5,False,13.8,False,True,0,1.3,False,12,chronic_late_payer,escalate_to_collections,True,False,False,True,True
inv_000564,cust_000806,2026-04-24T00:00:00,74034.1,15,4,False,19.8,False,True,0,0.02,True,17,chronic_late_payer,escalate_to_collections,True,False,False,True,True
inv_000565,cust_000372,2026-07-15T00:00:00,36948.0,5,3,False,0.8,True,False,1,12.71,False,13,invoice_error,automated_reminder_with_payment_plan_offer,False,False,False,False,False
inv_000566,cust_000803,2026-03-05T00:00:00,30609.48,120,4,True,4.9,False,True,0,4.7,True,18,dispute_pending,do_nothing,False,False,False,False,True
inv_000567,cust_000197,2026-02-28T00:00:00,62007.87,45,4,False,9.3,False,True,0,0.7,True,13,cash_flow_issue,do_nothing,False,False,False,False,False
inv_000568,cust_000378,2026-04-13T00:00:00,17698.69,15,4,False,23.8,False,True,1,0.84,True,16,chronic_late_payer,automated_reminder,True,False,True,False,True
inv_000569,cust_000806,2026-02-11T00:00:00,23356.58,120,4,True,8.6,True,True,0,8.24,False,14,dispute_pending,automated_reminder,False,False,False,False,False
inv_000570,cust_000053,2026-02-08T00:00:00,17596.15,45,4,False,13.8,True,True,0,1.73,True,10,cash_flow_issue,automated_reminder,False,False,False,False,False
inv_000571,cust_000499,2026-04-29T00:00:00,38404.87,90,3,True,5.4,True,True,0,3.28,True,14,dispute_pending,automated_reminder_with_payment_plan_offer,False,False,False,False,False
inv_000572,cust_000198,2026-02-27T00:00:00,5937.16,1,1,False,2.9,False,True,0,1.67,False,11,cash_flow_issue,automated_reminder_with_payment_plan_offer,False,True,True,False,True
inv_000573,cust_001342,2026-01-25T00:00:00,28410.2,1,4,False,9.2,True,True,0,0.75,True,9,cash_flow_issue,escalate_to_collections,True,True,True,True,True
inv_000574,cust_000631,2026-03-30T00:00:00,227829.6,15,5,False,34.1,True,True,0,1.39,True,13,chronic_late_payer,automated_reminder_with_payment_plan_offer,False,True,False,False,False
inv_000575,cust_000610,2026-02-26T00:00:00,1069370.35,15,2,False,0.0,False,True,0,1.89,True,16,cash_flow_issue,do_nothing,False,False,False,True,False
inv_000576,cust_001042,2026-04-26T00:00:00,9937.87,1,0,False,22.3,True,True,0,0.25,True,14,chronic_late_payer,automated_reminder,True,False,True,True,True
inv_000577,cust_000470,2026-01-14T00:00:00,5748.94,60,3,False,6.3,True,True,0,0.5,True,10,cash_flow_issue,escalate_to_collections,True,True,False,False,True
inv_000578,cust_001445,2026-03-16T00:00:00,65930.46,15,1,False,0.1,True,True,0,1.26,False,13,cash_flow_issue,escalate_to_collections,False,False,False,False,False
inv_000579,cust_000967,2026-06-05T00:00:00,3818.72,1,2,True,11.2,False,True,0,4.74,True,15,dispute_pending,automated_reminder,False,False,False,False,False
inv_000580,cust_001020,2026-07-16T00:00:00,3000.0,90,0,False,6.2,False,True,0,0.44,True,14,cash_flow_issue,automated_reminder_with_payment_plan_offer,False,False,False,False,False
inv_000581,cust_000779,2026-07-07T00:00:00,33828.55,30,6,False,26.3,False,True,0,0.38,True,18,chronic_late_payer,escalate_to_collections,True,False,True,True,True
inv_000582,cust_001472,2026-03-12T00:00:00,22471.23,45,2,False,9.6,True,True,0,0.25,True,12,cash_flow_issue,automated_reminder_with_payment_plan_offer,True,True,True,True,True
inv_000583,cust_000413,2026-06-06T00:00:00,8164.34,1,4,False,8.7,True,False,1,6.51,False,16,invoice_error,do_nothing,False,False,False,False,True
inv_000584,cust_000073,2026-05-25T00:00:00,212289.9,15,3,False,25.8,True,True,0,1.09,True,13,chronic_late_payer,escalate_to_collections,False,False,False,False,False
inv_000585,cust_000226,2026-05-31T00:00:00,61252.4,5,6,False,26.5,True,True,0,0.25,False,17,chronic_late_payer,do_nothing,False,False,False,True,False
inv_000586,cust_000505,2026-03-06T00:00:00,82425.11,5,0,False,9.1,True,True,0,0.85,True,18,cash_flow_issue,automated_reminder,True,True,True,False,True
inv_000587,cust_000997,2026-03-19T00:00:00,44908.49,15,4,False,12.8,True,True,0,1.33,True,12,cash_flow_issue,do_nothing,False,False,True,False,True
inv_000588,cust_000224,2026-02-17T00:00:00,7893.3,15,3,False,3.2,False,True,0,0.81,False,18,cash_flow_issue,do_nothing,True,True,True,True,True
inv_000589,cust_000759,2026-04-06T00:00:00,7438.46,15,1,False,5.4,False,True,1,1.23,False,13,cash_flow_issue,do_nothing,False,False,True,True,True
inv_000590,cust_000708,2026-01-09T00:00:00,6090.12,15,4,False,17.6,True,True,1,1.76,True,13,chronic_late_payer,do_nothing,True,True,True,False,True
inv_000591,cust_001046,2026-04-25T00:00:00,977643.7,30,3,False,13.6,True,True,0,0.18,False,9,cash_flow_issue,automated_reminder_with_payment_plan_offer,False,False,False,False,False
inv_000592,cust_000079,2026-02-03T00:00:00,45091.34,1,0,False,4.1,False,True,1,18.44,False,9,invoice_error,automated_reminder,False,False,False,False,False
inv_000593,cust_001352,2026-01-20T00:00:00,22841.35,30,8,False,29.3,False,True,0,0.25,True,18,chronic_late_payer,do_nothing,False,False,False,False,False
inv_000594,cust_000556,2026-02-18T00:00:00,1546299.03,30,7,False,34.6,False,True,0,0.77,True,15,chronic_late_payer,escalate_to_collections,False,False,True,False,False
inv_000595,cust_000662,2026-01-16T00:00:00,23844.61,60,0,False,0.9,False,True,0,0.62,False,14,invoice_error,automated_reminder,False,False,False,False,False
inv_000596,cust_000757,2026-05-11T00:00:00,38922.43,5,2,False,15.4,True,True,0,0.19,True,9,chronic_late_payer,do_nothing,False,False,False,False,False
inv_000597,cust_000558,2026-01-23T00:00:00,18625.98,15,2,False,6.8,True,False,2,12.81,False,9,invoice_error,automated_reminder,False,False,False,False,False
inv_000598,cust_001122,2026-04-22T00:00:00,5946.22,30,3,False,6.0,False,True,0,0.47,True,14,cash_flow_issue,automated_reminder_with_payment_plan_offer,True,True,True,True,True
inv_000599,cust_000378,2026-01-19T00:00:00,30614.85,90,2,False,2.4,False,True,2,6.35,False,12,invoice_error,automated_reminder_with_payment_plan_offer,False,False,False,False,False
inv_000600,cust_000731,2026-06-20T00:00:00,909971.37,15,5,False,15.7,True,True,0,1.48,True,13,chronic_late_payer,automated_reminder,True,False,True,False,True
inv_000601,cust_000585,2026-07-02T00:00:00,62515.05,90,7,False,15.3,False,True,0,0.33,True,11,chronic_late_payer,automated_reminder,False,False,False,False,False
inv_000602,cust_000918,2026-03-08T00:00:00,77945.73,5,0,True,2.6,True,True,0,8.99,True,10,dispute_pending,automated_reminder,False,False,False,False,False
inv_000603,cust_000110,2026-03-12T00:00:00,3000.0,90,8,False,18.9,True,True,0,0.66,True,13,chronic_late_payer,automated_reminder_with_payment_plan_offer,False,False,False,False,True
inv_000604,cust_001488,2026-01-13T00:00:00,30004.01,1,0,False,2.7,False,True,1,10.9,False,15,invoice_error,automated_reminder_with_payment_plan_offer,False,False,False,False,False
inv_000605,cust_000720,2026-01-22T00:00:00,38406.46,45,1,False,0.0,True,True,0,1.1,True,13,cash_flow_issue,do_nothing,True,True,False,True,False
inv_000606,cust_000820,2026-04-09T00:00:00,56275.25,30,6,False,16.6,True,True,0,0.19,True,15,chronic_late_payer,automated_reminder,False,False,False,False,True
inv_000607,cust_000297,2026-04-20T00:00:00,4974.41,15,4,False,14.0,False,True,0,0.24,False,18,chronic_late_payer,do_nothing,False,False,True,True,True
inv_000608,cust_001200,2026-01-21T00:00:00,9118.88,45,3,False,9.0,False,True,0,2.14,True,13,chronic_late_payer,do_nothing,False,False,False,True,False
inv_000609,cust_000383,2026-01-25T00:00:00,181714.4,15,8,True,14.1,True,True,0,9.58,True,17,dispute_pending,automated_reminder_with_payment_plan_offer,False,False,False,False,False
inv_000610,cust_001402,2026-04-03T00:00:00,15939.21,60,4,False,0.6,True,False,1,2.32,False,18,invoice_error,escalate_to_collections,False,False,False,False,False
inv_000611,cust_000693,2026-06-11T00:00:00,84980.13,15,3,False,3.2,True,False,0,6.92,True,17,invoice_error,escalate_to_collections,False,False,False,False,False
inv_000612,cust_000227,2026-05-27T00:00:00,11480.13,5,0,True,6.0,True,True,1,7.49,False,11,dispute_pending,automated_reminder,False,False,False,False,False
inv_000613,cust_001406,2026-05-03T00:00:00,12135.0,15,0,False,5.1,False,True,0,1.08,True,10,cash_flow_issue,automated_reminder,True,False,True,True,True
inv_000614,cust_000914,2026-01-18T00:00:00,50300.45,5,6,False,8.0,True,True,0,0.61,True,12,cash_flow_issue,automated_reminder_with_payment_plan_offer,False,False,False,False,False
inv_000615,cust_000734,2026-02-28T00:00:00,6468.68,30,3,False,8.8,True,True,3,16.91,False,10,invoice_error,automated_reminder_with_payment_plan_offer,False,False,False,False,False
inv_000616,cust_001281,2026-04-15T00:00:00,3000.0,1,0,False,1.6,False,True,0,0.24,True,15,cash_flow_issue,escalate_to_collections,False,False,False,True,False
inv_000617,cust_000914,2026-07-17T00:00:00,30194.74,30,4,False,7.6,True,True,0,0.02,True,17,cash_flow_issue,do_nothing,False,False,False,False,False
inv_000618,cust_000368,2026-03-02T00:00:00,38589.13,5,0,False,2.1,True,True,0,12.09,True,10,invoice_error,escalate_to_collections,False,False,False,False,False
inv_000619,cust_000449,2026-04-08T00:00:00,1060362.94,15,6,False,29.6,True,True,0,1.59,True,10,chronic_late_payer,automated_reminder,False,False,False,False,False
inv_000620,cust_000449,2026-04-25T00:00:00,1016028.95,60,6,True,14.1,False,True,0,7.37,True,17,dispute_pending,automated_reminder,False,False,False,False,False
inv_000621,cust_000173,2026-02-21T00:00:00,24334.37,5,6,False,20.4,True,True,0,0.3,True,17,chronic_late_payer,automated_reminder,False,True,False,False,True
inv_000622,cust_001199,2026-01-05T00:00:00,39170.09,1,4,True,6.7,True,True,1,0.42,True,13,dispute_pending,escalate_to_collections,False,False,False,True,False
inv_000623,cust_000033,2026-04-18T00:00:00,37193.6,45,4,True,9.4,True,True,0,0.36,False,10,dispute_pending,automated_reminder_with_payment_plan_offer,False,False,False,False,False
inv_000624,cust_000966,2026-01-28T00:00:00,16104.93,1,3,False,8.4,True,True,0,1.08,True,18,cash_flow_issue,do_nothing,False,False,True,False,True
inv_000625,cust_000825,2026-01-28T00:00:00,25756.14,120,6,False,8.4,True,True,0,0.85,True,15,cash_flow_issue,automated_reminder,False,False,False,False,True
inv_000626,cust_001465,2026-07-05T00:00:00,16730.5,5,3,False,28.6,True,True,1,0.76,True,10,chronic_late_payer,automated_reminder,True,False,True,True,False
inv_000627,cust_001256,2026-01-31T00:00:00,17549.61,15,4,False,5.8,True,True,0,0.11,False,13,cash_flow_issue,escalate_to_collections,True,True,True,True,True
inv_000628,cust_001385,2026-04-07T00:00:00,35693.76,15,6,False,16.4,True,True,0,0.45,False,9,chronic_late_payer,do_nothing,True,True,True,True,True
inv_000629,cust_000109,2026-03-10T00:00:00,72225.01,45,1,False,8.0,False,True,0,6.98,False,14,invoice_error,automated_reminder,False,False,False,False,False
inv_000630,cust_001238,2026-07-16T00:00:00,5546.16,5,0,True,6.4,True,True,0,0.26,True,14,dispute_pending,do_nothing,False,False,False,True,True
inv_000631,cust_000497,2026-05-25T00:00:00,13427.55,60,8,False,30.4,True,True,0,1.35,True,16,chronic_late_payer,escalate_to_collections,True,False,True,False,True
inv_000632,cust_000204,2026-06-28T00:00:00,16798.77,1,2,True,8.3,False,True,0,3.04,True,18,dispute_pending,do_nothing,True,True,False,True,False
inv_000633,cust_000245,2026-07-08T00:00:00,828419.39,15,7,False,14.7,True,False,0,0.68,True,18,chronic_late_payer,escalate_to_collections,True,True,True,True,True
inv_000634,cust_000477,2026-02-26T00:00:00,23848.2,1,0,False,1.3,True,True,0,1.34,True,16,cash_flow_issue,automated_reminder_with_payment_plan_offer,True,False,False,True,False
inv_000635,cust_000877,2026-01-23T00:00:00,25179.47,30,4,False,10.4,True,True,0,0.31,True,9,cash_flow_issue,do_nothing,False,False,False,False,False
inv_000636,cust_000734,2026-02-23T00:00:00,8622.85,1,3,False,4.2,False,True,0,0.34,True,12,cash_flow_issue,automated_reminder,True,False,True,True,False
inv_000637,cust_001376,2026-01-27T00:00:00,44190.8,45,5,True,5.8,False,True,0,8.5,True,10,dispute_pending,automated_reminder_with_payment_plan_offer,False,False,False,False,False
inv_000638,cust_000315,2026-06-05T00:00:00,42486.98,1,2,False,22.4,False,True,0,1.82,False,11,chronic_late_payer,automated_reminder_with_payment_plan_offer,False,True,True,False,True
inv_000639,cust_001412,2026-05-23T00:00:00,70559.36,30,3,False,12.1,False,True,0,0.23,True,14,cash_flow_issue,automated_reminder,True,False,True,False,True
inv_000640,cust_000257,2026-03-12T00:00:00,201688.77,5,0,True,3.0,True,True,0,6.66,True,18,dispute_pending,escalate_to_collections,False,False,True,True,False
inv_000641,cust_000001,2026-03-12T00:00:00,28052.27,60,3,False,3.0,False,True,2,17.59,False,12,invoice_error,do_nothing,False,False,False,False,False
inv_000642,cust_000664,2026-04-09T00:00:00,14774.45,45,5,False,12.5,False,True,0,0.5,True,9,cash_flow_issue,do_nothing,False,False,False,False,True
inv_000643,cust_001001,2026-04-25T00:00:00,39969.46,30,4,False,3.0,True,False,1,3.22,True,15,invoice_error,escalate_to_collections,False,False,False,False,False
inv_000644,cust_000981,2026-04-17T00:00:00,38984.91,1,1,True,7.2,True,True,0,2.14,True,16,dispute_pending,escalate_to_collections,False,False,False,True,False
inv_000645,cust_001256,2026-01-13T00:00:00,19673.6,90,4,False,8.1,True,True,0,1.16,True,18,cash_flow_issue,automated_reminder_with_payment_plan_offer,False,False,False,False,False
inv_000646,cust_000981,2026-02-04T00:00:00,61969.52,1,1,False,2.8,True,True,1,3.63,False,11,invoice_error,do_nothing,False,False,False,False,False
inv_000647,cust_000750,2026-04-24T00:00:00,22135.21,5,5,False,18.1,False,True,1,1.33,True,15,chronic_late_payer,automated_reminder,True,True,True,True,False
inv_000648,cust_001431,2026-05-19T00:00:00,14984.1,5,1,False,6.1,True,True,0,1.23,False,17,chronic_late_payer,do_nothing,False,False,False,True,False
inv_000649,cust_001406,2026-07-07T00:00:00,7608.34,45,8,False,24.8,True,True,0,0.48,True,11,chronic_late_payer,automated_reminder_with_payment_plan_offer,True,False,True,True,True
inv_000650,cust_000662,2026-07-09T00:00:00,44872.05,30,0,False,6.7,True,True,0,0.54,True,13,cash_flow_issue,do_nothing,False,False,True,True,True
inv_000651,cust_001001,2026-02-06T00:00:00,65808.37,30,7,False,7.9,False,True,0,0.95,True,15,chronic_late_payer,automated_reminder,True,True,True,True,False
inv_000652,cust_001237,2026-02-17T00:00:00,48370.8,1,5,False,20.0,True,True,0,0.76,False,16,chronic_late_payer,automated_reminder_with_payment_plan_offer,True,False,True,True,True
inv_000653,cust_000510,2026-02-08T00:00:00,50228.98,60,6,False,18.0,True,True,0,1.72,True,12,chronic_late_payer,escalate_to_collections,True,False,False,False,True
inv_000654,cust_000720,2026-05-23T00:00:00,77492.56,90,1,False,9.1,False,True,0,5.73,False,12,invoice_error,escalate_to_collections,False,False,False,False,False
inv_000655,cust_001317,2026-03-16T00:00:00,13097.44,60,2,False,0.0,True,True,0,0.35,True,11,cash_flow_issue,do_nothing,False,False,True,True,True
inv_000656,cust_000077,2026-02-06T00:00:00,14793.23,30,8,False,6.8,True,True,0,0.03,True,15,cash_flow_issue,automated_reminder_with_payment_plan_offer,False,False,False,False,False
inv_000657,cust_000150,2026-05-21T00:00:00,170711.08,45,0,False,17.0,True,True,0,1.06,False,16,chronic_late_payer,automated_reminder,False,False,False,True,False
inv_000658,cust_001283,2026-05-22T00:00:00,134526.09,15,6,False,19.9,True,True,0,2.09,True,11,chronic_late_payer,escalate_to_collections,False,False,True,False,False
inv_000659,cust_000741,2026-06-03T00:00:00,12154.73,45,3,False,7.6,True,True,0,0.18,True,17,cash_flow_issue,do_nothing,True,True,True,False,True
inv_000660,cust_000195,2026-05-24T00:00:00,184972.3,30,5,False,6.0,True,True,0,0.32,True,9,cash_flow_issue,do_nothing,True,True,False,False,False
inv_000661,cust_000530,2026-05-10T00:00:00,32542.49,45,2,False,8.2,True,True,0,0.11,True,13,cash_flow_issue,escalate_to_collections,False,True,True,False,False
inv_000662,cust_000744,2026-05-18T00:00:00,18758.5,5,2,False,0.1,True,True,1,9.04,False,13,invoice_error,escalate_to_collections,False,False,False,False,False
inv_000663,cust_000750,2026-05-04T00:00:00,11989.3,30,2,False,6.3,False,True,0,0.66,False,18,cash_flow_issue,automated_reminder_with_payment_plan_offer,False,False,True,False,False
inv_000664,cust_001156,2026-01-05T00:00:00,34371.65,30,0,True,4.5,True,True,1,3.94,True,16,dispute_pending,do_nothing,False,False,False,False,False
inv_000665,cust_001254,2026-03-31T00:00:00,56737.51,1,7,False,33.4,True,True,0,1.17,False,10,chronic_late_payer,do_nothing,False,False,True,True,True
inv_000666,cust_000167,2026-06-11T00:00:00,42461.87,1,4,False,10.4,False,True,0,0.94,True,11,cash_flow_issue,automated_reminder_with_payment_plan_offer,True,False,False,True,False
inv_000667,cust_001488,2026-06-06T00:00:00,17266.08,30,0,False,5.4,True,True,0,0.38,True,12,cash_flow_issue,automated_reminder_with_payment_plan_offer,True,False,False,True,True
inv_000668,cust_001342,2026-01-12T00:00:00,40484.3,1,4,False,13.2,True,True,0,2.26,False,10,cash_flow_issue,automated_reminder,False,False,False,False,False
inv_000669,cust_000323,2026-01-06T00:00:00,23572.41,5,5,False,12.7,False,True,0,1.85,False,11,chronic_late_payer,automated_reminder_with_payment_plan_offer,True,False,True,True,True
inv_000670,cust_000530,2026-04-20T00:00:00,10876.97,90,2,False,6.7,False,True,0,0.3,True,9,dispute_pending,escalate_to_collections,False,False,False,False,False
inv_000671,cust_001336,2026-07-17T00:00:00,65155.18,5,2,False,4.0,True,True,1,1.53,True,11,cash_flow_issue,automated_reminder_with_payment_plan_offer,True,True,True,True,False
inv_000672,cust_001452,2026-01-12T00:00:00,83669.02,1,1,False,4.7,True,True,1,5.63,False,9,invoice_error,escalate_to_collections,False,False,False,False,False
inv_000673,cust_001439,2026-03-08T00:00:00,9855.07,45,5,False,11.4,True,True,0,0.64,True,13,cash_flow_issue,escalate_to_collections,False,False,False,True,False
inv_000674,cust_001377,2026-03-14T00:00:00,20457.17,15,0,False,6.7,False,True,0,1.61,True,10,cash_flow_issue,automated_reminder,True,False,True,False,False
inv_000675,cust_000744,2026-05-12T00:00:00,12806.7,30,2,False,14.1,True,True,0,1.2,False,13,cash_flow_issue,escalate_to_collections,False,False,True,False,False
inv_000676,cust_000010,2026-03-10T00:00:00,7875.02,1,0,True,7.0,True,True,1,3.33,True,9,dispute_pending,automated_reminder,False,False,False,False,False
inv_000677,cust_000561,2026-07-18T00:00:00,48061.26,90,3,False,17.0,True,True,0,1.11,True,16,chronic_late_payer,automated_reminder,False,False,False,False,True
inv_000678,cust_001253,2026-03-18T00:00:00,25794.2,15,1,False,3.0,True,True,0,2.36,False,17,cash_flow_issue,automated_reminder,False,False,False,True,False
inv_000679,cust_000168,2026-05-22T00:00:00,94480.35,5,1,False,9.5,False,True,0,1.53,True,16,cash_flow_issue,automated_reminder_with_payment_plan_offer,True,False,True,True,True
inv_000680,cust_000339,2026-06-27T00:00:00,20341.07,5,3,False,9.8,False,True,1,0.43,False,10,chronic_late_payer,automated_reminder,False,False,False,False,True
inv_000681,cust_001116,2026-03-11T00:00:00,25007.92,1,0,False,4.1,True,True,0,0.02,True,12,cash_flow_issue,escalate_to_collections,True,False,True,True,True
inv_000682,cust_000470,2026-07-16T00:00:00,5241.77,5,5,False,13.4,False,True,0,2.2,True,9,cash_flow_issue,automated_reminder_with_payment_plan_offer,True,False,False,True,False
inv_000683,cust_000899,2026-05-20T00:00:00,570208.07,1,5,False,7.0,True,True,0,1.11,True,12,cash_flow_issue,escalate_to_collections,True,False,False,True,True
inv_000684,cust_001050,2026-02-26T00:00:00,87307.5,30,5,False,15.4,True,True,0,0.54,True,18,chronic_late_payer,automated_reminder,True,False,True,True,False
inv_000685,cust_000159,2026-07-17T00:00:00,86342.94,5,0,False,2.8,True,True,0,18.18,True,12,invoice_error,automated_reminder,False,False,False,False,False
inv_000686,cust_001465,2026-05-31T00:00:00,41284.65,5,3,False,20.9,False,True,0,0.02,True,16,chronic_late_payer,do_nothing,False,False,False,True,True
inv_000687,cust_000740,2026-07-06T00:00:00,49925.55,45,6,False,23.8,True,True,0,0.09,False,10,chronic_late_payer,do_nothing,False,False,False,False,True
inv_000688,cust_000291,2026-05-16T00:00:00,71359.35,45,4,False,9.4,True,True,3,4.9,False,17,invoice_error,do_nothing,False,False,False,False,False
inv_000689,cust_000891,2026-06-11T00:00:00,32048.11,5,1,False,8.5,False,True,0,2.04,True,16,cash_flow_issue,escalate_to_collections,False,False,True,False,False
inv_000690,cust_000200,2026-02-09T00:00:00,28468.19,5,2,False,25.7,False,True,0,0.19,False,9,chronic_late_payer,do_nothing,True,True,True,True,False
inv_000691,cust_001438,2026-03-04T00:00:00,64068.22,45,5,False,7.1,True,True,0,0.57,True,12,cash_flow_issue,automated_reminder_with_payment_plan_offer,False,False,False,False,False
inv_000692,cust_001313,2026-05-07T00:00:00,39497.79,5,2,True,6.4,True,True,0,1.63,True,14,dispute_pending,automated_reminder_with_payment_plan_offer,False,False,False,False,False
inv_000693,cust_001296,2026-06-24T00:00:00,6849.78,1,4,False,3.5,True,True,0,0.19,False,17,cash_flow_issue,automated_reminder_with_payment_plan_offer,False,False,True,False,False
inv_000694,cust_000528,2026-05-28T00:00:00,45004.25,30,2,False,22.2,True,True,0,0.92,True,12,chronic_late_payer,escalate_to_collections,False,False,False,False,False
inv_000695,cust_000164,2026-02-06T00:00:00,62577.27,45,7,False,20.9,False,True,0,0.26,False,15,chronic_late_payer,automated_reminder_with_payment_plan_offer,True,True,True,True,False
inv_000696,cust_000100,2026-06-19T00:00:00,66634.98,15,0,False,1.0,True,True,0,1.27,True,12,cash_flow_issue,escalate_to_collections,False,False,True,True,False
inv_000697,cust_000511,2026-04-28T00:00:00,541725.69,15,4,False,22.6,False,True,0,0.9,False,18,chronic_late_payer,automated_reminder,False,False,False,False,False
inv_000698,cust_001257,2026-04-18T00:00:00,347258.71,15,4,True,8.2,True,True,0,1.44,True,9,dispute_pending,automated_reminder_with_payment_plan_offer,False,False,False,False,True
inv_000699,cust_001117,2026-07-15T00:00:00,151559.11,1,3,True,6.7,True,True,0,12.91,True,13,dispute_pending,automated_reminder,False,False,False,False,True
inv_000700,cust_000798,2026-02-27T00:00:00,83997.85,90,1,False,4.0,True,True,3,11.15,False,17,invoice_error,automated_reminder,False,False,False,False,False
inv_000701,cust_001264,2026-02-01T00:00:00,7974.37,5,3,False,6.5,True,True,0,0.73,True,15,cash_flow_issue,automated_reminder_with_payment_plan_offer,True,False,False,True,False
inv_000702,cust_000506,2026-02-06T00:00:00,81583.09,15,7,False,11.0,True,True,1,14.1,False,18,invoice_error,automated_reminder_with_payment_plan_offer,False,False,False,False,False
inv_000703,cust_000960,2026-02-03T00:00:00,20092.47,60,6,False,10.4,False,True,0,1.34,True,16,cash_flow_issue,automated_reminder,True,False,True,True,True
inv_000704,cust_001178,2026-06-20T00:00:00,62835.09,30,4,False,14.0,True,False,0,0.95,True,18,cash_flow_issue,automated_reminder_with_payment_plan_offer,True,False,False,True,False
inv_000705,cust_000366,2026-01-09T00:00:00,33576.51,45,5,False,20.2,True,True,0,0.01,True,15,chronic_late_payer,automated_reminder_with_payment_plan_offer,False,False,True,False,False
inv_000706,cust_000296,2026-06-04T00:00:00,48807.26,120,4,False,9.6,True,True,0,0.48,True,15,cash_flow_issue,escalate_to_collections,False,False,True,False,False
inv_000707,cust_000162,2026-06-02T00:00:00,16083.59,90,0,False,5.7,True,True,0,1.22,True,15,cash_flow_issue,escalate_to_collections,True,False,False,True,True
inv_000708,cust_000213,2026-05-29T00:00:00,38379.33,5,7,False,31.3,True,True,0,0.67,True,11,chronic_late_payer,automated_reminder_with_payment_plan_offer,False,False,False,False,False
inv_000709,cust_001220,2026-01-29T00:00:00,18157.6,1,5,False,9.7,True,True,0,1.28,True,9,cash_flow_issue,automated_reminder_with_payment_plan_offer,True,False,True,True,True
inv_000710,cust_001281,2026-04-18T00:00:00,6496.96,1,0,True,0.0,False,True,0,2.18,True,13,dispute_pending,do_nothing,False,False,False,False,False
inv_000711,cust_000376,2026-02-03T00:00:00,53836.79,1,4,True,8.2,True,True,1,7.95,True,17,dispute_pending,do_nothing,False,False,False,False,True
inv_000712,cust_001430,2026-03-16T00:00:00,66521.32,30,6,False,18.8,True,False,0,0.99,True,11,chronic_late_payer,automated_reminder,True,False,True,False,False
inv_000713,cust_000529,2026-06-11T00:00:00,17146.61,5,0,False,7.8,True,True,0,0.49,True,17,cash_flow_issue,automated_reminder_with_payment_plan_offer,True,False,True,True,False
inv_000714,cust_001155,2026-07-02T00:00:00,34900.27,90,8,False,3.7,False,True,0,0.3,True,13,chronic_late_payer,do_nothing,False,False,True,False,False
inv_000715,cust_000966,2026-01-10T00:00:00,5623.78,30,3,False,2.9,False,True,0,1.31,False,17,cash_flow_issue,do_nothing,True,True,True,True,True
inv_000716,cust_000736,2026-03-21T00:00:00,84464.18,90,3,False,21.7,True,True,0,1.62,True,17,chronic_late_payer,automated_reminder,False,False,False,True,False
inv_000717,cust_001284,2026-05-01T00:00:00,15987.12,15,3,False,21.5,False,True,0,0.91,False,9,chronic_late_payer,escalate_to_collections,False,False,False,False,False
inv_000718,cust_000381,2026-04-03T00:00:00,27221.18,5,4,False,29.3,True,True,0,0.51,False,9,chronic_late_payer,do_nothing,False,False,True,True,True
inv_000719,cust_000274,2026-07-16T00:00:00,81851.53,30,4,False,3.8,True,False,1,8.93,True,10,dispute_pending,do_nothing,False,False,False,False,False
inv_000720,cust_001420,2026-05-20T00:00:00,45232.61,15,8,False,26.9,True,False,0,0.49,True,10,chronic_late_payer,escalate_to_collections,False,True,True,True,False
inv_000721,cust_001178,2026-02-09T00:00:00,15683.39,5,4,False,6.4,True,True,0,0.93,False,13,cash_flow_issue,escalate_to_collections,False,False,False,False,False
inv_000722,cust_000556,2026-02-28T00:00:00,1613548.51,15,7,False,19.1,False,True,0,0.51,True,16,cash_flow_issue,automated_reminder_with_payment_plan_offer,False,False,False,False,False
inv_000723,cust_000510,2026-03-24T00:00:00,76593.59,90,2,False,6.2,False,True,0,1.37,True,12,cash_flow_issue,escalate_to_collections,True,True,True,True,True
inv_000724,cust_001313,2026-04-04T00:00:00,104015.16,15,2,True,8.7,True,True,0,5.7,True,12,dispute_pending,automated_reminder,False,False,False,False,False
inv_000725,cust_001313,2026-05-08T00:00:00,57484.9,45,2,False,11.3,True,False,0,0.73,False,9,chronic_late_payer,automated_reminder_with_payment_plan_offer,False,False,False,False,True
inv_000726,cust_001230,2026-01-13T00:00:00,242643.82,15,6,False,26.4,True,True,0,0.84,True,11,chronic_late_payer,do_nothing,False,False,False,False,False
inv_000727,cust_000624,2026-01-02T00:00:00,39847.85,15,6,False,5.0,True,True,0,2.11,True,18,cash_flow_issue,do_nothing,False,False,False,False,False
inv_000728,cust_000071,2026-02-03T00:00:00,16471.3,45,3,False,5.7,True,False,2,2.59,True,17,invoice_error,escalate_to_collections,False,False,False,False,False
inv_000729,cust_001068,2026-02-02T00:00:00,32601.07,1,5,False,15.4,True,True,0,1.01,True,16,chronic_late_payer,automated_reminder_with_payment_plan_offer,True,False,False,True,False
inv_000730,cust_000197,2026-02-10T00:00:00,70731.95,5,4,False,15.6,True,True,0,0.58,True,17,chronic_late_payer,escalate_to_collections,True,True,True,True,True
inv_000731,cust_000278,2026-05-13T00:00:00,116754.15,45,1,False,9.7,True,True,1,8.41,False,11,invoice_error,do_nothing,False,False,False,False,False
inv_000732,cust_000109,2026-05-14T00:00:00,25633.25,30,1,False,2.4,True,True,0,0.17,True,18,cash_flow_issue,escalate_to_collections,False,False,False,False,False
inv_000733,cust_000245,2026-02-01T00:00:00,358896.82,5,5,False,25.2,False,True,0,1.59,True,10,chronic_late_payer,automated_reminder,False,False,False,False,False
inv_000734,cust_000523,2026-04-07T00:00:00,67526.42,15,3,False,12.3,True,True,0,1.08,True,13,cash_flow_issue,automated_reminder,True,True,True,True,True
inv_000735,cust_000388,2026-06-05T00:00:00,148173.35,120,8,False,21.3,True,True,0,0.78,True,11,chronic_late_payer,automated_reminder_with_payment_plan_offer,True,False,True,True,True
inv_000736,cust_000190,2026-05-09T00:00:00,29748.23,5,2,False,6.9,True,True,1,10.25,False,11,invoice_error,automated_reminder_with_payment_plan_offer,False,False,False,False,False
inv_000737,cust_001060,2026-01-13T00:00:00,28852.73,30,4,False,31.0,False,True,0,0.57,False,10,chronic_late_payer,automated_reminder_with_payment_plan_offer,False,True,True,False,True
inv_000738,cust_000499,2026-02-10T00:00:00,34474.29,5,3,False,10.0,True,True,1,24.03,False,15,invoice_error,automated_reminder_with_payment_plan_offer,False,False,False,False,False
inv_000739,cust_000996,2026-03-24T00:00:00,27871.52,60,4,False,15.5,True,False,1,2.53,False,18,invoice_error,automated_reminder_with_payment_plan_offer,False,False,False,False,False
inv_000740,cust_001420,2026-01-09T00:00:00,39195.38,5,4,False,8.8,True,True,0,1.5,False,9,cash_flow_issue,do_nothing,False,False,True,True,True
inv_000741,cust_000637,2026-04-01T00:00:00,403893.42,90,1,False,12.1,False,True,0,0.84,True,13,cash_flow_issue,do_nothing,False,False,False,True,False
inv_000742,cust_001230,2026-03-11T00:00:00,330970.87,15,1,False,9.9,True,True,1,0.5,True,12,cash_flow_issue,do_nothing,True,True,True,True,True
inv_000743,cust_000076,2026-05-28T00:00:00,42133.1,90,5,False,24.1,True,True,0,0.3,True,17,chronic_late_payer,automated_reminder_with_payment_plan_offer,False,True,False,False,False
inv_000744,cust_000741,2026-05-13T00:00:00,14400.17,60,6,True,14.6,True,True,0,2.14,True,12,dispute_pending,automated_reminder,False,False,False,False,False
inv_000745,cust_001119,2026-06-04T00:00:00,9808.03,45,6,False,25.5,True,True,0,1.0,False,12,chronic_late_payer,automated_reminder,True,False,True,False,False
inv_000746,cust_000624,2026-05-10T00:00:00,38653.33,5,2,True,5.2,True,True,0,0.1,True,11,dispute_pending,escalate_to_collections,False,False,False,False,False
inv_000747,cust_000471,2026-04-04T00:00:00,205224.51,120,6,False,18.5,True,True,0,0.56,True,16,chronic_late_payer,automated_reminder_with_payment_plan_offer,False,False,True,False,False
inv_000748,cust_001156,2026-01-18T00:00:00,68251.31,30,0,False,2.1,True,True,0,0.89,True,9,cash_flow_issue,escalate_to_collections,True,True,True,False,True
inv_000749,cust_001235,2026-01-15T00:00:00,12526.86,90,3,False,5.3,True,True,0,0.39,False,13,cash_flow_issue,automated_reminder,False,False,False,True,False
inv_000750,cust_001435,2026-07-14T00:00:00,75908.45,5,1,False,12.5,True,True,0,0.34,True,16,cash_flow_issue,escalate_to_collections,True,True,False,True,True
inv_000751,cust_000383,2026-04-27T00:00:00,294986.54,15,8,False,7.7,False,True,0,7.35,True,16,dispute_pending,automated_reminder,True,False,True,False,False
inv_000752,cust_001257,2026-03-27T00:00:00,956492.44,45,4,False,14.4,True,True,0,0.36,True,17,chronic_late_payer,automated_reminder_with_payment_plan_offer,True,False,True,True,True
inv_000753,cust_001449,2026-06-03T00:00:00,48926.38,90,4,False,13.7,True,True,0,0.35,False,12,cash_flow_issue,automated_reminder_with_payment_plan_offer,False,False,True,False,False
inv_000754,cust_000547,2026-01-22T00:00:00,45987.0,15,4,False,13.0,True,True,0,1.07,True,11,cash_flow_issue,do_nothing,False,False,False,True,False
inv_000755,cust_000724,2026-06-14T00:00:00,71434.24,30,1,False,25.6,True,True,0,0.11,True,17,chronic_late_payer,escalate_to_collections,True,False,True,True,True
inv_000756,cust_000779,2026-07-01T00:00:00,11084.02,15,4,False,16.8,True,True,0,0.31,True,17,cash_flow_issue,do_nothing,True,True,True,True,False
inv_000757,cust_000035,2026-06-12T00:00:00,10777.44,45,8,False,29.7,True,True,0,1.44,False,11,chronic_late_payer,escalate_to_collections,True,True,True,True,True
inv_000758,cust_001292,2026-07-01T00:00:00,45576.7,30,0,False,3.9,True,False,1,8.5,True,14,invoice_error,automated_reminder,False,False,False,False,False
inv_000759,cust_001239,2026-01-07T00:00:00,299542.57,90,0,True,10.9,False,True,1,2.35,True,16,dispute_pending,automated_reminder,False,False,False,False,False
inv_000760,cust_000386,2026-04-25T00:00:00,125752.21,15,4,False,9.6,True,True,0,0.87,True,18,cash_flow_issue,do_nothing,False,False,False,True,False
inv_000761,cust_000057,2026-04-24T00:00:00,48600.04,45,5,False,10.4,True,True,2,0.11,False,14,invoice_error,automated_reminder,False,False,False,False,False
inv_000762,cust_001283,2026-03-24T00:00:00,106369.5,15,0,False,2.7,True,True,0,0.64,True,18,cash_flow_issue,do_nothing,False,False,True,True,False
inv_000763,cust_000248,2026-03-10T00:00:00,50410.73,15,4,False,7.7,False,True,0,0.26,True,16,cash_flow_issue,do_nothing,False,False,False,False,False
inv_000764,cust_000501,2026-05-23T00:00:00,52699.09,1,8,False,19.6,False,True,0,1.14,True,14,chronic_late_payer,automated_reminder,False,False,False,False,False
inv_000765,cust_000197,2026-06-25T00:00:00,57687.17,30,6,False,33.2,False,True,0,0.31,False,10,chronic_late_payer,automated_reminder,False,False,False,False,False
inv_000766,cust_000911,2026-04-09T00:00:00,3000.0,15,7,False,9.1,False,True,0,0.46,True,18,cash_flow_issue,automated_reminder,False,False,False,False,True
inv_000767,cust_001001,2026-04-25T00:00:00,16791.19,60,4,False,5.1,False,True,1,22.67,False,10,invoice_error,escalate_to_collections,False,False,False,False,False
inv_000768,cust_000883,2026-04-30T00:00:00,31001.69,15,2,False,7.6,True,True,1,0.46,True,16,cash_flow_issue,escalate_to_collections,True,False,True,True,True
inv_000769,cust_000463,2026-07-12T00:00:00,63152.65,30,2,False,4.1,True,False,0,3.34,True,13,invoice_error,automated_reminder_with_payment_plan_offer,False,False,False,False,True
inv_000770,cust_000296,2026-01-24T00:00:00,22147.11,45,4,False,27.1,True,True,0,0.44,False,15,chronic_late_payer,automated_reminder_with_payment_plan_offer,True,False,True,True,True
inv_000771,cust_000901,2026-01-10T00:00:00,16539.23,15,4,False,27.9,True,True,1,0.53,True,13,chronic_late_payer,automated_reminder_with_payment_plan_offer,True,True,True,True,False
inv_000772,cust_001060,2026-04-07T00:00:00,38870.53,90,3,False,11.0,True,True,3,7.52,False,15,invoice_error,escalate_to_collections,False,False,False,False,False
inv_000773,cust_000305,2026-03-03T00:00:00,10479.38,60,2,False,16.0,True,True,0,1.27,False,12,chronic_late_payer,escalate_to_collections,False,False,False,False,False
inv_000774,cust_000660,2026-05-20T00:00:00,25176.5,60,0,False,5.0,False,True,1,0.18,True,11,cash_flow_issue,do_nothing,True,True,False,True,True
inv_000775,cust_001449,2026-02-11T00:00:00,37371.62,1,4,False,3.1,True,True,0,1.53,True,11,cash_flow_issue,automated_reminder_with_payment_plan_offer,True,False,False,True,False
inv_000776,cust_001292,2026-03-01T00:00:00,18123.6,1,8,False,19.8,True,True,0,0.91,True,17,chronic_late_payer,do_nothing,False,False,False,True,False
inv_000777,cust_000089,2026-02-07T00:00:00,293553.95,15,3,False,11.2,True,True,0,0.88,True,12,cash_flow_issue,automated_reminder,False,False,False,False,False
inv_000778,cust_000195,2026-04-27T00:00:00,188987.01,5,2,True,6.4,True,True,0,0.0,True,18,dispute_pending,automated_reminder,False,False,False,False,False
inv_000779,cust_001402,2026-01-05T00:00:00,39849.88,1,4,False,11.8,True,False,0,0.43,True,15,cash_flow_issue,do_nothing,False,False,False,True,False
inv_000780,cust_001061,2026-04-29T00:00:00,51151.32,1,5,True,3.6,False,True,1,5.34,True,12,dispute_pending,automated_reminder,False,False,False,False,True
inv_000781,cust_001445,2026-05-31T00:00:00,47172.04,15,5,False,15.5,False,True,0,1.28,True,12,cash_flow_issue,do_nothing,False,False,False,True,False
inv_000782,cust_001485,2026-03-15T00:00:00,30202.49,30,2,False,5.0,True,True,0,1.2,True,15,cash_flow_issue,escalate_to_collections,False,False,True,False,False
inv_000783,cust_000369,2026-06-01T00:00:00,23638.76,30,3,False,12.1,True,True,0,0.65,True,12,cash_flow_issue,escalate_to_collections,False,False,False,False,False
inv_000784,cust_001288,2026-03-11T00:00:00,33258.49,45,4,False,2.8,True,True,0,11.77,True,17,invoice_error,do_nothing,False,False,False,False,False
inv_000785,cust_001186,2026-01-04T00:00:00,14095.93,5,4,False,13.8,True,True,0,3.11,True,11,cash_flow_issue,automated_reminder_with_payment_plan_offer,True,False,True,True,False
inv_000786,cust_000590,2026-04-01T00:00:00,34174.09,15,2,False,20.6,False,True,0,0.2,True,18,chronic_late_payer,do_nothing,True,True,True,True,False
inv_000787,cust_001020,2026-03-30T00:00:00,13140.81,60,4,False,20.8,False,True,0,0.45,True,12,chronic_late_payer,escalate_to_collections,False,False,False,False,False
inv_000788,cust_001414,2026-04-16T00:00:00,103066.93,15,3,True,10.7,False,True,1,4.47,True,17,dispute_pending,automated_reminder_with_payment_plan_offer,False,False,False,False,True
inv_000789,cust_000100,2026-03-31T00:00:00,50090.02,5,0,True,0.6,False,True,0,2.84,True,12,dispute_pending,do_nothing,False,False,False,True,False
inv_000790,cust_000588,2026-06-30T00:00:00,8204.21,90,0,False,7.8,True,True,0,0.39,True,15,cash_flow_issue,automated_reminder_with_payment_plan_offer,True,False,False,True,False
inv_000791,cust_001383,2026-05-16T00:00:00,4070.49,5,0,True,5.7,False,True,1,3.57,False,15,dispute_pending,automated_reminder,False,False,False,False,False
inv_000792,cust_000660,2026-01-02T00:00:00,45931.9,30,0,False,1.1,True,True,3,2.76,False,11,invoice_error,do_nothing,False,False,False,False,False
inv_000793,cust_000845,2026-06-02T00:00:00,17258.83,5,1,False,7.4,False,True,0,1.03,False,9,cash_flow_issue,automated_reminder,False,False,False,False,True
inv_000794,cust_001445,2026-06-30T00:00:00,23840.58,5,1,True,1.8,False,True,0,5.28,False,18,dispute_pending,automated_reminder,False,False,False,False,False
inv_000795,cust_000911,2026-06-06T00:00:00,7412.74,15,7,False,24.7,True,True,0,0.72,True,11,chronic_late_payer,automated_reminder_with_payment_plan_offer,True,False,False,True,False
inv_000796,cust_000227,2026-03-15T00:00:00,6192.08,15,5,False,5.9,False,True,0,0.02,True,18,cash_flow_issue,do_nothing,True,True,True,True,True
inv_000797,cust_000274,2026-03-03T00:00:00,15404.36,30,1,False,2.8,True,True,0,0.26,True,10,cash_flow_issue,automated_reminder_with_payment_plan_offer,False,False,True,False,False
inv_000798,cust_000747,2026-01-03T00:00:00,65784.08,1,3,False,3.2,True,True,0,1.13,True,9,cash_flow_issue,automated_reminder,True,True,True,False,False
inv_000799,cust_000208,2026-02-24T00:00:00,74534.72,1,1,True,9.2,True,True,0,1.66,True,18,dispute_pending,escalate_to_collections,False,False,True,False,False
inv_000800,cust_000070,2026-05-28T00:00:00,32930.29,15,4,False,2.7,True,False,2,16.08,False,13,invoice_error,automated_reminder,False,False,False,False,False
inv_000801,cust_000675,2026-06-26T00:00:00,35125.52,30,3,True,6.1,True,True,1,13.17,True,10,dispute_pending,escalate_to_collections,False,False,False,False,False
inv_000802,cust_001037,2026-01-09T00:00:00,28056.72,30,2,False,22.9,False,True,0,1.05,False,18,chronic_late_payer,do_nothing,True,True,True,True,False
inv_000803,cust_000033,2026-01-27T00:00:00,22054.77,90,4,False,1.6,False,True,0,0.53,True,14,cash_flow_issue,do_nothing,False,False,False,False,False
inv_000804,cust_000077,2026-06-05T00:00:00,6370.43,30,8,False,9.9,False,True,1,1.31,True,16,cash_flow_issue,do_nothing,False,False,False,False,False
inv_000805,cust_001210,2026-01-15T00:00:00,755838.01,5,4,False,4.6,True,True,0,6.21,True,15,invoice_error,escalate_to_collections,False,False,False,False,False
inv_000806,cust_000514,2026-02-12T00:00:00,45455.78,45,1,True,4.3,False,True,0,7.45,True,16,dispute_pending,do_nothing,False,False,False,False,False
inv_000807,cust_001264,2026-01-25T00:00:00,6774.1,90,3,False,16.5,True,True,0,0.58,True,16,cash_flow_issue,do_nothing,False,False,True,False,False
inv_000808,cust_001067,2026-04-20T00:00:00,26751.4,15,6,False,11.1,True,True,0,6.94,True,15,dispute_pending,automated_reminder,False,False,False,False,False
inv_000809,cust_000007,2026-06-18T00:00:00,442085.51,15,6,False,14.3,False,True,0,1.65,True,17,chronic_late_payer,automated_reminder,True,False,True,True,True
inv_000810,cust_000897,2026-05-24T00:00:00,67629.2,30,4,False,8.0,False,True,0,8.51,False,15,invoice_error,automated_reminder_with_payment_plan_offer,False,False,False,False,False
inv_000811,cust_000070,2026-04-05T00:00:00,31638.71,1,4,False,30.8,True,True,0,0.31,True,12,chronic_late_payer,automated_reminder_with_payment_plan_offer,True,False,False,True,True
inv_000812,cust_000167,2026-03-07T00:00:00,21708.04,1,4,False,0.5,True,True,0,0.86,True,9,dispute_pending,automated_reminder_with_payment_plan_offer,False,False,False,False,False
inv_000813,cust_000023,2026-02-10T00:00:00,30411.31,45,4,True,6.9,False,True,0,3.73,True,16,dispute_pending,automated_reminder_with_payment_plan_offer,False,False,False,False,False
inv_000814,cust_001420,2026-02-10T00:00:00,39502.54,5,4,False,20.8,True,True,0,1.28,True,10,chronic_late_payer,escalate_to_collections,True,False,True,True,True
inv_000815,cust_000759,2026-04-15T00:00:00,15436.99,90,1,True,8.6,False,True,0,8.96,True,11,dispute_pending,escalate_to_collections,True,False,False,False,True
inv_000816,cust_000359,2026-02-09T00:00:00,44152.06,30,3,False,5.1,False,True,0,0.46,True,16,cash_flow_issue,automated_reminder_with_payment_plan_offer,True,False,False,True,False
inv_000817,cust_000092,2026-02-13T00:00:00,26454.04,60,1,False,0.7,True,True,0,1.93,False,16,invoice_error,automated_reminder,False,False,False,False,False
inv_000818,cust_000071,2026-04-15T00:00:00,38565.57,120,3,False,13.2,True,True,0,0.36,True,14,cash_flow_issue,do_nothing,False,False,False,False,False
inv_000819,cust_000485,2026-06-27T00:00:00,47560.09,15,5,False,4.4,True,True,0,0.78,True,16,cash_flow_issue,automated_reminder,False,False,False,False,False
inv_000820,cust_001281,2026-05-31T00:00:00,3242.26,5,7,False,17.1,True,True,0,0.16,True,11,chronic_late_payer,escalate_to_collections,True,False,True,True,True
inv_000821,cust_001254,2026-03-10T00:00:00,81706.65,5,3,False,12.9,True,True,0,0.88,True,16,cash_flow_issue,escalate_to_collections,False,True,True,True,False
inv_000822,cust_000586,2026-06-18T00:00:00,38949.83,15,0,False,9.4,True,True,1,3.08,True,15,cash_flow_issue,do_nothing,False,False,False,True,False
inv_000823,cust_000118,2026-05-30T00:00:00,69751.5,5,2,True,13.6,False,True,0,17.53,True,13,dispute_pending,escalate_to_collections,False,True,False,False,False
inv_000824,cust_001043,2026-04-07T00:00:00,645938.56,5,0,False,8.1,False,True,0,0.05,True,15,cash_flow_issue,automated_reminder,True,False,True,True,True
inv_000825,cust_000038,2026-02-09T00:00:00,94203.84,5,0,False,5.2,False,True,1,8.84,False,16,invoice_error,escalate_to_collections,False,False,False,False,False
inv_000826,cust_001063,2026-03-20T00:00:00,75012.93,15,2,False,8.7,True,True,1,2.02,False,18,cash_flow_issue,automated_reminder_with_payment_plan_offer,False,False,False,False,False
inv_000827,cust_000366,2026-07-07T00:00:00,73725.12,90,1,False,6.9,False,True,0,13.48,False,15,invoice_error,automated_reminder_with_payment_plan_offer,False,False,False,False,False
inv_000828,cust_000278,2026-07-20T00:00:00,46912.99,15,1,False,6.8,True,False,0,1.52,True,11,cash_flow_issue,automated_reminder_with_payment_plan_offer,True,False,False,True,False
inv_000829,cust_000323,2026-05-16T00:00:00,20997.15,30,0,False,12.6,True,False,0,0.01,True,17,chronic_late_payer,automated_reminder_with_payment_plan_offer,False,True,False,False,True
inv_000830,cust_000523,2026-01-21T00:00:00,43784.69,15,3,False,10.3,True,True,0,0.16,True,10,cash_flow_issue,automated_reminder_with_payment_plan_offer,True,True,True,True,True
inv_000831,cust_000661,2026-04-17T00:00:00,5793.51,15,3,False,19.8,False,True,0,0.42,True,17,chronic_late_payer,escalate_to_collections,True,False,True,True,True
inv_000832,cust_000877,2026-03-04T00:00:00,43535.13,30,4,True,8.5,False,True,0,4.31,False,18,dispute_pending,automated_reminder_with_payment_plan_offer,False,False,False,False,False
inv_000833,cust_000596,2026-06-14T00:00:00,6971.42,5,1,True,5.5,False,True,0,6.04,True,18,dispute_pending,escalate_to_collections,False,False,False,False,False
inv_000834,cust_001427,2026-02-13T00:00:00,7315.89,30,3,False,6.6,True,True,0,0.49,True,17,cash_flow_issue,automated_reminder_with_payment_plan_offer,False,False,False,False,True
inv_000835,cust_001178,2026-03-26T00:00:00,71663.49,30,4,False,33.5,False,True,0,0.57,False,14,chronic_late_payer,escalate_to_collections,True,False,False,True,True
inv_000836,cust_000383,2026-07-06T00:00:00,898501.98,1,8,False,6.4,True,True,0,0.81,True,10,cash_flow_issue,escalate_to_collections,True,False,True,True,True
inv_000837,cust_000679,2026-04-09T00:00:00,101787.37,90,5,False,8.4,False,True,1,8.64,False,12,invoice_error,escalate_to_collections,False,False,False,False,False
inv_000838,cust_000966,2026-06-30T00:00:00,14331.89,60,4,False,33.9,True,True,0,0.2,True,12,chronic_late_payer,do_nothing,False,False,True,True,True
inv_000839,cust_000892,2026-03-13T00:00:00,1191506.56,30,6,False,6.4,False,True,0,14.24,True,11,invoice_error,do_nothing,False,False,False,False,False
inv_000840,cust_000736,2026-05-11T00:00:00,67503.89,90,8,False,32.3,True,True,0,0.19,True,14,chronic_late_payer,automated_reminder,False,False,False,True,False
inv_000841,cust_000747,2026-07-13T00:00:00,225894.28,15,3,True,8.6,True,False,1,5.41,True,15,dispute_pending,do_nothing,False,False,False,False,True
inv_000842,cust_001095,2026-01-12T00:00:00,53745.04,120,0,False,8.6,True,True,0,0.66,True,13,cash_flow_issue,automated_reminder_with_payment_plan_offer,False,False,False,False,False
inv_000843,cust_000010,2026-05-17T00:00:00,16453.4,45,4,False,18.4,False,True,0,1.78,True,9,chronic_late_payer,do_nothing,True,True,False,True,True
inv_000844,cust_001431,2026-03-25T00:00:00,51596.68,1,1,False,5.3,True,True,0,0.12,True,9,cash_flow_issue,escalate_to_collections,True,True,True,True,True
inv_000845,cust_001290,2026-06-19T00:00:00,66852.46,45,6,False,20.5,False,True,0,0.8,True,11,chronic_late_payer,do_nothing,False,False,False,False,False
inv_000846,cust_001436,2026-05-20T00:00:00,89685.99,30,4,False,18.2,True,True,0,0.22,False,9,chronic_late_payer,automated_reminder_with_payment_plan_offer,True,False,False,True,False
inv_000847,cust_000485,2026-06-25T00:00:00,42602.51,45,3,False,18.0,True,True,0,0.65,True,9,chronic_late_payer,automated_reminder,True,False,True,False,True
inv_000848,cust_000660,2026-06-03T00:00:00,83323.92,30,6,False,31.3,False,True,0,1.15,True,16,chronic_late_payer,do_nothing,True,True,False,True,True
inv_000849,cust_000779,2026-04-19T00:00:00,45655.73,45,4,True,9.7,True,True,0,3.29,True,16,dispute_pending,automated_reminder_with_payment_plan_offer,False,False,False,False,False
inv_000850,cust_000966,2026-06-20T00:00:00,11946.85,90,3,False,7.6,True,True,0,15.67,False,9,invoice_error,automated_reminder,False,False,False,False,False
inv_000851,cust_000419,2026-06-18T00:00:00,320091.97,30,2,False,9.7,True,True,0,0.45,True,9,cash_flow_issue,escalate_to_collections,False,False,False,False,False
inv_000852,cust_000084,2026-03-01T00:00:00,21387.95,1,6,False,12.0,True,True,0,0.49,False,17,cash_flow_issue,automated_reminder,True,False,True,True,False
inv_000853,cust_001155,2026-04-08T00:00:00,14754.78,15,8,False,16.9,True,True,0,0.71,False,10,chronic_late_payer,escalate_to_collections,False,False,True,False,False
inv_000854,cust_001422,2026-03-05T00:00:00,827653.58,45,2,True,0.6,True,False,0,8.08,True,18,dispute_pending,escalate_to_collections,False,False,False,False,False
inv_000855,cust_000296,2026-02-09T00:00:00,31236.93,5,4,False,9.0,False,True,1,1.68,True,12,chronic_late_payer,automated_reminder,True,False,True,True,False
inv_000856,cust_001050,2026-05-18T00:00:00,73653.55,30,0,False,5.9,False,True,0,1.02,False,15,cash_flow_issue,escalate_to_collections,True,False,True,True,True
inv_000857,cust_000832,2026-06-22T00:00:00,101490.81,120,8,False,21.0,True,True,0,0.63,False,12,chronic_late_payer,do_nothing,False,False,False,False,False
inv_000858,cust_000865,2026-01-16T00:00:00,38633.15,45,5,False,24.3,True,True,1,0.67,True,12,chronic_late_payer,automated_reminder,False,False,False,True,False
inv_000859,cust_000654,2026-01-30T00:00:00,284174.61,1,3,False,4.5,False,True,1,0.81,True,15,invoice_error,do_nothing,False,False,False,False,False
inv_000860,cust_000423,2026-03-21T00:00:00,44530.76,15,8,False,11.5,True,True,0,0.44,True,18,chronic_late_payer,escalate_to_collections,True,False,False,False,True
inv_000861,cust_000056,2026-02-12T00:00:00,5327.61,60,5,False,8.9,True,True,0,1.17,False,15,chronic_late_payer,automated_reminder_with_payment_plan_offer,True,False,True,True,False
inv_000862,cust_001033,2026-04-09T00:00:00,474879.98,5,7,False,22.8,True,True,0,0.51,True,13,chronic_late_payer,do_nothing,False,False,False,True,False
inv_000863,cust_001290,2026-04-10T00:00:00,15786.4,5,7,False,29.4,False,True,1,1.2,True,9,chronic_late_payer,do_nothing,True,True,True,False,True
inv_000864,cust_001322,2026-02-03T00:00:00,20350.14,120,6,False,33.6,False,True,0,0.69,True,18,chronic_late_payer,do_nothing,False,False,False,True,False
inv_000865,cust_000242,2026-04-14T00:00:00,37082.75,30,2,False,20.7,False,True,0,1.78,True,16,chronic_late_payer,do_nothing,False,False,False,False,True
inv_000866,cust_001117,2026-01-09T00:00:00,566073.89,15,3,True,7.8,False,True,0,12.05,True,11,dispute_pending,escalate_to_collections,False,False,False,False,False
inv_000867,cust_000845,2026-07-05T00:00:00,53017.78,45,1,False,22.6,True,True,0,0.87,True,12,chronic_late_payer,escalate_to_collections,True,False,True,True,True
inv_000868,cust_001435,2026-01-22T00:00:00,14135.09,120,1,False,2.1,True,True,0,1.68,True,15,cash_flow_issue,automated_reminder,True,False,True,True,True
inv_000869,cust_001331,2026-03-28T00:00:00,429915.17,60,3,False,9.9,True,True,0,2.93,True,12,cash_flow_issue,automated_reminder_with_payment_plan_offer,True,True,True,True,True
inv_000870,cust_001235,2026-04-03T00:00:00,20066.22,45,8,False,22.6,False,True,0,0.26,True,10,chronic_late_payer,automated_reminder,True,False,True,True,False
inv_000871,cust_001103,2026-01-04T00:00:00,41635.86,1,4,False,20.7,True,True,0,1.38,True,17,chronic_late_payer,do_nothing,False,False,True,False,False
inv_000872,cust_000741,2026-04-10T00:00:00,3473.22,90,2,True,9.7,True,True,0,11.06,False,12,dispute_pending,do_nothing,False,False,False,False,False
inv_000873,cust_000574,2026-02-19T00:00:00,36920.59,30,6,False,12.6,True,True,0,1.4,True,13,cash_flow_issue,automated_reminder_with_payment_plan_offer,False,False,False,False,False
inv_000874,cust_001239,2026-01-01T00:00:00,102761.35,30,0,False,0.0,False,True,0,0.08,True,14,cash_flow_issue,do_nothing,True,True,False,True,False
inv_000875,cust_000934,2026-07-04T00:00:00,69406.05,1,2,False,13.1,True,False,0,1.69,False,10,cash_flow_issue,automated_reminder_with_payment_plan_offer,True,True,True,True,True
inv_000876,cust_000813,2026-06-08T00:00:00,47791.97,15,3,False,1.5,True,True,0,0.65,True,11,cash_flow_issue,escalate_to_collections,False,False,True,False,False
inv_000877,cust_001097,2026-06-30T00:00:00,213781.89,45,4,False,11.8,True,False,1,26.85,True,15,invoice_error,escalate_to_collections,False,False,False,False,False
inv_000878,cust_001430,2026-03-04T00:00:00,37542.49,15,2,False,16.9,True,True,0,0.47,True,9,chronic_late_payer,do_nothing,False,False,False,True,True
inv_000879,cust_000751,2026-01-09T00:00:00,65111.93,15,8,False,33.4,False,True,1,0.83,True,11,chronic_late_payer,automated_reminder,False,False,False,True,False
inv_000880,cust_000684,2026-03-28T00:00:00,49077.31,1,3,False,7.6,True,True,1,18.23,True,16,dispute_pending,automated_reminder,False,False,False,False,False
inv_000881,cust_001254,2026-06-06T00:00:00,50264.97,30,2,False,8.0,False,True,0,0.94,True,17,cash_flow_issue,escalate_to_collections,False,False,False,True,False
inv_000882,cust_000836,2026-05-30T00:00:00,48765.08,30,0,False,3.2,True,True,0,0.31,True,13,cash_flow_issue,escalate_to_collections,True,True,True,True,True
inv_000883,cust_001116,2026-06-01T00:00:00,107186.45,5,0,True,8.8,True,True,1,9.85,True,11,dispute_pending,automated_reminder,False,False,False,False,False
inv_000884,cust_001284,2026-04-14T00:00:00,31163.01,5,1,True,3.5,True,True,0,4.54,True,13,dispute_pending,escalate_to_collections,False,False,False,False,False
inv_000885,cust_000242,2026-02-25T00:00:00,56824.86,30,5,False,17.0,True,True,0,1.35,False,11,chronic_late_payer,escalate_to_collections,True,True,True,True,True
inv_000886,cust_000830,2026-07-02T00:00:00,601396.49,15,6,False,24.4,True,True,0,0.1,True,15,chronic_late_payer,escalate_to_collections,False,False,True,True,False
inv_000887,cust_000701,2026-06-11T00:00:00,61580.18,60,2,False,0.8,True,False,0,8.49,False,11,invoice_error,escalate_to_collections,False,False,False,False,False
inv_000888,cust_000523,2026-02-17T00:00:00,67676.27,90,3,False,9.7,False,True,1,1.43,True,17,cash_flow_issue,do_nothing,False,False,False,False,False
inv_000889,cust_000661,2026-06-19T00:00:00,13347.43,60,3,False,5.7,True,True,0,3.9,True,14,dispute_pending,do_nothing,False,False,False,False,False
inv_000890,cust_000901,2026-07-08T00:00:00,67513.1,45,3,False,9.4,True,True,1,4.15,True,12,dispute_pending,do_nothing,False,False,False,False,False
inv_000891,cust_000691,2026-07-15T00:00:00,10647.18,5,2,False,0.0,True,True,0,0.95,True,9,cash_flow_issue,do_nothing,False,False,False,True,False
inv_000892,cust_000438,2026-06-23T00:00:00,52604.82,45,2,False,7.7,True,False,0,4.79,False,14,invoice_error,do_nothing,False,False,False,False,False
inv_000893,cust_001232,2026-03-15T00:00:00,83685.52,60,3,False,26.7,False,True,0,0.54,True,15,chronic_late_payer,automated_reminder_with_payment_plan_offer,True,True,True,True,False
inv_000894,cust_001046,2026-06-20T00:00:00,400863.38,30,7,False,17.6,True,True,0,0.92,True,17,chronic_late_payer,automated_reminder_with_payment_plan_offer,False,False,False,False,True
inv_000895,cust_000654,2026-01-01T00:00:00,290131.16,15,3,False,9.2,True,True,0,1.16,True,13,dispute_pending,do_nothing,False,False,False,False,False
inv_000896,cust_001097,2026-05-30T00:00:00,290437.41,90,4,False,7.7,False,True,0,0.5,True,17,cash_flow_issue,automated_reminder,True,True,True,True,True
inv_000897,cust_001383,2026-02-02T00:00:00,4594.04,45,0,False,0.1,False,True,0,0.74,True,9,cash_flow_issue,automated_reminder,True,True,True,True,True
inv_000898,cust_000873,2026-01-09T00:00:00,12935.96,30,0,False,4.7,True,True,0,0.55,True,16,cash_flow_issue,automated_reminder,False,False,False,False,False
inv_000899,cust_000263,2026-06-02T00:00:00,24827.52,15,1,True,1.4,False,True,1,2.77,True,14,dispute_pending,automated_reminder_with_payment_plan_offer,False,False,False,False,False
inv_000900,cust_000007,2026-05-07T00:00:00,1607222.39,30,6,False,28.0,True,True,0,0.57,False,16,chronic_late_payer,escalate_to_collections,True,False,True,False,True
inv_000901,cust_000637,2026-06-12T00:00:00,320621.88,15,1,True,0.0,False,True,0,16.89,False,9,dispute_pending,escalate_to_collections,False,False,False,False,False
inv_000902,cust_001271,2026-07-19T00:00:00,53723.13,30,5,False,30.2,False,True,0,0.31,True,12,chronic_late_payer,escalate_to_collections,True,False,True,True,True
inv_000903,cust_001264,2026-03-18T00:00:00,5921.54,15,3,False,29.1,False,True,0,0.72,True,17,chronic_late_payer,escalate_to_collections,True,True,True,True,True
inv_000904,cust_000366,2026-07-01T00:00:00,12130.13,60,6,False,16.2,False,True,0,0.04,True,12,chronic_late_payer,automated_reminder_with_payment_plan_offer,True,False,True,True,False
inv_000905,cust_000637,2026-07-09T00:00:00,241495.47,30,1,True,0.9,False,True,0,5.1,True,14,dispute_pending,escalate_to_collections,False,False,False,False,False
inv_000906,cust_000207,2026-02-04T00:00:00,421769.39,45,1,True,4.8,True,True,1,8.63,False,15,dispute_pending,automated_reminder,False,False,False,False,False
inv_000907,cust_000806,2026-02-18T00:00:00,65222.63,30,5,False,10.0,True,True,0,0.97,True,12,chronic_late_payer,do_nothing,False,False,False,False,False
inv_000908,cust_000884,2026-06-10T00:00:00,746900.48,60,0,False,9.5,True,True,0,1.07,True,12,cash_flow_issue,escalate_to_collections,False,False,False,False,False
inv_000909,cust_000073,2026-02-08T00:00:00,1007327.36,30,0,False,22.4,True,True,0,0.61,True,9,chronic_late_payer,automated_reminder,True,True,True,True,True
inv_000910,cust_001355,2026-07-01T00:00:00,60977.4,5,2,False,9.4,True,True,0,0.51,True,15,cash_flow_issue,escalate_to_collections,False,False,False,True,False
inv_000911,cust_000734,2026-03-16T00:00:00,7578.46,5,3,False,11.5,True,True,0,0.87,True,11,cash_flow_issue,do_nothing,True,True,True,True,True
inv_000912,cust_001284,2026-03-06T00:00:00,26518.74,45,1,False,3.5,False,True,0,0.35,True,15,cash_flow_issue,escalate_to_collections,False,False,False,False,False
inv_000913,cust_000684,2026-05-06T00:00:00,26087.4,15,3,False,7.6,True,True,0,0.03,True,18,cash_flow_issue,automated_reminder_with_payment_plan_offer,True,False,False,True,False
inv_000914,cust_000359,2026-06-19T00:00:00,73123.19,30,3,False,23.1,False,True,0,0.44,True,11,chronic_late_payer,automated_reminder,True,False,True,False,True
inv_000915,cust_000070,2026-04-24T00:00:00,34505.07,60,4,False,11.5,True,True,0,0.23,True,18,cash_flow_issue,escalate_to_collections,False,False,True,False,False
inv_000916,cust_000600,2026-01-23T00:00:00,48944.26,15,3,False,4.3,True,True,0,0.72,True,13,cash_flow_issue,automated_reminder_with_payment_plan_offer,False,False,False,False,False
inv_000917,cust_000667,2026-02-26T00:00:00,67102.91,30,1,True,10.0,False,True,0,3.1,True,17,dispute_pending,automated_reminder_with_payment_plan_offer,False,False,False,False,False
inv_000918,cust_001465,2026-03-25T00:00:00,34042.45,15,4,False,20.9,True,True,0,1.34,True,10,chronic_late_payer,do_nothing,True,True,True,True,False
inv_000919,cust_000270,2026-07-12T00:00:00,14278.24,30,4,False,6.6,True,True,1,0.52,False,11,cash_flow_issue,automated_reminder,False,False,False,True,False
inv_000920,cust_000760,2026-02-23T00:00:00,25365.0,60,3,False,5.3,True,True,0,0.7,True,12,cash_flow_issue,do_nothing,True,True,False,True,True
inv_000921,cust_000790,2026-01-29T00:00:00,292143.43,15,4,False,25.5,False,True,0,0.44,False,18,chronic_late_payer,do_nothing,False,False,False,False,False
inv_000922,cust_001292,2026-07-06T00:00:00,32689.23,1,8,False,22.9,True,True,0,0.58,True,9,chronic_late_payer,do_nothing,True,True,True,True,True
inv_000923,cust_001232,2026-05-26T00:00:00,21252.21,30,1,False,8.3,False,True,0,0.12,True,10,cash_flow_issue,escalate_to_collections,True,False,True,True,True
inv_000924,cust_000084,2026-03-16T00:00:00,38882.68,120,6,False,1.7,True,False,0,15.82,False,14,invoice_error,automated_reminder,False,False,False,False,False
inv_000925,cust_000190,2026-03-23T00:00:00,42895.1,1,2,False,18.1,True,True,0,0.69,True,14,chronic_late_payer,automated_reminder,False,False,False,False,False
inv_000926,cust_000783,2026-06-02T00:00:00,17581.0,45,2,False,20.3,True,True,0,1.04,True,10,chronic_late_payer,do_nothing,False,False,False,True,True
inv_000927,cust_000661,2026-02-15T00:00:00,28992.32,45,7,False,34.5,True,True,0,0.05,True,16,chronic_late_payer,do_nothing,False,False,False,False,False
inv_000928,cust_000027,2026-06-15T00:00:00,72775.3,15,7,False,26.6,False,True,0,0.29,False,16,chronic_late_payer,automated_reminder_with_payment_plan_offer,False,True,False,False,True
inv_000929,cust_001072,2026-03-28T00:00:00,49314.7,45,0,False,6.3,True,True,0,0.29,True,12,cash_flow_issue,automated_reminder,True,True,True,True,True
inv_000930,cust_001111,2026-07-19T00:00:00,24905.74,5,5,False,28.8,True,True,0,1.52,True,14,chronic_late_payer,automated_reminder,True,True,True,False,True
inv_000931,cust_000449,2026-05-03T00:00:00,669325.1,30,6,False,21.6,True,True,0,1.55,False,12,chronic_late_payer,escalate_to_collections,True,False,True,False,True
inv_000932,cust_000798,2026-06-23T00:00:00,89927.79,90,8,False,28.5,False,True,0,0.43,True,11,chronic_late_payer,do_nothing,False,False,False,True,False
inv_000933,cust_000485,2026-03-23T00:00:00,31269.79,1,3,False,6.8,True,False,0,12.73,True,9,invoice_error,automated_reminder_with_payment_plan_offer,False,False,False,False,False
inv_000934,cust_000662,2026-02-22T00:00:00,40822.87,1,0,True,9.2,False,True,0,5.27,False,15,dispute_pending,escalate_to_collections,False,True,False,False,False
inv_000935,cust_000627,2026-05-08T00:00:00,3000.0,120,4,True,8.6,True,True,0,2.13,True,12,dispute_pending,escalate_to_collections,False,False,False,False,False
inv_000936,cust_000449,2026-06-21T00:00:00,346392.42,60,6,False,12.2,True,True,0,0.63,True,12,cash_flow_issue,automated_reminder,False,False,False,False,False
inv_000937,cust_000792,2026-05-29T00:00:00,38900.28,15,8,False,21.2,False,True,0,0.25,False,13,chronic_late_payer,do_nothing,False,False,False,False,False
inv_000938,cust_000291,2026-07-07T00:00:00,64199.69,60,4,False,8.7,False,True,0,0.09,True,18,cash_flow_issue,escalate_to_collections,False,False,True,True,False
inv_000939,cust_000691,2026-01-25T00:00:00,12236.48,60,2,False,15.1,False,True,0,0.57,True,17,cash_flow_issue,automated_reminder_with_payment_plan_offer,True,False,False,True,True
inv_000940,cust_000137,2026-01-21T00:00:00,13220.05,90,0,False,7.2,True,True,0,9.9,True,12,dispute_pending,automated_reminder_with_payment_plan_offer,False,False,False,False,True
inv_000941,cust_000528,2026-05-12T00:00:00,36871.75,15,2,False,14.8,False,True,0,1.05,True,18,chronic_late_payer,do_nothing,False,False,True,False,False
inv_000942,cust_001414,2026-03-02T00:00:00,34302.59,45,5,False,28.7,False,True,0,0.34,True,10,chronic_late_payer,automated_reminder_with_payment_plan_offer,False,False,False,False,False
inv_000943,cust_001439,2026-05-09T00:00:00,41148.41,30,5,False,7.9,True,True,0,11.15,False,18,invoice_error,automated_reminder_with_payment_plan_offer,False,True,False,False,False
inv_000944,cust_000967,2026-07-14T00:00:00,5071.48,5,5,False,29.3,True,True,0,1.45,True,14,chronic_late_payer,automated_reminder_with_payment_plan_offer,True,True,True,True,True
inv_000945,cust_001412,2026-04-12T00:00:00,15147.01,1,8,False,26.9,False,True,1,0.49,True,17,chronic_late_payer,do_nothing,False,False,True,False,True
inv_000946,cust_001027,2026-02-09T00:00:00,86786.81,5,3,False,21.9,True,True,0,0.26,True,13,chronic_late_payer,automated_reminder_with_payment_plan_offer,False,False,False,False,False
inv_000947,cust_001185,2026-01-24T00:00:00,14206.63,15,5,False,29.0,False,True,0,0.21,False,11,chronic_late_payer,automated_reminder_with_payment_plan_offer,True,False,True,True,True
inv_000948,cust_000313,2026-01-16T00:00:00,42660.06,5,0,False,4.7,True,False,3,0.73,False,9,invoice_error,automated_reminder,False,False,False,False,False
inv_000949,cust_000528,2026-03-03T00:00:00,57993.16,15,4,False,18.8,True,True,0,1.72,True,18,chronic_late_payer,escalate_to_collections,False,False,False,True,False
inv_000950,cust_000092,2026-03-20T00:00:00,37146.41,45,1,False,2.3,True,True,0,1.62,True,18,cash_flow_issue,automated_reminder_with_payment_plan_offer,True,False,False,True,False
inv_000951,cust_000711,2026-02-22T00:00:00,33023.84,15,0,False,3.9,True,False,1,5.26,False,13,invoice_error,do_nothing,False,False,False,False,False
inv_000952,cust_000053,2026-02-09T00:00:00,36862.86,5,4,False,26.2,True,True,1,0.38,True,17,chronic_late_payer,do_nothing,False,False,False,True,False
inv_000953,cust_000750,2026-06-09T00:00:00,23010.57,45,2,False,4.1,True,True,0,0.69,True,13,cash_flow_issue,automated_reminder_with_payment_plan_offer,False,False,False,False,False
inv_000954,cust_000379,2026-06-28T00:00:00,15945.46,60,2,False,18.7,True,True,0,1.62,True,14,chronic_late_payer,automated_reminder,False,False,False,False,False
inv_000955,cust_001355,2026-05-25T00:00:00,91136.83,5,2,False,11.5,True,True,0,1.08,False,14,cash_flow_issue,automated_reminder,True,False,True,True,False
inv_000956,cust_001073,2026-07-07T00:00:00,34862.15,15,1,True,5.5,True,True,0,9.48,True,13,dispute_pending,escalate_to_collections,False,False,False,False,False
inv_000957,cust_001230,2026-01-08T00:00:00,304137.62,30,1,False,15.5,True,True,0,0.26,True,16,chronic_late_payer,automated_reminder,False,False,False,False,True
inv_000958,cust_000315,2026-04-30T00:00:00,39282.13,90,2,False,3.7,True,True,0,0.66,False,15,cash_flow_issue,escalate_to_collections,False,False,False,False,False
inv_000959,cust_000497,2026-06-15T00:00:00,27722.15,45,5,False,6.9,True,True,0,0.11,True,13,dispute_pending,automated_reminder_with_payment_plan_offer,False,True,False,False,False
inv_000960,cust_001292,2026-04-30T00:00:00,55889.02,45,0,False,4.5,False,True,1,0.54,False,14,invoice_error,automated_reminder,False,False,False,False,False
inv_000961,cust_000917,2026-07-01T00:00:00,34310.41,1,5,False,14.7,False,True,0,0.16,True,13,cash_flow_issue,do_nothing,False,False,False,False,False
inv_000962,cust_001182,2026-01-26T00:00:00,278387.57,90,5,False,9.4,False,True,0,0.49,True,14,cash_flow_issue,automated_reminder,False,False,False,False,False
inv_000963,cust_000702,2026-04-09T00:00:00,22969.47,5,2,False,8.9,True,True,0,1.06,True,11,cash_flow_issue,automated_reminder,False,False,False,False,False
inv_000964,cust_001389,2026-03-18T00:00:00,13087.78,30,1,False,11.2,False,True,0,1.01,True,11,cash_flow_issue,automated_reminder,True,True,True,True,True
inv_000965,cust_000904,2026-01-23T00:00:00,15067.92,45,8,False,25.2,True,True,0,0.67,False,17,chronic_late_payer,escalate_to_collections,False,True,True,True,False
inv_000966,cust_000579,2026-03-21T00:00:00,147879.35,45,2,False,5.7,True,True,0,4.23,False,9,invoice_error,automated_reminder_with_payment_plan_offer,False,False,False,False,False
inv_000967,cust_000996,2026-01-11T00:00:00,10991.16,45,6,False,20.7,True,True,0,1.66,True,12,chronic_late_payer,automated_reminder_with_payment_plan_offer,True,False,True,True,False
inv_000968,cust_000675,2026-04-12T00:00:00,19841.39,1,7,False,28.2,False,True,0,0.07,False,17,chronic_late_payer,automated_reminder,False,False,False,False,False
inv_000969,cust_000377,2026-01-12T00:00:00,14427.78,15,2,False,7.4,True,False,1,8.59,False,9,invoice_error,escalate_to_collections,False,False,False,False,False
inv_000970,cust_000690,2026-02-07T00:00:00,49879.2,60,5,False,15.7,True,True,0,0.96,True,15,chronic_late_payer,automated_reminder_with_payment_plan_offer,False,False,True,False,True
inv_000971,cust_001283,2026-01-18T00:00:00,337479.93,1,0,False,4.9,True,True,0,1.66,True,18,cash_flow_issue,escalate_to_collections,True,False,True,True,True
inv_000972,cust_001450,2026-05-12T00:00:00,15203.8,60,3,False,0.0,True,True,1,0.95,True,13,dispute_pending,automated_reminder_with_payment_plan_offer,False,False,False,False,False
inv_000973,cust_000419,2026-05-27T00:00:00,507902.95,30,6,False,16.0,True,True,0,0.62,True,17,chronic_late_payer,escalate_to_collections,False,True,True,False,False
inv_000974,cust_000057,2026-05-08T00:00:00,35131.27,60,3,False,25.0,True,True,0,0.58,True,9,chronic_late_payer,do_nothing,True,True,False,True,True
inv_000975,cust_000204,2026-02-18T00:00:00,11362.71,30,2,False,5.5,True,True,0,0.71,True,12,cash_flow_issue,automated_reminder_with_payment_plan_offer,False,False,False,False,True
inv_000976,cust_000514,2026-06-02T00:00:00,65487.85,60,1,False,3.8,True,True,0,1.2,True,18,cash_flow_issue,automated_reminder,False,False,False,True,False
inv_000977,cust_001488,2026-02-05T00:00:00,25409.55,15,0,False,10.9,True,True,0,1.6,True,10,cash_flow_issue,escalate_to_collections,True,False,True,True,True
inv_000978,cust_000820,2026-02-26T00:00:00,56393.69,60,6,False,9.3,True,True,0,1.33,False,18,chronic_late_payer,automated_reminder_with_payment_plan_offer,True,False,True,True,False
inv_000979,cust_000917,2026-05-20T00:00:00,21753.75,45,5,False,7.7,True,True,0,0.55,True,13,dispute_pending,automated_reminder,False,False,False,False,False
inv_000980,cust_000577,2026-03-28T00:00:00,70255.95,45,2,False,3.5,True,True,0,0.95,True,14,cash_flow_issue,escalate_to_collections,False,True,False,True,False
inv_000981,cust_000388,2026-05-29T00:00:00,210919.55,15,1,False,8.0,True,True,0,0.3,True,10,cash_flow_issue,automated_reminder,True,False,True,True,True
inv_000982,cust_000438,2026-06-07T00:00:00,15151.68,45,2,False,7.2,False,True,0,0.41,True,14,cash_flow_issue,do_nothing,False,False,False,False,False
inv_000983,cust_000361,2026-07-12T00:00:00,24919.92,60,0,False,6.9,False,True,0,1.5,False,10,cash_flow_issue,do_nothing,False,False,True,True,False
inv_000984,cust_001258,2026-04-15T00:00:00,3284.34,15,2,False,6.8,False,True,0,0.34,True,15,cash_flow_issue,do_nothing,False,False,True,True,True
inv_000985,cust_000750,2026-02-12T00:00:00,31406.57,120,2,False,18.1,True,True,0,1.83,True,12,chronic_late_payer,automated_reminder,False,False,False,True,True
inv_000986,cust_000278,2026-05-19T00:00:00,300321.78,30,1,False,7.0,True,True,0,0.14,False,9,cash_flow_issue,do_nothing,True,True,True,True,False
inv_000987,cust_000708,2026-01-27T00:00:00,12916.34,30,5,False,18.1,True,True,0,1.3,True,12,chronic_late_payer,do_nothing,True,True,False,True,True
inv_000988,cust_001499,2026-02-06T00:00:00,79918.43,120,3,False,11.2,False,True,0,4.72,True,15,dispute_pending,automated_reminder,False,False,False,False,False
inv_000989,cust_000667,2026-03-06T00:00:00,61379.85,1,1,False,12.7,True,True,0,1.11,True,14,chronic_late_payer,automated_reminder,True,False,True,True,True
inv_000990,cust_001220,2026-01-27T00:00:00,17533.27,30,3,False,4.2,True,True,0,0.35,True,9,cash_flow_issue,automated_reminder_with_payment_plan_offer,True,True,True,True,True
inv_000991,cust_000149,2026-03-23T00:00:00,27179.14,60,0,False,3.5,True,True,0,1.43,True,13,cash_flow_issue,automated_reminder,True,False,True,True,False
inv_000992,cust_000901,2026-07-01T00:00:00,65605.24,90,3,True,14.1,False,True,0,9.81,True,16,dispute_pending,automated_reminder_with_payment_plan_offer,False,False,False,False,False
inv_000993,cust_000433,2026-07-12T00:00:00,33497.3,30,3,False,5.6,True,True,1,0.38,True,10,cash_flow_issue,automated_reminder_with_payment_plan_offer,True,False,False,True,False
inv_000994,cust_001166,2026-04-02T00:00:00,49777.35,90,0,False,0.0,True,True,0,0.2,True,16,cash_flow_issue,automated_reminder_with_payment_plan_offer,False,False,False,False,False
inv_000995,cust_001122,2026-06-02T00:00:00,30283.57,45,3,False,10.2,True,False,0,0.03,True,10,cash_flow_issue,escalate_to_collections,True,False,False,True,True
inv_000996,cust_000257,2026-01-02T00:00:00,235895.25,15,4,False,22.5,False,True,0,1.85,True,13,chronic_late_payer,do_nothing,False,False,True,True,True
inv_000997,cust_000914,2026-02-07T00:00:00,73396.89,60,4,False,4.9,False,True,0,12.56,True,11,dispute_pending,escalate_to_collections,False,False,False,False,False
inv_000998,cust_000357,2026-01-26T00:00:00,81738.95,5,4,False,16.3,False,True,0,1.51,True,17,chronic_late_payer,do_nothing,True,True,True,True,True
inv_000999,cust_000213,2026-03-09T00:00:00,50933.4,5,2,False,9.1,True,True,0,2.19,True,9,cash_flow_issue,escalate_to_collections,False,False,False,True,False
inv_001000,cust_001122,2026-07-05T00:00:00,22880.82,60,4,False,14.2,True,True,0,0.53,False,18,chronic_late_payer,escalate_to_collections,False,False,False,True,False
inv_001001,cust_000084,2026-05-07T00:00:00,53846.8,30,6,True,13.1,True,False,0,11.39,True,13,dispute_pending,do_nothing,False,False,False,False,False
inv_001002,cust_000996,2026-02-05T00:00:00,13785.76,1,4,False,8.5,False,True,0,0.19,True,17,cash_flow_issue,do_nothing,True,True,True,True,True
inv_001003,cust_000650,2026-04-02T00:00:00,96912.61,90,1,False,4.4,True,True,0,1.23,False,11,cash_flow_issue,automated_reminder,True,False,True,True,False
inv_001004,cust_001263,2026-06-17T00:00:00,41066.59,1,0,False,0.0,False,True,0,0.32,True,11,cash_flow_issue,automated_reminder_with_payment_plan_offer,True,False,True,True,True
inv_001005,cust_001288,2026-02-11T00:00:00,27276.72,60,4,False,9.5,False,True,0,0.71,True,10,cash_flow_issue,automated_reminder_with_payment_plan_offer,True,True,True,True,True
inv_001006,cust_001237,2026-02-11T00:00:00,46129.06,1,6,False,9.1,False,True,0,6.14,True,13,dispute_pending,escalate_to_collections,False,False,False,False,False
inv_001007,cust_000662,2026-01-19T00:00:00,29715.75,60,3,False,21.0,True,True,0,1.48,True,16,chronic_late_payer,do_nothing,False,False,True,False,False
inv_001008,cust_000747,2026-01-29T00:00:00,214642.87,5,5,True,4.8,False,True,0,3.21,True,18,dispute_pending,do_nothing,False,False,False,False,False
inv_001009,cust_000457,2026-06-14T00:00:00,39608.55,30,5,False,26.6,False,True,0,0.46,True,16,chronic_late_payer,do_nothing,False,False,True,False,True
inv_001010,cust_001325,2026-05-04T00:00:00,265631.12,90,3,False,7.5,True,False,0,1.33,True,13,cash_flow_issue,do_nothing,False,False,True,True,False
inv_001011,cust_000314,2026-03-13T00:00:00,18308.53,15,8,False,17.4,True,True,0,0.94,True,16,chronic_late_payer,automated_reminder_with_payment_plan_offer,True,False,True,True,True
inv_001012,cust_001036,2026-05-23T00:00:00,15687.18,120,1,False,5.5,True,True,0,2.14,True,10,cash_flow_issue,automated_reminder,False,False,False,False,False
inv_001013,cust_001139,2026-04-27T00:00:00,59664.78,30,6,False,15.6,False,True,0,1.53,True,14,chronic_late_payer,do_nothing,False,False,False,False,True
inv_001014,cust_000594,2026-02-01T00:00:00,20011.7,5,2,True,8.5,False,True,0,0.16,True,13,dispute_pending,escalate_to_collections,False,False,False,True,False
inv_001015,cust_000997,2026-07-13T00:00:00,13218.0,1,4,False,10.2,False,True,0,9.1,False,17,invoice_error,automated_reminder_with_payment_plan_offer,False,False,False,False,False
inv_001016,cust_001256,2026-03-03T00:00:00,24786.28,1,4,False,4.7,False,True,0,0.0,True,11,cash_flow_issue,do_nothing,False,False,True,True,False
inv_001017,cust_001400,2026-01-14T00:00:00,4934.65,45,0,False,6.6,True,True,0,1.91,True,10,cash_flow_issue,do_nothing,False,False,False,False,False
inv_001018,cust_000751,2026-01-31T00:00:00,57588.52,45,2,False,5.9,True,True,0,1.63,True,18,cash_flow_issue,do_nothing,False,False,True,True,True
inv_001019,cust_000056,2026-01-04T00:00:00,28585.83,15,4,False,2.7,True,False,1,8.43,False,16,invoice_error,automated_reminder_with_payment_plan_offer,False,False,False,False,False
inv_001020,cust_000589,2026-03-05T00:00:00,47612.83,1,7,False,23.2,True,False,0,1.67,True,11,chronic_late_payer,do_nothing,False,False,False,False,False
inv_001021,cust_001230,2026-04-05T00:00:00,312042.36,15,1,False,22.4,True,True,0,0.54,True,18,chronic_late_payer,automated_reminder_with_payment_plan_offer,True,False,False,True,True
inv_001022,cust_000413,2026-03-23T00:00:00,7978.69,5,4,False,7.6,True,False,2,10.46,False,14,invoice_error,escalate_to_collections,False,False,False,False,False
inv_001023,cust_000966,2026-01-19T00:00:00,17723.1,1,6,False,29.0,True,True,0,0.19,True,12,chronic_late_payer,escalate_to_collections,False,False,False,False,False
inv_001024,cust_000485,2026-01-22T00:00:00,54323.81,15,3,False,5.4,True,True,0,0.31,True,15,cash_flow_issue,do_nothing,False,False,False,False,False
inv_001025,cust_000836,2026-02-07T00:00:00,50219.72,15,0,False,5.8,False,True,0,16.17,False,18,invoice_error,automated_reminder_with_payment_plan_offer,False,False,False,False,False
inv_001026,cust_001061,2026-02-24T00:00:00,84545.96,1,5,False,4.7,True,True,0,0.45,True,9,cash_flow_issue,automated_reminder,True,True,True,True,True
inv_001027,cust_000073,2026-04-20T00:00:00,397451.08,5,0,True,4.4,True,True,0,6.56,True,9,dispute_pending,do_nothing,False,False,False,False,False
inv_001028,cust_000007,2026-05-19T00:00:00,501132.37,1,6,False,2.7,True,True,0,8.35,True,13,dispute_pending,do_nothing,False,False,False,False,False
inv_001029,cust_000264,2026-01-06T00:00:00,28831.42,45,1,False,4.1,True,True,0,0.93,True,16,cash_flow_issue,automated_reminder_with_payment_plan_offer,False,False,False,False,False
inv_001030,cust_000702,2026-05-22T00:00:00,18337.66,15,2,False,13.0,True,True,0,0.63,False,16,cash_flow_issue,do_nothing,False,False,False,True,True
inv_001031,cust_000278,2026-06-06T00:00:00,197581.89,15,1,False,3.9,True,True,0,9.4,True,11,dispute_pending,automated_reminder,False,False,False,False,False
inv_001032,cust_001116,2026-03-14T00:00:00,36584.07,90,0,False,9.4,True,True,0,0.02,True,15,chronic_late_payer,escalate_to_collections,False,False,True,False,False
inv_001033,cust_000514,2026-02-22T00:00:00,63600.4,30,1,False,4.6,True,True,0,0.19,True,12,cash_flow_issue,do_nothing,True,True,False,True,True
inv_001034,cust_001072,2026-02-15T00:00:00,84051.08,1,7,False,17.3,True,True,0,1.75,True,12,chronic_late_payer,escalate_to_collections,True,False,True,True,True
inv_001035,cust_000296,2026-05-02T00:00:00,19548.87,120,4,False,23.3,False,True,1,0.48,False,16,chronic_late_payer,automated_reminder,True,False,True,True,True
inv_001036,cust_000267,2026-02-09T00:00:00,35792.84,1,1,False,3.2,False,True,0,0.07,False,11,cash_flow_issue,escalate_to_collections,False,False,False,False,False
inv_001037,cust_000034,2026-05-27T00:00:00,3475.66,90,0,False,0.8,False,True,0,0.32,True,9,cash_flow_issue,automated_reminder,False,False,False,False,False
inv_001038,cust_000505,2026-01-25T00:00:00,51349.57,5,3,False,27.4,True,True,0,0.93,False,14,chronic_late_payer,automated_reminder_with_payment_plan_offer,True,False,True,True,True
inv_001039,cust_001144,2026-06-13T00:00:00,327530.7,15,3,False,18.5,True,True,1,0.93,True,13,chronic_late_payer,do_nothing,False,False,True,True,True
inv_001040,cust_000485,2026-05-12T00:00:00,54071.2,30,3,True,6.5,True,False,0,0.11,True,12,dispute_pending,automated_reminder,False,False,False,False,True
inv_001041,cust_001019,2026-04-08T00:00:00,68077.33,15,1,True,3.4,False,True,0,7.8,True,13,dispute_pending,automated_reminder,False,False,False,True,False
inv_001042,cust_001262,2026-02-06T00:00:00,109368.86,5,2,False,13.0,True,True,0,1.95,True,18,cash_flow_issue,automated_reminder,False,False,False,False,False
inv_001043,cust_001144,2026-06-15T00:00:00,321482.45,30,3,False,9.6,True,True,0,1.14,True,18,cash_flow_issue,escalate_to_collections,True,True,True,True,True
inv_001044,cust_000529,2026-07-10T00:00:00,11536.32,5,0,False,9.9,False,True,0,1.81,False,11,cash_flow_issue,automated_reminder,False,True,False,True,False
inv_001045,cust_000481,2026-06-30T00:00:00,62387.77,60,5,False,26.0,True,True,0,0.31,True,17,chronic_late_payer,do_nothing,False,False,False,False,False
inv_001046,cust_000197,2026-07-17T00:00:00,37468.32,5,4,False,9.1,True,False,0,1.4,True,9,cash_flow_issue,automated_reminder_with_payment_plan_offer,False,False,False,False,True
inv_001047,cust_000741,2026-01-07T00:00:00,13714.68,90,5,False,0.0,True,True,0,0.97,True,15,cash_flow_issue,escalate_to_collections,False,False,False,False,False
inv_001048,cust_001313,2026-04-02T00:00:00,76260.62,5,2,False,6.8,False,True,0,0.6,True,17,cash_flow_issue,automated_reminder,False,True,False,False,False
inv_001049,cust_000409,2026-03-19T00:00:00,15478.45,45,5,False,10.0,True,True,0,2.98,False,18,cash_flow_issue,automated_reminder,False,False,False,True,False
inv_001050,cust_000593,2026-01-19T00:00:00,17009.42,120,2,False,0.2,True,True,0,0.73,True,13,cash_flow_issue,do_nothing,False,False,False,True,False
inv_001051,cust_000480,2026-03-03T00:00:00,3120.79,90,3,False,4.4,True,False,0,1.63,False,11,invoice_error,automated_reminder,False,False,False,False,False
inv_001052,cust_000109,2026-02-12T00:00:00,35144.14,30,1,False,10.4,True,True,0,0.89,False,17,cash_flow_issue,do_nothing,True,True,False,False,False
inv_001053,cust_000479,2026-02-11T00:00:00,13109.29,90,6,False,8.1,True,True,0,0.94,True,9,cash_flow_issue,do_nothing,False,False,True,False,False
inv_001054,cust_000265,2026-03-10T00:00:00,11356.58,120,6,False,14.5,True,False,0,16.87,False,18,invoice_error,do_nothing,False,False,False,False,False
inv_001055,cust_001313,2026-06-28T00:00:00,109355.2,1,2,False,3.9,False,True,0,0.49,True,12,cash_flow_issue,do_nothing,False,False,False,False,False
inv_001056,cust_000535,2026-02-13T00:00:00,87685.72,120,0,True,7.8,True,True,0,5.68,True,14,dispute_pending,automated_reminder_with_payment_plan_offer,False,False,False,False,False
inv_001057,cust_001034,2026-02-11T00:00:00,74213.0,15,5,False,13.5,True,False,3,17.36,False,14,invoice_error,automated_reminder_with_payment_plan_offer,False,False,False,False,False
inv_001058,cust_001447,2026-05-19T00:00:00,12048.27,90,3,False,10.2,True,True,3,15.92,False,9,invoice_error,automated_reminder,False,False,False,False,False
inv_001059,cust_001146,2026-05-08T00:00:00,205102.1,5,6,True,2.4,False,True,0,4.06,True,15,dispute_pending,escalate_to_collections,True,False,False,False,True
inv_001060,cust_000245,2026-05-09T00:00:00,249104.94,5,5,False,7.4,False,True,0,0.17,True,18,cash_flow_issue,automated_reminder_with_payment_plan_offer,False,False,True,False,False
inv_001061,cust_000162,2026-06-14T00:00:00,19976.11,45,0,False,1.8,True,True,0,0.88,True,17,cash_flow_issue,escalate_to_collections,True,True,True,True,True
inv_001062,cust_001449,2026-06-18T00:00:00,76743.92,5,4,False,9.8,True,False,1,11.2,False,14,invoice_error,automated_reminder,False,False,False,False,False
inv_001063,cust_000575,2026-06-19T00:00:00,9175.14,5,1,False,28.0,True,True,0,0.5,True,9,chronic_late_payer,escalate_to_collections,False,True,False,False,False
inv_001064,cust_001471,2026-06-11T00:00:00,19306.4,1,7,False,19.9,True,True,0,0.61,False,18,chronic_late_payer,automated_reminder_with_payment_plan_offer,True,True,True,True,True
inv_001065,cust_001185,2026-04-17T00:00:00,12047.78,15,3,True,10.6,False,True,0,16.08,True,12,dispute_pending,automated_reminder_with_payment_plan_offer,False,False,False,False,False
inv_001066,cust_000006,2026-05-20T00:00:00,14833.66,1,7,False,12.9,True,True,0,0.94,True,17,cash_flow_issue,escalate_to_collections,True,False,True,True,True
inv_001067,cust_000342,2026-01-25T00:00:00,349637.65,90,8,False,16.3,False,True,0,0.3,False,16,chronic_late_payer,do_nothing,False,False,False,False,False
inv_001068,cust_000020,2026-01-21T00:00:00,16188.76,120,6,False,24.1,False,True,0,0.45,True,14,chronic_late_payer,escalate_to_collections,False,False,True,True,False
inv_001069,cust_000600,2026-03-16T00:00:00,33940.33,5,5,False,11.2,True,False,0,0.25,False,15,cash_flow_issue,escalate_to_collections,False,False,True,False,False
inv_001070,cust_000227,2026-05-25T00:00:00,15071.88,30,0,False,8.9,False,True,0,0.82,True,18,chronic_late_payer,automated_reminder_with_payment_plan_offer,True,False,True,True,False
inv_001071,cust_001342,2026-02-06T00:00:00,37352.38,15,4,False,8.2,True,True,0,0.32,True,10,cash_flow_issue,automated_reminder,True,False,True,True,True
inv_001072,cust_000132,2026-05-05T00:00:00,78882.71,1,0,False,18.2,True,True,0,0.06,True,11,chronic_late_payer,automated_reminder_with_payment_plan_offer,True,False,True,True,True
inv_001073,cust_000183,2026-02-04T00:00:00,43364.53,15,2,False,7.4,False,True,0,0.05,False,14,cash_flow_issue,automated_reminder_with_payment_plan_offer,True,False,True,True,True
inv_001074,cust_001439,2026-06-12T00:00:00,12903.85,30,5,False,12.8,True,True,0,0.15,False,15,cash_flow_issue,automated_reminder,False,False,False,False,False
inv_001075,cust_001073,2026-05-30T00:00:00,8448.39,90,3,True,6.2,True,True,1,3.09,True,17,dispute_pending,automated_reminder_with_payment_plan_offer,False,False,False,False,True
inv_001076,cust_001420,2026-07-13T00:00:00,37087.46,1,4,False,15.5,True,False,1,8.67,False,14,invoice_error,automated_reminder_with_payment_plan_offer,False,False,False,False,False
inv_001077,cust_000137,2026-06-04T00:00:00,33916.15,45,0,True,4.9,False,True,0,0.76,False,9,dispute_pending,automated_reminder_with_payment_plan_offer,False,False,False,False,False
inv_001078,cust_001121,2026-06-05T00:00:00,68968.39,90,2,False,10.0,False,True,0,2.62,True,14,cash_flow_issue,automated_reminder_with_payment_plan_offer,False,False,False,False,True
inv_001079,cust_000511,2026-04-23T00:00:00,136682.5,5,4,False,8.4,True,True,0,0.49,True,12,cash_flow_issue,escalate_to_collections,True,False,False,False,True
inv_001080,cust_000477,2026-07-09T00:00:00,35789.52,5,3,False,15.9,True,True,0,0.63,True,15,chronic_late_payer,do_nothing,False,False,True,False,False
inv_001081,cust_001220,2026-02-25T00:00:00,16504.93,120,3,False,0.0,True,True,2,13.1,False,12,invoice_error,automated_reminder_with_payment_plan_offer,False,False,False,False,False
inv_001082,cust_001364,2026-05-04T00:00:00,40856.96,120,1,False,10.6,True,True,0,0.67,True,14,cash_flow_issue,do_nothing,False,False,False,True,True
inv_001083,cust_000530,2026-07-02T00:00:00,32388.9,45,2,False,11.4,True,True,0,0.68,True,16,cash_flow_issue,automated_reminder_with_payment_plan_offer,True,False,True,True,False
inv_001084,cust_000274,2026-02-20T00:00:00,41483.85,90,1,False,19.5,True,True,0,1.71,True,9,chronic_late_payer,do_nothing,False,False,False,False,False
inv_001085,cust_001232,2026-06-26T00:00:00,84340.69,90,1,False,8.3,False,True,1,4.42,True,17,invoice_error,automated_reminder_with_payment_plan_offer,False,False,False,False,False
inv_001086,cust_001232,2026-02-05T00:00:00,88458.68,1,1,True,8.7,True,True,0,9.45,True,17,dispute_pending,do_nothing,False,False,False,False,False
inv_001087,cust_000968,2026-05-14T00:00:00,67262.4,15,4,True,5.3,True,True,0,3.39,True,17,dispute_pending,automated_reminder_with_payment_plan_offer,False,False,False,False,False
inv_001088,cust_000394,2026-05-18T00:00:00,5530.44,5,4,False,13.6,True,True,0,0.09,True,17,chronic_late_payer,automated_reminder_with_payment_plan_offer,False,False,False,False,False
inv_001089,cust_001063,2026-02-13T00:00:00,69298.37,5,2,True,10.9,True,True,0,4.73,True,14,dispute_pending,automated_reminder,False,False,False,False,False
inv_001090,cust_000369,2026-01-23T00:00:00,29077.29,120,4,False,27.5,True,True,0,0.9,True,15,chronic_late_payer,automated_reminder_with_payment_plan_offer,False,False,False,False,True
inv_001091,cust_000100,2026-03-03T00:00:00,60261.69,30,0,False,5.2,True,True,0,0.27,True,16,cash_flow_issue,automated_reminder_with_payment_plan_offer,True,True,True,True,True
inv_001092,cust_001486,2026-06-03T00:00:00,22451.09,5,5,False,8.8,True,True,0,1.05,True,12,cash_flow_issue,automated_reminder,False,False,False,False,False
inv_001093,cust_000293,2026-04-30T00:00:00,13624.66,60,4,False,12.7,False,True,0,0.3,True,14,chronic_late_payer,escalate_to_collections,False,False,False,False,False
inv_001094,cust_000413,2026-02-06T00:00:00,3000.0,45,4,False,15.1,True,True,0,1.47,True,17,cash_flow_issue,escalate_to_collections,False,False,False,False,False
inv_001095,cust_000555,2026-05-18T00:00:00,17013.5,15,2,True,9.9,True,True,0,2.88,True,9,dispute_pending,automated_reminder_with_payment_plan_offer,False,False,False,False,False
inv_001096,cust_000792,2026-03-17T00:00:00,24747.28,1,1,False,8.9,True,True,1,0.28,True,13,cash_flow_issue,do_nothing,True,True,True,True,True
inv_001097,cust_001468,2026-03-31T00:00:00,22799.68,1,5,False,13.1,False,True,0,0.74,True,16,cash_flow_issue,escalate_to_collections,True,False,False,True,True
inv_001098,cust_001382,2026-01-05T00:00:00,31176.63,90,2,False,7.7,True,False,2,9.74,False,16,invoice_error,automated_reminder_with_payment_plan_offer,False,False,False,False,False
inv_001099,cust_000757,2026-01-29T00:00:00,23769.6,5,4,False,16.7,False,True,0,0.33,True,15,chronic_late_payer,automated_reminder,False,False,False,False,False
inv_001100,cust_000575,2026-04-20T00:00:00,8325.9,1,1,False,16.1,True,True,0,1.19,True,18,chronic_late_payer,automated_reminder_with_payment_plan_offer,True,False,True,True,False
inv_001101,cust_000244,2026-02-01T00:00:00,17337.12,45,2,False,12.6,True,True,0,0.89,True,12,cash_flow_issue,automated_reminder,True,True,True,False,True
inv_001102,cust_000191,2026-02-19T00:00:00,806980.48,60,0,False,4.1,False,True,1,8.86,False,9,invoice_error,automated_reminder_with_payment_plan_offer,False,False,False,False,False
inv_001103,cust_001027,2026-05-28T00:00:00,89107.11,1,4,False,18.6,False,True,0,0.07,False,17,chronic_late_payer,escalate_to_collections,False,False,False,False,False
inv_001104,cust_000293,2026-01-22T00:00:00,23557.39,60,7,False,22.2,False,True,0,0.4,True,14,chronic_late_payer,automated_reminder,False,False,False,False,False
inv_001105,cust_001327,2026-01-05T00:00:00,59702.49,120,1,False,29.4,True,False,0,0.11,True,13,chronic_late_payer,automated_reminder_with_payment_plan_offer,True,False,False,True,True
inv_001106,cust_001325,2026-04-24T00:00:00,169538.84,5,3,False,13.4,True,True,1,0.35,True,13,cash_flow_issue,escalate_to_collections,False,True,True,True,False
inv_001107,cust_000966,2026-01-08T00:00:00,7731.46,45,7,False,27.2,False,True,0,0.43,True,12,chronic_late_payer,automated_reminder,False,False,False,False,False
inv_001108,cust_000654,2026-03-10T00:00:00,724414.91,45,5,False,18.4,True,True,0,1.54,False,10,chronic_late_payer,automated_reminder,False,False,False,False,False
inv_001109,cust_001186,2026-03-02T00:00:00,22171.61,5,7,False,27.1,False,True,0,0.86,True,10,chronic_late_payer,automated_reminder_with_payment_plan_offer,True,False,False,True,True
inv_001110,cust_000890,2026-02-14T00:00:00,63645.41,15,3,False,6.9,False,True,0,14.1,False,17,invoice_error,escalate_to_collections,False,False,False,False,False
inv_001111,cust_000118,2026-05-22T00:00:00,42808.11,60,4,True,5.8,True,True,1,2.14,True,11,dispute_pending,escalate_to_collections,False,False,False,False,False
inv_001112,cust_000509,2026-01-30T00:00:00,55995.5,1,3,False,25.8,True,True,0,1.5,False,10,chronic_late_payer,automated_reminder_with_payment_plan_offer,True,True,True,True,True
inv_001113,cust_000088,2026-05-31T00:00:00,18046.67,5,3,False,5.3,False,True,3,0.44,False,14,invoice_error,escalate_to_collections,False,False,False,False,False
inv_001114,cust_001355,2026-06-12T00:00:00,95901.66,5,2,True,7.0,True,False,0,15.5,True,12,dispute_pending,automated_reminder_with_payment_plan_offer,False,False,False,False,False
inv_001115,cust_001033,2026-01-30T00:00:00,515529.28,60,0,False,13.8,False,True,0,0.67,True,17,chronic_late_payer,do_nothing,False,False,True,True,True
inv_001116,cust_000832,2026-05-20T00:00:00,88402.48,90,4,False,11.3,True,False,0,8.94,False,11,invoice_error,escalate_to_collections,False,False,False,False,False
inv_001117,cust_001149,2026-04-25T00:00:00,23379.27,1,3,False,5.5,True,True,0,1.79,True,13,chronic_late_payer,automated_reminder,True,False,True,False,True
inv_001118,cust_001463,2026-03-19T00:00:00,14493.53,1,2,True,4.9,True,True,1,2.08,True,18,dispute_pending,automated_reminder_with_payment_plan_offer,False,False,False,False,False
inv_001119,cust_001185,2026-06-14T00:00:00,19577.25,5,3,False,13.8,True,True,0,0.79,True,12,chronic_late_payer,do_nothing,True,True,True,True,True
inv_001120,cust_000506,2026-06-23T00:00:00,35780.66,1,7,False,8.8,True,True,2,4.4,True,13,invoice_error,escalate_to_collections,False,False,False,False,False
inv_001121,cust_000701,2026-06-19T00:00:00,28846.32,5,7,False,13.0,False,True,0,0.75,False,12,chronic_late_payer,automated_reminder,True,False,True,True,True
inv_001122,cust_001465,2026-03-23T00:00:00,38799.78,30,1,True,7.8,True,False,1,8.05,False,12,dispute_pending,automated_reminder,False,False,False,False,False
inv_001123,cust_001060,2026-01-05T00:00:00,12383.11,30,3,False,10.2,True,False,0,1.24,True,10,cash_flow_issue,automated_reminder,False,False,False,True,True
inv_001124,cust_000662,2026-03-22T00:00:00,55516.76,60,0,False,7.2,False,True,0,0.88,True,17,cash_flow_issue,do_nothing,False,False,False,True,False
inv_001125,cust_000556,2026-05-12T00:00:00,1733738.95,30,7,False,10.5,True,True,0,14.44,False,11,invoice_error,automated_reminder_with_payment_plan_offer,False,False,False,False,False
inv_001126,cust_001377,2026-01-28T00:00:00,9027.67,1,0,False,13.1,False,True,0,8.89,True,12,dispute_pending,do_nothing,False,False,False,False,False
inv_001127,cust_001178,2026-02-16T00:00:00,50628.24,1,4,False,13.8,False,True,0,0.38,True,11,chronic_late_payer,escalate_to_collections,True,True,True,True,True
inv_001128,cust_001162,2026-05-15T00:00:00,8310.38,1,2,False,4.0,False,True,0,13.3,True,11,invoice_error,automated_reminder,False,False,False,False,False
inv_001129,cust_000053,2026-05-03T00:00:00,29798.25,1,4,False,12.2,True,True,0,0.32,True,9,chronic_late_payer,automated_reminder_with_payment_plan_offer,False,False,True,False,False
inv_001130,cust_001119,2026-01-18T00:00:00,10361.0,30,6,False,26.9,True,True,1,1.28,False,11,chronic_late_payer,escalate_to_collections,False,False,True,False,False
inv_001131,cust_000891,2026-06-01T00:00:00,20286.33,90,3,False,21.9,False,True,0,0.64,True,18,chronic_late_payer,do_nothing,True,True,True,True,True
inv_001132,cust_001254,2026-07-05T00:00:00,24918.9,60,8,False,14.2,False,True,0,2.01,True,12,chronic_late_payer,automated_reminder_with_payment_plan_offer,False,False,False,False,True
inv_001133,cust_000076,2026-01-09T00:00:00,42372.7,90,6,False,12.0,False,True,2,9.93,False,11,invoice_error,escalate_to_collections,False,False,False,False,False
inv_001134,cust_000724,2026-04-27T00:00:00,52931.96,1,1,False,4.4,True,True,0,1.02,True,18,cash_flow_issue,automated_reminder_with_payment_plan_offer,True,True,True,True,True
inv_001135,cust_001146,2026-05-23T00:00:00,226464.93,15,6,False,2.4,True,True,0,0.74,True,17,cash_flow_issue,automated_reminder_with_payment_plan_offer,True,False,False,True,False
inv_001136,cust_000577,2026-05-25T00:00:00,40200.87,30,8,False,23.5,False,True,0,0.94,True,14,chronic_late_payer,do_nothing,False,False,True,True,True
inv_001137,cust_000577,2026-03-02T00:00:00,65559.73,5,3,False,6.6,False,True,0,12.29,False,9,invoice_error,do_nothing,False,False,False,False,False
inv_001138,cust_000724,2026-04-29T00:00:00,71943.09,15,1,False,3.3,True,True,0,0.45,True,15,cash_flow_issue,do_nothing,False,False,True,True,True
inv_001139,cust_001412,2026-02-21T00:00:00,42580.48,15,3,False,4.8,True,True,0,2.0,True,12,cash_flow_issue,automated_reminder_with_payment_plan_offer,False,False,False,False,False
inv_001140,cust_001377,2026-02-05T00:00:00,9597.39,15,0,False,6.7,True,False,0,1.8,True,17,cash_flow_issue,escalate_to_collections,True,False,True,True,True
inv_001141,cust_000581,2026-04-30T00:00:00,78554.59,1,3,False,7.4,False,True,0,1.01,True,13,chronic_late_payer,automated_reminder_with_payment_plan_offer,False,False,False,False,True
inv_001142,cust_001182,2026-03-28T00:00:00,339085.29,60,5,False,4.2,True,True,0,0.53,True,15,cash_flow_issue,automated_reminder_with_payment_plan_offer,False,False,False,False,False
inv_001143,cust_000131,2026-02-01T00:00:00,44946.36,120,3,False,7.1,True,True,0,0.46,True,13,cash_flow_issue,automated_reminder_with_payment_plan_offer,False,False,False,False,False
inv_001144,cust_000023,2026-04-16T00:00:00,69918.94,30,5,False,29.1,False,True,0,0.95,False,14,chronic_late_payer,do_nothing,False,False,True,True,True
inv_001145,cust_000899,2026-03-11T00:00:00,132509.95,45,6,False,28.3,True,True,0,1.78,True,10,chronic_late_payer,escalate_to_collections,True,False,True,True,True
inv_001146,cust_001139,2026-04-20T00:00:00,39925.19,1,2,False,2.5,True,True,0,0.14,False,16,cash_flow_issue,automated_reminder_with_payment_plan_offer,False,True,False,False,False
inv_001147,cust_000305,2026-06-21T00:00:00,9804.28,5,5,False,17.5,True,True,1,0.09,False,18,chronic_late_payer,do_nothing,True,True,True,True,False
inv_001148,cust_001431,2026-05-28T00:00:00,30908.45,15,1,False,24.6,False,True,1,0.36,True,15,chronic_late_payer,escalate_to_collections,False,False,True,False,False
inv_001149,cust_000661,2026-01-26T00:00:00,21716.27,60,3,False,7.3,False,True,0,1.04,True,13,cash_flow_issue,automated_reminder,True,False,True,True,True
inv_001150,cust_000792,2026-01-21T00:00:00,11058.81,30,4,False,8.3,True,False,0,6.56,False,16,invoice_error,automated_reminder,False,False,False,False,False
inv_001151,cust_001420,2026-01-29T00:00:00,28226.08,45,4,False,18.5,True,True,1,0.07,True,11,chronic_late_payer,escalate_to_collections,False,False,False,False,False
inv_001152,cust_001288,2026-05-03T00:00:00,28918.71,30,4,False,17.4,True,True,0,1.9,True,10,cash_flow_issue,automated_reminder,False,False,False,True,False
inv_001153,cust_000377,2026-05-15T00:00:00,8659.62,15,5,False,21.8,False,True,0,0.03,False,12,chronic_late_payer,escalate_to_collections,False,False,False,False,False
inv_001154,cust_000069,2026-07-16T00:00:00,81912.41,5,8,False,28.6,False,True,0,0.52,True,10,chronic_late_payer,do_nothing,False,False,True,True,True
inv_001155,cust_000201,2026-01-11T00:00:00,13196.07,60,8,False,12.2,True,True,0,1.29,False,9,chronic_late_payer,escalate_to_collections,False,False,False,True,False
inv_001156,cust_000195,2026-05-01T00:00:00,115682.6,1,2,False,7.0,False,True,0,1.15,True,14,cash_flow_issue,automated_reminder_with_payment_plan_offer,True,False,True,True,False
inv_001157,cust_001439,2026-05-07T00:00:00,47583.63,90,5,False,17.8,True,True,0,0.2,False,12,chronic_late_payer,do_nothing,False,False,True,True,True
inv_001158,cust_000901,2026-06-25T00:00:00,43219.66,45,6,False,10.2,True,True,0,2.22,True,18,cash_flow_issue,escalate_to_collections,False,False,False,True,False
inv_001159,cust_001436,2026-06-19T00:00:00,141354.48,1,7,False,24.3,True,True,0,0.85,False,15,chronic_late_payer,automated_reminder_with_payment_plan_offer,True,False,True,True,True
inv_001160,cust_000010,2026-07-17T00:00:00,12630.37,15,0,False,6.2,True,True,0,0.76,True,17,cash_flow_issue,automated_reminder_with_payment_plan_offer,True,True,True,True,True
inv_001161,cust_000619,2026-01-04T00:00:00,1505259.1,15,3,False,9.3,False,True,1,0.14,True,15,cash_flow_issue,do_nothing,False,False,False,True,True
inv_001162,cust_000278,2026-02-02T00:00:00,152409.73,90,5,False,10.3,False,True,0,1.08,True,14,cash_flow_issue,automated_reminder,False,False,False,False,False
inv_001163,cust_000452,2026-01-22T00:00:00,68433.45,90,5,True,6.0,False,True,0,1.8,True,14,dispute_pending,automated_reminder_with_payment_plan_offer,False,False,False,False,False
inv_001164,cust_000035,2026-01-12T00:00:00,8086.34,120,3,False,5.4,True,True,0,0.66,False,14,cash_flow_issue,automated_reminder,True,False,True,True,True
inv_001165,cust_000724,2026-05-25T00:00:00,74558.66,15,3,False,17.9,True,True,0,0.31,True,13,chronic_late_payer,automated_reminder,True,False,True,True,False
inv_001166,cust_000006,2026-06-18T00:00:00,90580.64,120,7,False,11.9,False,True,1,3.73,True,15,dispute_pending,automated_reminder,False,False,False,False,False
inv_001167,cust_001033,2026-03-31T00:00:00,888394.17,90,0,False,0.2,False,True,0,0.71,False,15,invoice_error,do_nothing,False,False,False,False,False
inv_001168,cust_001382,2026-04-26T00:00:00,33904.27,15,2,True,1.5,False,True,0,6.21,False,10,dispute_pending,do_nothing,False,False,False,False,False
inv_001169,cust_000736,2026-06-18T00:00:00,42570.78,1,5,False,8.0,False,True,0,0.31,True,17,cash_flow_issue,automated_reminder,False,False,False,True,False
inv_001170,cust_001292,2026-05-06T00:00:00,34314.28,1,0,True,6.6,True,True,0,10.63,True,15,dispute_pending,escalate_to_collections,True,False,False,False,True
inv_001171,cust_000481,2026-01-05T00:00:00,26386.66,1,3,True,4.3,False,True,0,11.2,True,12,dispute_pending,automated_reminder_with_payment_plan_offer,False,False,False,False,False
inv_001172,cust_000917,2026-06-04T00:00:00,25423.57,1,5,False,5.9,True,True,0,0.39,True,17,cash_flow_issue,escalate_to_collections,False,False,False,False,False
inv_001173,cust_000149,2026-06-26T00:00:00,19124.79,15,0,True,6.4,False,True,0,5.25,False,12,dispute_pending,do_nothing,False,False,False,False,False
inv_001174,cust_000593,2026-05-21T00:00:00,58522.6,45,2,False,17.0,False,True,0,1.32,True,10,chronic_late_payer,automated_reminder,True,False,True,True,False
inv_001175,cust_001187,2026-04-04T00:00:00,33078.48,5,0,False,4.7,False,True,0,0.65,True,17,cash_flow_issue,do_nothing,True,True,True,True,False
inv_001176,cust_000270,2026-06-02T00:00:00,54959.4,15,4,False,12.9,False,True,0,0.39,False,17,cash_flow_issue,do_nothing,False,False,True,False,False
inv_001177,cust_001427,2026-01-03T00:00:00,17658.71,60,3,False,9.3,True,False,0,7.09,True,9,invoice_error,do_nothing,False,False,False,False,False
inv_001178,cust_000967,2026-04-02T00:00:00,9244.01,1,2,False,0.0,False,True,0,1.23,True,10,cash_flow_issue,escalate_to_collections,True,True,True,True,True
inv_001179,cust_000079,2026-04-03T00:00:00,23475.01,15,3,False,5.1,True,True,0,0.05,True,15,cash_flow_issue,automated_reminder,False,False,False,True,True
inv_001180,cust_001370,2026-03-27T00:00:00,13637.56,60,0,False,6.5,True,True,0,0.07,True,11,cash_flow_issue,automated_reminder_with_payment_plan_offer,False,False,False,False,False
inv_001181,cust_000162,2026-06-24T00:00:00,30265.13,90,0,False,0.0,False,True,2,15.62,False,12,invoice_error,escalate_to_collections,False,False,False,False,False
inv_001182,cust_000996,2026-01-24T00:00:00,22827.76,1,4,False,13.9,True,True,0,1.15,True,10,cash_flow_issue,escalate_to_collections,False,False,True,True,False
inv_001183,cust_001257,2026-01-16T00:00:00,785427.01,120,4,False,9.4,False,True,3,6.02,False,16,invoice_error,do_nothing,False,False,False,False,False
inv_001184,cust_000423,2026-04-13T00:00:00,9575.31,90,4,False,14.9,False,True,0,1.22,True,18,cash_flow_issue,automated_reminder_with_payment_plan_offer,False,False,False,False,True
inv_001185,cust_001149,2026-05-20T00:00:00,29827.17,45,3,False,12.5,True,True,0,0.5,True,11,cash_flow_issue,escalate_to_collections,False,False,True,False,False
inv_001186,cust_000189,2026-02-28T00:00:00,83129.6,1,4,False,29.5,False,True,0,1.17,True,15,chronic_late_payer,escalate_to_collections,True,True,False,True,True
inv_001187,cust_000581,2026-06-16T00:00:00,83751.03,1,6,False,9.9,True,True,0,1.44,True,16,cash_flow_issue,automated_reminder,True,True,True,False,True
inv_001188,cust_000023,2026-02-11T00:00:00,95607.62,30,4,False,10.3,True,True,0,1.06,False,18,chronic_late_payer,escalate_to_collections,True,True,True,True,True
inv_001189,cust_001499,2026-03-01T00:00:00,208642.37,15,5,False,19.9,False,True,0,0.25,False,10,chronic_late_payer,automated_reminder,True,True,True,True,True
inv_001190,cust_001465,2026-05-24T00:00:00,41773.25,15,4,False,29.3,True,True,0,0.43,True,14,chronic_late_payer,do_nothing,False,False,False,False,False
inv_001191,cust_000600,2026-02-22T00:00:00,16895.43,15,7,False,11.3,True,True,0,0.08,True,12,chronic_late_payer,automated_reminder,False,False,False,False,False
inv_001192,cust_000627,2026-02-25T00:00:00,6077.25,15,5,False,27.0,False,True,0,0.83,True,11,chronic_late_payer,escalate_to_collections,False,True,False,True,False
inv_001193,cust_001230,2026-01-25T00:00:00,214221.4,5,1,False,0.0,False,True,1,5.48,False,9,invoice_error,escalate_to_collections,False,True,True,True,False
inv_001194,cust_001095,2026-03-24T00:00:00,72847.17,45,0,True,2.5,True,False,0,4.69,True,13,dispute_pending,escalate_to_collections,False,False,False,False,False
inv_001195,cust_001352,2026-01-12T00:00:00,34608.08,30,5,True,7.3,True,True,1,8.65,True,17,dispute_pending,escalate_to_collections,True,False,False,False,True
inv_001196,cust_000600,2026-01-20T00:00:00,23575.82,1,3,True,7.2,False,True,0,3.2,True,12,dispute_pending,automated_reminder_with_payment_plan_offer,False,False,False,False,False
inv_001197,cust_000690,2026-04-25T00:00:00,93147.88,15,0,False,9.7,False,True,0,0.37,True,18,cash_flow_issue,automated_reminder,False,False,False,False,False
inv_001198,cust_000182,2026-04-14T00:00:00,1189464.54,5,9,False,11.0,False,True,2,8.71,False,11,invoice_error,do_nothing,False,False,False,False,False
inv_001199,cust_001296,2026-01-01T00:00:00,3947.88,5,5,False,10.0,True,True,0,0.1,False,14,cash_flow_issue,automated_reminder_with_payment_plan_offer,True,False,True,True,False
